0 verbose cli /usr/bin/node /usr/bin/npm
1 info using npm@10.9.8
2 info using node@v22.23.2
3 silly config load:file:/usr/lib/node_modules/npm/npmrc
4 silly config load:file:/home/sandbox/.npmrc
5 silly config load:file:/usr/etc/npmrc
6 verbose title npm install
7 verbose argv "install"
8 verbose logfile logs-max:10 dir:/home/sandbox/.npm/_logs/2026-08-05T14_08_37_582Z-
9 verbose logfile /home/sandbox/.npm/_logs/2026-08-05T14_08_37_582Z-debug-0.log
10 silly logfile done cleaning log files
11 silly packumentCache heap:1021313024 maxSize:255328256 maxEntrySize:127664128
12 silly idealTree buildDeps
13 silly fetch manifest next@16.0.0
14 silly packumentCache full:https://registry.npmjs.org/next cache-miss
15 http fetch GET 200 https://registry.npmjs.org/next 552ms (cache miss)
16 silly packumentCache full:https://registry.npmjs.org/next set size:undefined disposed:false
17 silly fetch manifest @opentelemetry/api@^1.1.0
18 silly packumentCache full:https://registry.npmjs.org/@opentelemetry%2fapi cache-miss
19 http fetch GET 200 https://registry.npmjs.org/@opentelemetry%2fapi 36ms (cache miss)
20 silly packumentCache full:https://registry.npmjs.org/@opentelemetry%2fapi set size:undefined disposed:false
21 silly fetch manifest @playwright/test@^1.51.1
22 silly packumentCache full:https://registry.npmjs.org/@playwright%2ftest cache-miss
23 http fetch GET 200 https://registry.npmjs.org/@playwright%2ftest 213ms (cache miss)
24 silly packumentCache full:https://registry.npmjs.org/@playwright%2ftest set size:undefined disposed:false
25 silly fetch manifest babel-plugin-react-compiler@*
26 silly packumentCache full:https://registry.npmjs.org/babel-plugin-react-compiler cache-miss
27 http fetch GET 200 https://registry.npmjs.org/babel-plugin-react-compiler 40ms (cache miss)
28 silly packumentCache full:https://registry.npmjs.org/babel-plugin-react-compiler set size:undefined disposed:false
29 silly fetch manifest react@19.2.0
30 silly packumentCache full:https://registry.npmjs.org/react cache-miss
31 http fetch GET 200 https://registry.npmjs.org/react 161ms (cache miss)
32 silly packumentCache full:https://registry.npmjs.org/react set size:undefined disposed:false
33 silly fetch manifest react-dom@19.2.0
34 silly packumentCache full:https://registry.npmjs.org/react-dom cache-miss
35 http fetch GET 200 https://registry.npmjs.org/react-dom 156ms (cache miss)
36 silly packumentCache full:https://registry.npmjs.org/react-dom set size:undefined disposed:false
37 silly fetch manifest sass@^1.3.0
38 silly packumentCache full:https://registry.npmjs.org/sass cache-miss
39 http fetch GET 200 https://registry.npmjs.org/sass 30ms (cache miss)
40 silly packumentCache full:https://registry.npmjs.org/sass set size:undefined disposed:false
41 silly fetch manifest @types/node@^22.0.0
42 silly packumentCache full:https://registry.npmjs.org/@types%2fnode cache-miss
43 http fetch GET 200 https://registry.npmjs.org/@types%2fnode 184ms (cache miss)
44 silly packumentCache full:https://registry.npmjs.org/@types%2fnode set size:undefined disposed:false
45 silly fetch manifest @types/react@^19.0.0
46 silly packumentCache full:https://registry.npmjs.org/@types%2freact cache-miss
47 http fetch GET 200 https://registry.npmjs.org/@types%2freact 79ms (cache miss)
48 silly packumentCache full:https://registry.npmjs.org/@types%2freact set size:undefined disposed:false
49 silly fetch manifest @types/react-dom@^19.0.0
50 silly packumentCache full:https://registry.npmjs.org/@types%2freact-dom cache-miss
51 http fetch GET 200 https://registry.npmjs.org/@types%2freact-dom 31ms (cache miss)
52 silly packumentCache full:https://registry.npmjs.org/@types%2freact-dom set size:undefined disposed:false
53 silly fetch manifest eslint@^9.0.0
54 silly packumentCache full:https://registry.npmjs.org/eslint cache-miss
55 http fetch GET 200 https://registry.npmjs.org/eslint 48ms (cache miss)
56 silly packumentCache full:https://registry.npmjs.org/eslint set size:undefined disposed:false
57 silly fetch manifest jiti@*
58 silly packumentCache full:https://registry.npmjs.org/jiti cache-miss
59 http fetch GET 200 https://registry.npmjs.org/jiti 26ms (cache miss)
60 silly packumentCache full:https://registry.npmjs.org/jiti set size:undefined disposed:false
61 silly fetch manifest eslint-config-next@16.0.0
62 silly packumentCache full:https://registry.npmjs.org/eslint-config-next cache-miss
63 http fetch GET 200 https://registry.npmjs.org/eslint-config-next 139ms (cache miss)
64 silly packumentCache full:https://registry.npmjs.org/eslint-config-next set size:undefined disposed:false
65 silly fetch manifest typescript@^5.0.0
66 silly packumentCache full:https://registry.npmjs.org/typescript cache-miss
67 http fetch GET 200 https://registry.npmjs.org/typescript 218ms (cache miss)
68 silly packumentCache full:https://registry.npmjs.org/typescript set size:undefined disposed:false
69 silly placeDep ROOT @types/node@22.20.1 OK for: tradelink-prototype@0.1.0 want: ^22.0.0
70 silly placeDep ROOT @types/react@19.2.18 OK for: tradelink-prototype@0.1.0 want: ^19.0.0
71 silly placeDep ROOT @types/react-dom@19.2.4 OK for: tradelink-prototype@0.1.0 want: ^19.0.0
72 silly placeDep ROOT eslint@9.39.5 OK for: tradelink-prototype@0.1.0 want: ^9.0.0
73 silly placeDep ROOT eslint-config-next@16.0.0 OK for: tradelink-prototype@0.1.0 want: 16.0.0
74 silly placeDep ROOT next@16.0.0 OK for: tradelink-prototype@0.1.0 want: 16.0.0
75 silly placeDep ROOT react@19.2.0 OK for: next@16.0.0 want: ^18.2.0 || 19.0.0-rc-de68d2f4-20241204 || ^19.0.0
76 silly placeDep ROOT react-dom@19.2.0 OK for: next@16.0.0 want: ^18.2.0 || 19.0.0-rc-de68d2f4-20241204 || ^19.0.0
77 silly placeDep ROOT typescript@5.9.3 OK for: tradelink-prototype@0.1.0 want: ^5.0.0
78 silly fetch manifest undici-types@~6.21.0
79 silly packumentCache full:https://registry.npmjs.org/undici-types cache-miss
80 http fetch GET 200 https://registry.npmjs.org/undici-types 27ms (cache miss)
81 silly packumentCache full:https://registry.npmjs.org/undici-types set size:undefined disposed:false
82 silly fetch manifest csstype@^3.2.2
83 silly packumentCache full:https://registry.npmjs.org/csstype cache-miss
84 http fetch GET 200 https://registry.npmjs.org/csstype 24ms (cache miss)
85 silly packumentCache full:https://registry.npmjs.org/csstype set size:undefined disposed:false
86 silly fetch manifest ajv@^6.14.0
87 silly packumentCache full:https://registry.npmjs.org/ajv cache-miss
88 http fetch GET 200 https://registry.npmjs.org/ajv 31ms (cache miss)
89 silly packumentCache full:https://registry.npmjs.org/ajv set size:undefined disposed:false
90 silly fetch manifest chalk@^4.0.0
91 silly packumentCache full:https://registry.npmjs.org/chalk cache-miss
92 http fetch GET 200 https://registry.npmjs.org/chalk 21ms (cache miss)
93 silly packumentCache full:https://registry.npmjs.org/chalk set size:undefined disposed:false
94 silly fetch manifest debug@^4.3.2
95 silly packumentCache full:https://registry.npmjs.org/debug cache-miss
96 http fetch GET 200 https://registry.npmjs.org/debug 19ms (cache miss)
97 silly packumentCache full:https://registry.npmjs.org/debug set size:undefined disposed:false
98 silly fetch manifest espree@^10.4.0
99 silly packumentCache full:https://registry.npmjs.org/espree cache-miss
100 http fetch GET 200 https://registry.npmjs.org/espree 24ms (cache miss)
101 silly packumentCache full:https://registry.npmjs.org/espree set size:undefined disposed:false
102 silly fetch manifest ignore@^5.2.0
103 silly packumentCache full:https://registry.npmjs.org/ignore cache-miss
104 http fetch GET 200 https://registry.npmjs.org/ignore 20ms (cache miss)
105 silly packumentCache full:https://registry.npmjs.org/ignore set size:undefined disposed:false
106 silly fetch manifest esquery@^1.5.0
107 silly packumentCache full:https://registry.npmjs.org/esquery cache-miss
108 http fetch GET 200 https://registry.npmjs.org/esquery 16ms (cache miss)
109 silly packumentCache full:https://registry.npmjs.org/esquery set size:undefined disposed:false
110 silly fetch manifest esutils@^2.0.2
111 silly packumentCache full:https://registry.npmjs.org/esutils cache-miss
112 http fetch GET 200 https://registry.npmjs.org/esutils 15ms (cache miss)
113 silly packumentCache full:https://registry.npmjs.org/esutils set size:undefined disposed:false
114 silly fetch manifest find-up@^5.0.0
115 silly packumentCache full:https://registry.npmjs.org/find-up cache-miss
116 http fetch GET 200 https://registry.npmjs.org/find-up 14ms (cache miss)
117 silly packumentCache full:https://registry.npmjs.org/find-up set size:undefined disposed:false
118 silly fetch manifest is-glob@^4.0.0
119 silly packumentCache full:https://registry.npmjs.org/is-glob cache-miss
120 http fetch GET 200 https://registry.npmjs.org/is-glob 18ms (cache miss)
121 silly packumentCache full:https://registry.npmjs.org/is-glob set size:undefined disposed:false
122 silly fetch manifest minimatch@^3.1.5
123 silly packumentCache full:https://registry.npmjs.org/minimatch cache-miss
124 http fetch GET 200 https://registry.npmjs.org/minimatch 24ms (cache miss)
125 silly packumentCache full:https://registry.npmjs.org/minimatch set size:undefined disposed:false
126 silly fetch manifest @eslint/js@9.39.5
127 silly packumentCache full:https://registry.npmjs.org/@eslint%2fjs cache-miss
128 http fetch GET 200 https://registry.npmjs.org/@eslint%2fjs 25ms (cache miss)
129 silly packumentCache full:https://registry.npmjs.org/@eslint%2fjs set size:undefined disposed:false
130 silly fetch manifest optionator@^0.9.3
131 silly packumentCache full:https://registry.npmjs.org/optionator cache-miss
132 http fetch GET 200 https://registry.npmjs.org/optionator 16ms (cache miss)
133 silly packumentCache full:https://registry.npmjs.org/optionator set size:undefined disposed:false
134 silly fetch manifest cross-spawn@^7.0.6
135 silly packumentCache full:https://registry.npmjs.org/cross-spawn cache-miss
136 http fetch GET 200 https://registry.npmjs.org/cross-spawn 18ms (cache miss)
137 silly packumentCache full:https://registry.npmjs.org/cross-spawn set size:undefined disposed:false
138 silly fetch manifest glob-parent@^6.0.2
139 silly packumentCache full:https://registry.npmjs.org/glob-parent cache-miss
140 http fetch GET 200 https://registry.npmjs.org/glob-parent 16ms (cache miss)
141 silly packumentCache full:https://registry.npmjs.org/glob-parent set size:undefined disposed:false
142 silly fetch manifest imurmurhash@^0.1.4
143 silly packumentCache full:https://registry.npmjs.org/imurmurhash cache-miss
144 http fetch GET 200 https://registry.npmjs.org/imurmurhash 14ms (cache miss)
145 silly packumentCache full:https://registry.npmjs.org/imurmurhash set size:undefined disposed:false
146 silly fetch manifest @eslint/core@^0.17.0
147 silly packumentCache full:https://registry.npmjs.org/@eslint%2fcore cache-miss
148 http fetch GET 200 https://registry.npmjs.org/@eslint%2fcore 28ms (cache miss)
149 silly packumentCache full:https://registry.npmjs.org/@eslint%2fcore set size:undefined disposed:false
150 silly fetch manifest eslint-scope@^8.4.0
151 silly packumentCache full:https://registry.npmjs.org/eslint-scope cache-miss
152 http fetch GET 200 https://registry.npmjs.org/eslint-scope 20ms (cache miss)
153 silly packumentCache full:https://registry.npmjs.org/eslint-scope set size:undefined disposed:false
154 silly fetch manifest lodash.merge@^4.6.2
155 silly packumentCache full:https://registry.npmjs.org/lodash.merge cache-miss
156 http fetch GET 200 https://registry.npmjs.org/lodash.merge 15ms (cache miss)
157 silly packumentCache full:https://registry.npmjs.org/lodash.merge set size:undefined disposed:false
158 silly fetch manifest @humanfs/node@^0.16.6
159 silly packumentCache full:https://registry.npmjs.org/@humanfs%2fnode cache-miss
160 http fetch GET 200 https://registry.npmjs.org/@humanfs%2fnode 25ms (cache miss)
161 silly packumentCache full:https://registry.npmjs.org/@humanfs%2fnode set size:undefined disposed:false
162 silly fetch manifest @types/estree@^1.0.6
163 silly packumentCache full:https://registry.npmjs.org/@types%2festree cache-miss
164 http fetch GET 200 https://registry.npmjs.org/@types%2festree 21ms (cache miss)
165 silly packumentCache full:https://registry.npmjs.org/@types%2festree set size:undefined disposed:false
166 silly fetch manifest fast-deep-equal@^3.1.3
167 silly packumentCache full:https://registry.npmjs.org/fast-deep-equal cache-miss
168 http fetch GET 200 https://registry.npmjs.org/fast-deep-equal 15ms (cache miss)
169 silly packumentCache full:https://registry.npmjs.org/fast-deep-equal set size:undefined disposed:false
170 silly fetch manifest natural-compare@^1.4.0
171 silly packumentCache full:https://registry.npmjs.org/natural-compare cache-miss
172 http fetch GET 200 https://registry.npmjs.org/natural-compare 16ms (cache miss)
173 silly packumentCache full:https://registry.npmjs.org/natural-compare set size:undefined disposed:false
174 silly fetch manifest @eslint/eslintrc@^3.3.6
175 silly packumentCache full:https://registry.npmjs.org/@eslint%2feslintrc cache-miss
176 http fetch GET 200 https://registry.npmjs.org/@eslint%2feslintrc 28ms (cache miss)
177 silly packumentCache full:https://registry.npmjs.org/@eslint%2feslintrc set size:undefined disposed:false
178 silly fetch manifest file-entry-cache@^8.0.0
179 silly packumentCache full:https://registry.npmjs.org/file-entry-cache cache-miss
180 http fetch GET 200 https://registry.npmjs.org/file-entry-cache 15ms (cache miss)
181 silly packumentCache full:https://registry.npmjs.org/file-entry-cache set size:undefined disposed:false
182 silly fetch manifest @eslint/plugin-kit@^0.4.1
183 silly packumentCache full:https://registry.npmjs.org/@eslint%2fplugin-kit cache-miss
184 http fetch GET 200 https://registry.npmjs.org/@eslint%2fplugin-kit 27ms (cache miss)
185 silly packumentCache full:https://registry.npmjs.org/@eslint%2fplugin-kit set size:undefined disposed:false
186 silly fetch manifest eslint-visitor-keys@^4.2.1
187 silly packumentCache full:https://registry.npmjs.org/eslint-visitor-keys cache-miss
188 http fetch GET 200 https://registry.npmjs.org/eslint-visitor-keys 16ms (cache miss)
189 silly packumentCache full:https://registry.npmjs.org/eslint-visitor-keys set size:undefined disposed:false
190 silly fetch manifest @eslint/config-array@^0.21.2
191 silly packumentCache full:https://registry.npmjs.org/@eslint%2fconfig-array cache-miss
192 http fetch GET 200 https://registry.npmjs.org/@eslint%2fconfig-array 25ms (cache miss)
193 silly packumentCache full:https://registry.npmjs.org/@eslint%2fconfig-array set size:undefined disposed:false
194 silly fetch manifest @humanwhocodes/retry@^0.4.2
195 silly packumentCache full:https://registry.npmjs.org/@humanwhocodes%2fretry cache-miss
196 http fetch GET 200 https://registry.npmjs.org/@humanwhocodes%2fretry 30ms (cache miss)
197 silly packumentCache full:https://registry.npmjs.org/@humanwhocodes%2fretry set size:undefined disposed:false
198 silly fetch manifest escape-string-regexp@^4.0.0
199 silly packumentCache full:https://registry.npmjs.org/escape-string-regexp cache-miss
200 http fetch GET 200 https://registry.npmjs.org/escape-string-regexp 16ms (cache miss)
201 silly packumentCache full:https://registry.npmjs.org/escape-string-regexp set size:undefined disposed:false
202 silly fetch manifest @eslint/config-helpers@^0.4.2
203 silly packumentCache full:https://registry.npmjs.org/@eslint%2fconfig-helpers cache-miss
204 http fetch GET 200 https://registry.npmjs.org/@eslint%2fconfig-helpers 26ms (cache miss)
205 silly packumentCache full:https://registry.npmjs.org/@eslint%2fconfig-helpers set size:undefined disposed:false
206 silly fetch manifest @eslint-community/regexpp@^4.12.1
207 silly packumentCache full:https://registry.npmjs.org/@eslint-community%2fregexpp cache-miss
208 http fetch GET 200 https://registry.npmjs.org/@eslint-community%2fregexpp 28ms (cache miss)
209 silly packumentCache full:https://registry.npmjs.org/@eslint-community%2fregexpp set size:undefined disposed:false
210 silly fetch manifest @eslint-community/eslint-utils@^4.8.0
211 silly packumentCache full:https://registry.npmjs.org/@eslint-community%2feslint-utils cache-miss
212 http fetch GET 200 https://registry.npmjs.org/@eslint-community%2feslint-utils 23ms (cache miss)
213 silly packumentCache full:https://registry.npmjs.org/@eslint-community%2feslint-utils set size:undefined disposed:false
214 silly fetch manifest @humanwhocodes/module-importer@^1.0.1
215 silly packumentCache full:https://registry.npmjs.org/@humanwhocodes%2fmodule-importer cache-miss
216 http fetch GET 200 https://registry.npmjs.org/@humanwhocodes%2fmodule-importer 23ms (cache miss)
217 silly packumentCache full:https://registry.npmjs.org/@humanwhocodes%2fmodule-importer set size:undefined disposed:false
218 silly fetch manifest json-stable-stringify-without-jsonify@^1.0.1
219 silly packumentCache full:https://registry.npmjs.org/json-stable-stringify-without-jsonify cache-miss
220 http fetch GET 200 https://registry.npmjs.org/json-stable-stringify-without-jsonify 15ms (cache miss)
221 silly packumentCache full:https://registry.npmjs.org/json-stable-stringify-without-jsonify set size:undefined disposed:false
222 silly fetch manifest globals@16.4.0
223 silly packumentCache full:https://registry.npmjs.org/globals cache-miss
224 http fetch GET 200 https://registry.npmjs.org/globals 22ms (cache miss)
225 silly packumentCache full:https://registry.npmjs.org/globals set size:undefined disposed:false
226 silly fetch manifest typescript-eslint@^8.46.0
227 silly packumentCache full:https://registry.npmjs.org/typescript-eslint cache-miss
228 http fetch GET 200 https://registry.npmjs.org/typescript-eslint 107ms (cache miss)
229 silly packumentCache full:https://registry.npmjs.org/typescript-eslint set size:undefined disposed:false
230 silly fetch manifest eslint-plugin-react@^7.37.0
231 silly packumentCache full:https://registry.npmjs.org/eslint-plugin-react cache-miss
232 http fetch GET 200 https://registry.npmjs.org/eslint-plugin-react 36ms (cache miss)
233 silly packumentCache full:https://registry.npmjs.org/eslint-plugin-react set size:undefined disposed:false
234 silly fetch manifest eslint-plugin-import@^2.32.0
235 silly packumentCache full:https://registry.npmjs.org/eslint-plugin-import cache-miss
236 http fetch GET 200 https://registry.npmjs.org/eslint-plugin-import 27ms (cache miss)
237 silly packumentCache full:https://registry.npmjs.org/eslint-plugin-import set size:undefined disposed:false
238 silly fetch manifest eslint-plugin-jsx-a11y@^6.10.0
239 silly packumentCache full:https://registry.npmjs.org/eslint-plugin-jsx-a11y cache-miss
240 http fetch GET 200 https://registry.npmjs.org/eslint-plugin-jsx-a11y 24ms (cache miss)
241 silly packumentCache full:https://registry.npmjs.org/eslint-plugin-jsx-a11y set size:undefined disposed:false
242 silly fetch manifest @next/eslint-plugin-next@16.0.0
243 silly packumentCache full:https://registry.npmjs.org/@next%2feslint-plugin-next cache-miss
244 http fetch GET 200 https://registry.npmjs.org/@next%2feslint-plugin-next 162ms (cache miss)
245 silly packumentCache full:https://registry.npmjs.org/@next%2feslint-plugin-next set size:undefined disposed:false
246 silly fetch manifest eslint-plugin-react-hooks@^7.0.0
247 silly packumentCache full:https://registry.npmjs.org/eslint-plugin-react-hooks cache-miss
248 http fetch GET 200 https://registry.npmjs.org/eslint-plugin-react-hooks 135ms (cache miss)
249 silly packumentCache full:https://registry.npmjs.org/eslint-plugin-react-hooks set size:undefined disposed:false
250 silly fetch manifest eslint-import-resolver-node@^0.3.6
251 silly packumentCache full:https://registry.npmjs.org/eslint-import-resolver-node cache-miss
252 http fetch GET 200 https://registry.npmjs.org/eslint-import-resolver-node 17ms (cache miss)
253 silly packumentCache full:https://registry.npmjs.org/eslint-import-resolver-node set size:undefined disposed:false
254 silly fetch manifest eslint-import-resolver-typescript@^3.5.2
255 silly packumentCache full:https://registry.npmjs.org/eslint-import-resolver-typescript cache-miss
256 http fetch GET 200 https://registry.npmjs.org/eslint-import-resolver-typescript 24ms (cache miss)
257 silly packumentCache full:https://registry.npmjs.org/eslint-import-resolver-typescript set size:undefined disposed:false
258 silly fetch manifest postcss@8.4.31
259 silly packumentCache full:https://registry.npmjs.org/postcss cache-miss
260 http fetch GET 200 https://registry.npmjs.org/postcss 32ms (cache miss)
261 silly packumentCache full:https://registry.npmjs.org/postcss set size:undefined disposed:false
262 silly fetch manifest @next/env@16.0.0
263 silly packumentCache full:https://registry.npmjs.org/@next%2fenv cache-miss
264 http fetch GET 200 https://registry.npmjs.org/@next%2fenv 138ms (cache miss)
265 silly packumentCache full:https://registry.npmjs.org/@next%2fenv set size:undefined disposed:false
266 silly fetch manifest styled-jsx@5.1.6
267 silly packumentCache full:https://registry.npmjs.org/styled-jsx cache-miss
268 http fetch GET 200 https://registry.npmjs.org/styled-jsx 26ms (cache miss)
269 silly packumentCache full:https://registry.npmjs.org/styled-jsx set size:undefined disposed:false
270 silly fetch manifest @swc/helpers@0.5.15
271 silly packumentCache full:https://registry.npmjs.org/@swc%2fhelpers cache-miss
272 http fetch GET 200 https://registry.npmjs.org/@swc%2fhelpers 38ms (cache miss)
273 silly packumentCache full:https://registry.npmjs.org/@swc%2fhelpers set size:undefined disposed:false
274 silly fetch manifest caniuse-lite@^1.0.30001579
275 silly packumentCache full:https://registry.npmjs.org/caniuse-lite cache-miss
276 http fetch GET 200 https://registry.npmjs.org/caniuse-lite 71ms (cache miss)
277 silly packumentCache full:https://registry.npmjs.org/caniuse-lite set size:undefined disposed:false
278 silly fetch manifest sharp@^0.34.4
279 silly packumentCache full:https://registry.npmjs.org/sharp cache-miss
280 http fetch GET 200 https://registry.npmjs.org/sharp 39ms (cache miss)
281 silly packumentCache full:https://registry.npmjs.org/sharp set size:undefined disposed:false
282 silly fetch manifest @next/swc-darwin-x64@16.0.0
283 silly packumentCache full:https://registry.npmjs.org/@next%2fswc-darwin-x64 cache-miss
284 http fetch GET 200 https://registry.npmjs.org/@next%2fswc-darwin-x64 128ms (cache miss)
285 silly packumentCache full:https://registry.npmjs.org/@next%2fswc-darwin-x64 set size:undefined disposed:false
286 silly fetch manifest @next/swc-darwin-arm64@16.0.0
287 silly packumentCache full:https://registry.npmjs.org/@next%2fswc-darwin-arm64 cache-miss
288 http fetch GET 200 https://registry.npmjs.org/@next%2fswc-darwin-arm64 137ms (cache miss)
289 silly packumentCache full:https://registry.npmjs.org/@next%2fswc-darwin-arm64 set size:undefined disposed:false
290 silly fetch manifest @next/swc-linux-x64-gnu@16.0.0
291 silly packumentCache full:https://registry.npmjs.org/@next%2fswc-linux-x64-gnu cache-miss
292 http fetch GET 200 https://registry.npmjs.org/@next%2fswc-linux-x64-gnu 149ms (cache miss)
293 silly packumentCache full:https://registry.npmjs.org/@next%2fswc-linux-x64-gnu set size:undefined disposed:false
294 silly fetch manifest @next/swc-linux-x64-musl@16.0.0
295 silly packumentCache full:https://registry.npmjs.org/@next%2fswc-linux-x64-musl cache-miss
296 http fetch GET 200 https://registry.npmjs.org/@next%2fswc-linux-x64-musl 131ms (cache miss)
297 silly packumentCache full:https://registry.npmjs.org/@next%2fswc-linux-x64-musl set size:undefined disposed:false
298 silly fetch manifest @next/swc-win32-x64-msvc@16.0.0
299 silly packumentCache full:https://registry.npmjs.org/@next%2fswc-win32-x64-msvc cache-miss
300 http fetch GET 200 https://registry.npmjs.org/@next%2fswc-win32-x64-msvc 148ms (cache miss)
301 silly packumentCache full:https://registry.npmjs.org/@next%2fswc-win32-x64-msvc set size:undefined disposed:false
302 silly fetch manifest @next/swc-linux-arm64-gnu@16.0.0
303 silly packumentCache full:https://registry.npmjs.org/@next%2fswc-linux-arm64-gnu cache-miss
304 http fetch GET 200 https://registry.npmjs.org/@next%2fswc-linux-arm64-gnu 159ms (cache miss)
305 silly packumentCache full:https://registry.npmjs.org/@next%2fswc-linux-arm64-gnu set size:undefined disposed:false
306 silly fetch manifest @next/swc-linux-arm64-musl@16.0.0
307 silly packumentCache full:https://registry.npmjs.org/@next%2fswc-linux-arm64-musl cache-miss
308 http fetch GET 200 https://registry.npmjs.org/@next%2fswc-linux-arm64-musl 141ms (cache miss)
309 silly packumentCache full:https://registry.npmjs.org/@next%2fswc-linux-arm64-musl set size:undefined disposed:false
310 silly fetch manifest @next/swc-win32-arm64-msvc@16.0.0
311 silly packumentCache full:https://registry.npmjs.org/@next%2fswc-win32-arm64-msvc cache-miss
312 http fetch GET 200 https://registry.npmjs.org/@next%2fswc-win32-arm64-msvc 146ms (cache miss)
313 silly packumentCache full:https://registry.npmjs.org/@next%2fswc-win32-arm64-msvc set size:undefined disposed:false
314 silly fetch manifest scheduler@^0.27.0
315 silly packumentCache full:https://registry.npmjs.org/scheduler cache-miss
316 http fetch GET 200 https://registry.npmjs.org/scheduler 153ms (cache miss)
317 silly packumentCache full:https://registry.npmjs.org/scheduler set size:undefined disposed:false
318 silly placeDep ROOT undici-types@6.21.0 OK for: @types/node@22.20.1 want: ~6.21.0
319 silly placeDep ROOT csstype@3.2.3 OK for: @types/react@19.2.18 want: ^3.2.2
320 silly fetch manifest eslint@^6.0.0 || ^7.0.0 || >=8.0.0
321 silly packumentCache full:https://registry.npmjs.org/eslint cache-miss
322 http cache https://registry.npmjs.org/eslint 20ms (cache hit)
323 silly packumentCache full:https://registry.npmjs.org/eslint set size:2040662 disposed:false
324 silly placeDep ROOT @eslint-community/eslint-utils@4.10.1 OK for: eslint@9.39.5 want: ^4.8.0
325 silly placeDep ROOT @eslint-community/regexpp@4.12.2 OK for: eslint@9.39.5 want: ^4.12.1
326 silly placeDep ROOT @eslint/config-array@0.21.2 OK for: eslint@9.39.5 want: ^0.21.2
327 silly placeDep ROOT @eslint/config-helpers@0.4.2 OK for: eslint@9.39.5 want: ^0.4.2
328 silly placeDep ROOT @eslint/core@0.17.0 OK for: eslint@9.39.5 want: ^0.17.0
329 silly placeDep ROOT @eslint/eslintrc@3.3.6 OK for: eslint@9.39.5 want: ^3.3.6
330 silly placeDep ROOT @eslint/js@9.39.5 OK for: eslint@9.39.5 want: 9.39.5
331 silly placeDep ROOT @eslint/plugin-kit@0.4.1 OK for: eslint@9.39.5 want: ^0.4.1
332 silly placeDep ROOT @humanfs/node@0.16.8 OK for: eslint@9.39.5 want: ^0.16.6
333 silly placeDep ROOT @humanwhocodes/module-importer@1.0.1 OK for: eslint@9.39.5 want: ^1.0.1
334 silly placeDep ROOT @humanwhocodes/retry@0.4.3 OK for: eslint@9.39.5 want: ^0.4.2
335 silly placeDep ROOT @types/estree@1.0.9 OK for: eslint@9.39.5 want: ^1.0.6
336 silly placeDep ROOT ajv@6.15.0 OK for: eslint@9.39.5 want: ^6.14.0
337 silly placeDep ROOT chalk@4.1.2 OK for: eslint@9.39.5 want: ^4.0.0
338 silly placeDep ROOT cross-spawn@7.0.6 OK for: eslint@9.39.5 want: ^7.0.6
339 silly placeDep ROOT debug@4.4.3 OK for: eslint@9.39.5 want: ^4.3.2
340 silly placeDep ROOT escape-string-regexp@4.0.0 OK for: eslint@9.39.5 want: ^4.0.0
341 silly placeDep ROOT eslint-scope@8.4.0 OK for: eslint@9.39.5 want: ^8.4.0
342 silly placeDep ROOT eslint-visitor-keys@4.2.1 OK for: eslint@9.39.5 want: ^4.2.1
343 silly placeDep ROOT espree@10.4.0 OK for: eslint@9.39.5 want: ^10.4.0
344 silly placeDep ROOT esquery@1.7.0 OK for: eslint@9.39.5 want: ^1.5.0
345 silly placeDep ROOT esutils@2.0.3 OK for: eslint@9.39.5 want: ^2.0.2
346 silly placeDep ROOT fast-deep-equal@3.1.3 OK for: eslint@9.39.5 want: ^3.1.3
347 silly placeDep ROOT file-entry-cache@8.0.0 OK for: eslint@9.39.5 want: ^8.0.0
348 silly placeDep ROOT find-up@5.0.0 OK for: eslint@9.39.5 want: ^5.0.0
349 silly placeDep ROOT glob-parent@6.0.2 OK for: eslint@9.39.5 want: ^6.0.2
350 silly placeDep ROOT ignore@5.3.2 OK for: eslint@9.39.5 want: ^5.2.0
351 silly placeDep ROOT imurmurhash@0.1.4 OK for: eslint@9.39.5 want: ^0.1.4
352 silly placeDep ROOT is-glob@4.0.3 OK for: eslint@9.39.5 want: ^4.0.0
353 silly placeDep ROOT json-stable-stringify-without-jsonify@1.0.1 OK for: eslint@9.39.5 want: ^1.0.1
354 silly placeDep ROOT lodash.merge@4.6.2 OK for: eslint@9.39.5 want: ^4.6.2
355 silly placeDep ROOT minimatch@3.1.5 OK for: eslint@9.39.5 want: ^3.1.5
356 silly placeDep ROOT natural-compare@1.4.0 OK for: eslint@9.39.5 want: ^1.4.0
357 silly placeDep ROOT optionator@0.9.4 OK for: eslint@9.39.5 want: ^0.9.3
358 silly fetch manifest eslint-visitor-keys@^3.4.3
359 silly packumentCache full:https://registry.npmjs.org/eslint-visitor-keys cache-miss
360 http cache https://registry.npmjs.org/eslint-visitor-keys 7ms (cache hit)
361 silly packumentCache full:https://registry.npmjs.org/eslint-visitor-keys set size:69949 disposed:false
362 silly fetch manifest debug@^4.3.1
363 silly packumentCache full:https://registry.npmjs.org/debug cache-miss
364 http cache https://registry.npmjs.org/debug 3ms (cache hit)
365 silly packumentCache full:https://registry.npmjs.org/debug set size:195840 disposed:false
366 silly fetch manifest @eslint/object-schema@^2.1.7
367 silly packumentCache full:https://registry.npmjs.org/@eslint%2fobject-schema cache-miss
368 http fetch GET 200 https://registry.npmjs.org/@eslint%2fobject-schema 25ms (cache miss)
369 silly packumentCache full:https://registry.npmjs.org/@eslint%2fobject-schema set size:undefined disposed:false
370 silly fetch manifest @types/json-schema@^7.0.15
371 silly packumentCache full:https://registry.npmjs.org/@types%2fjson-schema cache-miss
372 http fetch GET 200 https://registry.npmjs.org/@types%2fjson-schema 20ms (cache miss)
373 silly packumentCache full:https://registry.npmjs.org/@types%2fjson-schema set size:undefined disposed:false
374 silly fetch manifest espree@^10.0.1
375 silly packumentCache full:https://registry.npmjs.org/espree cache-miss
376 http cache https://registry.npmjs.org/espree 3ms (cache hit)
377 silly packumentCache full:https://registry.npmjs.org/espree set size:326080 disposed:false
378 silly fetch manifest globals@^14.0.0
379 silly packumentCache full:https://registry.npmjs.org/globals cache-miss
380 http cache https://registry.npmjs.org/globals 11ms (cache hit)
381 silly packumentCache full:https://registry.npmjs.org/globals set size:327383 disposed:false
382 silly fetch manifest import-fresh@^3.2.1
383 silly packumentCache full:https://registry.npmjs.org/import-fresh cache-miss
384 http fetch GET 200 https://registry.npmjs.org/import-fresh 15ms (cache miss)
385 silly packumentCache full:https://registry.npmjs.org/import-fresh set size:undefined disposed:false
386 silly fetch manifest js-yaml@^4.3.0
387 silly packumentCache full:https://registry.npmjs.org/js-yaml cache-miss
388 http fetch GET 200 https://registry.npmjs.org/js-yaml 24ms (cache miss)
389 silly packumentCache full:https://registry.npmjs.org/js-yaml set size:undefined disposed:false
390 silly fetch manifest strip-json-comments@^3.1.1
391 silly packumentCache full:https://registry.npmjs.org/strip-json-comments cache-miss
392 http fetch GET 200 https://registry.npmjs.org/strip-json-comments 14ms (cache miss)
393 silly packumentCache full:https://registry.npmjs.org/strip-json-comments set size:undefined disposed:false
394 silly fetch manifest levn@^0.4.1
395 silly packumentCache full:https://registry.npmjs.org/levn cache-miss
396 http fetch GET 200 https://registry.npmjs.org/levn 14ms (cache miss)
397 silly packumentCache full:https://registry.npmjs.org/levn set size:undefined disposed:false
398 silly fetch manifest @humanwhocodes/retry@^0.4.0
399 silly packumentCache full:https://registry.npmjs.org/@humanwhocodes%2fretry cache-miss
400 http cache https://registry.npmjs.org/@humanwhocodes%2fretry 3ms (cache hit)
401 silly packumentCache full:https://registry.npmjs.org/@humanwhocodes%2fretry set size:42348 disposed:false
402 silly fetch manifest @humanfs/core@^0.19.2
403 silly packumentCache full:https://registry.npmjs.org/@humanfs%2fcore cache-miss
404 http fetch GET 200 https://registry.npmjs.org/@humanfs%2fcore 23ms (cache miss)
405 silly packumentCache full:https://registry.npmjs.org/@humanfs%2fcore set size:undefined disposed:false
406 silly fetch manifest @humanfs/types@^0.15.0
407 silly packumentCache full:https://registry.npmjs.org/@humanfs%2ftypes cache-miss
408 http fetch GET 200 https://registry.npmjs.org/@humanfs%2ftypes 48ms (cache miss)
409 silly packumentCache full:https://registry.npmjs.org/@humanfs%2ftypes set size:undefined disposed:false
410 silly fetch manifest uri-js@^4.2.2
411 silly packumentCache full:https://registry.npmjs.org/uri-js cache-miss
412 http fetch GET 200 https://registry.npmjs.org/uri-js 19ms (cache miss)
413 silly packumentCache full:https://registry.npmjs.org/uri-js set size:undefined disposed:false
414 silly fetch manifest fast-deep-equal@^3.1.1
415 silly packumentCache full:https://registry.npmjs.org/fast-deep-equal cache-miss
416 http cache https://registry.npmjs.org/fast-deep-equal 3ms (cache hit)
417 silly packumentCache full:https://registry.npmjs.org/fast-deep-equal set size:48634 disposed:false
418 silly fetch manifest json-schema-traverse@^0.4.1
419 silly packumentCache full:https://registry.npmjs.org/json-schema-traverse cache-miss
420 http fetch GET 200 https://registry.npmjs.org/json-schema-traverse 35ms (cache miss)
421 silly packumentCache full:https://registry.npmjs.org/json-schema-traverse set size:undefined disposed:false
422 silly fetch manifest fast-json-stable-stringify@^2.0.0
423 silly packumentCache full:https://registry.npmjs.org/fast-json-stable-stringify cache-miss
424 http fetch GET 200 https://registry.npmjs.org/fast-json-stable-stringify 14ms (cache miss)
425 silly packumentCache full:https://registry.npmjs.org/fast-json-stable-stringify set size:undefined disposed:false
426 silly fetch manifest ansi-styles@^4.1.0
427 silly packumentCache full:https://registry.npmjs.org/ansi-styles cache-miss
428 http fetch GET 200 https://registry.npmjs.org/ansi-styles 15ms (cache miss)
429 silly packumentCache full:https://registry.npmjs.org/ansi-styles set size:undefined disposed:false
430 silly fetch manifest supports-color@^7.1.0
431 silly packumentCache full:https://registry.npmjs.org/supports-color cache-miss
432 http fetch GET 200 https://registry.npmjs.org/supports-color 19ms (cache miss)
433 silly packumentCache full:https://registry.npmjs.org/supports-color set size:undefined disposed:false
434 silly fetch manifest which@^2.0.1
435 silly packumentCache full:https://registry.npmjs.org/which cache-miss
436 http fetch GET 200 https://registry.npmjs.org/which 19ms (cache miss)
437 silly packumentCache full:https://registry.npmjs.org/which set size:undefined disposed:false
438 silly fetch manifest path-key@^3.1.0
439 silly packumentCache full:https://registry.npmjs.org/path-key cache-miss
440 http fetch GET 200 https://registry.npmjs.org/path-key 14ms (cache miss)
441 silly packumentCache full:https://registry.npmjs.org/path-key set size:undefined disposed:false
442 silly fetch manifest shebang-command@^2.0.0
443 silly packumentCache full:https://registry.npmjs.org/shebang-command cache-miss
444 http fetch GET 200 https://registry.npmjs.org/shebang-command 15ms (cache miss)
445 silly packumentCache full:https://registry.npmjs.org/shebang-command set size:undefined disposed:false
446 silly fetch manifest ms@^2.1.3
447 silly packumentCache full:https://registry.npmjs.org/ms cache-miss
448 http fetch GET 200 https://registry.npmjs.org/ms 18ms (cache miss)
449 silly packumentCache full:https://registry.npmjs.org/ms set size:undefined disposed:false
450 silly fetch manifest esrecurse@^4.3.0
451 silly packumentCache full:https://registry.npmjs.org/esrecurse cache-miss
452 http fetch GET 200 https://registry.npmjs.org/esrecurse 16ms (cache miss)
453 silly packumentCache full:https://registry.npmjs.org/esrecurse set size:undefined disposed:false
454 silly fetch manifest estraverse@^5.2.0
455 silly packumentCache full:https://registry.npmjs.org/estraverse cache-miss
456 http fetch GET 200 https://registry.npmjs.org/estraverse 16ms (cache miss)
457 silly packumentCache full:https://registry.npmjs.org/estraverse set size:undefined disposed:false
458 silly fetch manifest acorn@^8.15.0
459 silly packumentCache full:https://registry.npmjs.org/acorn cache-miss
460 http fetch GET 200 https://registry.npmjs.org/acorn 24ms (cache miss)
461 silly packumentCache full:https://registry.npmjs.org/acorn set size:undefined disposed:false
462 silly fetch manifest acorn-jsx@^5.3.2
463 silly packumentCache full:https://registry.npmjs.org/acorn-jsx cache-miss
464 http fetch GET 200 https://registry.npmjs.org/acorn-jsx 16ms (cache miss)
465 silly packumentCache full:https://registry.npmjs.org/acorn-jsx set size:undefined disposed:false
466 silly fetch manifest estraverse@^5.1.0
467 silly packumentCache full:https://registry.npmjs.org/estraverse cache-miss
468 http cache https://registry.npmjs.org/estraverse 2ms (cache hit)
469 silly packumentCache full:https://registry.npmjs.org/estraverse set size:62412 disposed:false
470 silly fetch manifest flat-cache@^4.0.0
471 silly packumentCache full:https://registry.npmjs.org/flat-cache cache-miss
472 http fetch GET 200 https://registry.npmjs.org/flat-cache 19ms (cache miss)
473 silly packumentCache full:https://registry.npmjs.org/flat-cache set size:undefined disposed:false
474 silly fetch manifest locate-path@^6.0.0
475 silly packumentCache full:https://registry.npmjs.org/locate-path cache-miss
476 http fetch GET 200 https://registry.npmjs.org/locate-path 14ms (cache miss)
477 silly packumentCache full:https://registry.npmjs.org/locate-path set size:undefined disposed:false
478 silly fetch manifest path-exists@^4.0.0
479 silly packumentCache full:https://registry.npmjs.org/path-exists cache-miss
480 http fetch GET 200 https://registry.npmjs.org/path-exists 14ms (cache miss)
481 silly packumentCache full:https://registry.npmjs.org/path-exists set size:undefined disposed:false
482 silly fetch manifest is-glob@^4.0.3
483 silly packumentCache full:https://registry.npmjs.org/is-glob cache-miss
484 http cache https://registry.npmjs.org/is-glob 5ms (cache hit)
485 silly packumentCache full:https://registry.npmjs.org/is-glob set size:40530 disposed:false
486 silly fetch manifest is-extglob@^2.1.1
487 silly packumentCache full:https://registry.npmjs.org/is-extglob cache-miss
488 http fetch GET 200 https://registry.npmjs.org/is-extglob 13ms (cache miss)
489 silly packumentCache full:https://registry.npmjs.org/is-extglob set size:undefined disposed:false
490 silly fetch manifest brace-expansion@^1.1.7
491 silly packumentCache full:https://registry.npmjs.org/brace-expansion cache-miss
492 http fetch GET 200 https://registry.npmjs.org/brace-expansion 16ms (cache miss)
493 silly packumentCache full:https://registry.npmjs.org/brace-expansion set size:undefined disposed:false
494 silly fetch manifest prelude-ls@^1.2.1
495 silly packumentCache full:https://registry.npmjs.org/prelude-ls cache-miss
496 http fetch GET 200 https://registry.npmjs.org/prelude-ls 14ms (cache miss)
497 silly packumentCache full:https://registry.npmjs.org/prelude-ls set size:undefined disposed:false
498 silly fetch manifest deep-is@^0.1.3
499 silly packumentCache full:https://registry.npmjs.org/deep-is cache-miss
500 http fetch GET 200 https://registry.npmjs.org/deep-is 14ms (cache miss)
501 silly packumentCache full:https://registry.npmjs.org/deep-is set size:undefined disposed:false
502 silly fetch manifest word-wrap@^1.2.5
503 silly packumentCache full:https://registry.npmjs.org/word-wrap cache-miss
504 http fetch GET 200 https://registry.npmjs.org/word-wrap 14ms (cache miss)
505 silly packumentCache full:https://registry.npmjs.org/word-wrap set size:undefined disposed:false
506 silly fetch manifest type-check@^0.4.0
507 silly packumentCache full:https://registry.npmjs.org/type-check cache-miss
508 http fetch GET 200 https://registry.npmjs.org/type-check 15ms (cache miss)
509 silly packumentCache full:https://registry.npmjs.org/type-check set size:undefined disposed:false
510 silly fetch manifest fast-levenshtein@^2.0.6
511 silly packumentCache full:https://registry.npmjs.org/fast-levenshtein cache-miss
512 http fetch GET 200 https://registry.npmjs.org/fast-levenshtein 14ms (cache miss)
513 silly packumentCache full:https://registry.npmjs.org/fast-levenshtein set size:undefined disposed:false
514 silly placeDep node_modules/@eslint-community/eslint-utils eslint-visitor-keys@3.4.3 OK for: @eslint-community/eslint-utils@4.10.1 want: ^3.4.3
515 silly placeDep ROOT @eslint/object-schema@2.1.7 OK for: @eslint/config-array@0.21.2 want: ^2.1.7
516 silly placeDep ROOT @types/json-schema@7.0.15 OK for: @eslint/core@0.17.0 want: ^7.0.15
517 silly placeDep ROOT globals@14.0.0 OK for: @eslint/eslintrc@3.3.6 want: ^14.0.0
518 silly placeDep ROOT import-fresh@3.3.1 OK for: @eslint/eslintrc@3.3.6 want: ^3.2.1
519 silly placeDep ROOT js-yaml@4.3.1 OK for: @eslint/eslintrc@3.3.6 want: ^4.3.0
520 silly placeDep ROOT strip-json-comments@3.1.1 OK for: @eslint/eslintrc@3.3.6 want: ^3.1.1
521 silly fetch manifest resolve-from@^4.0.0
522 silly packumentCache full:https://registry.npmjs.org/resolve-from cache-miss
523 http fetch GET 200 https://registry.npmjs.org/resolve-from 16ms (cache miss)
524 silly packumentCache full:https://registry.npmjs.org/resolve-from set size:undefined disposed:false
525 silly fetch manifest parent-module@^1.0.0
526 silly packumentCache full:https://registry.npmjs.org/parent-module cache-miss
527 http fetch GET 200 https://registry.npmjs.org/parent-module 15ms (cache miss)
528 silly packumentCache full:https://registry.npmjs.org/parent-module set size:undefined disposed:false
529 silly fetch manifest argparse@^2.0.1
530 silly packumentCache full:https://registry.npmjs.org/argparse cache-miss
531 http fetch GET 200 https://registry.npmjs.org/argparse 14ms (cache miss)
532 silly packumentCache full:https://registry.npmjs.org/argparse set size:undefined disposed:false
533 silly placeDep ROOT levn@0.4.1 OK for: @eslint/plugin-kit@0.4.1 want: ^0.4.1
534 silly fetch manifest type-check@~0.4.0
535 silly packumentCache full:https://registry.npmjs.org/type-check cache-miss
536 http cache https://registry.npmjs.org/type-check 15ms (cache hit)
537 silly packumentCache full:https://registry.npmjs.org/type-check set size:21221 disposed:false
538 silly placeDep ROOT @humanfs/core@0.19.2 OK for: @humanfs/node@0.16.8 want: ^0.19.2
539 silly placeDep ROOT @humanfs/types@0.15.0 OK for: @humanfs/node@0.16.8 want: ^0.15.0
540 silly placeDep ROOT fast-json-stable-stringify@2.1.0 OK for: ajv@6.15.0 want: ^2.0.0
541 silly placeDep ROOT json-schema-traverse@0.4.1 OK for: ajv@6.15.0 want: ^0.4.1
542 silly placeDep ROOT uri-js@4.4.1 OK for: ajv@6.15.0 want: ^4.2.2
543 silly fetch manifest punycode@^2.1.0
544 silly packumentCache full:https://registry.npmjs.org/punycode cache-miss
545 http fetch GET 200 https://registry.npmjs.org/punycode 16ms (cache miss)
546 silly packumentCache full:https://registry.npmjs.org/punycode set size:undefined disposed:false
547 silly placeDep ROOT ansi-styles@4.3.0 OK for: chalk@4.1.2 want: ^4.1.0
548 silly placeDep ROOT supports-color@7.2.0 OK for: chalk@4.1.2 want: ^7.1.0
549 silly fetch manifest color-convert@^2.0.1
550 silly packumentCache full:https://registry.npmjs.org/color-convert cache-miss
551 http fetch GET 200 https://registry.npmjs.org/color-convert 15ms (cache miss)
552 silly packumentCache full:https://registry.npmjs.org/color-convert set size:undefined disposed:false
553 silly fetch manifest has-flag@^4.0.0
554 silly packumentCache full:https://registry.npmjs.org/has-flag cache-miss
555 http fetch GET 200 https://registry.npmjs.org/has-flag 13ms (cache miss)
556 silly packumentCache full:https://registry.npmjs.org/has-flag set size:undefined disposed:false
557 silly placeDep ROOT color-convert@2.0.1 OK for: ansi-styles@4.3.0 want: ^2.0.1
558 silly fetch manifest color-name@~1.1.4
559 silly packumentCache full:https://registry.npmjs.org/color-name cache-miss
560 http fetch GET 200 https://registry.npmjs.org/color-name 14ms (cache miss)
561 silly packumentCache full:https://registry.npmjs.org/color-name set size:undefined disposed:false
562 silly placeDep ROOT color-name@1.1.4 OK for: color-convert@2.0.1 want: ~1.1.4
563 silly placeDep ROOT path-key@3.1.1 OK for: cross-spawn@7.0.6 want: ^3.1.0
564 silly placeDep ROOT shebang-command@2.0.0 OK for: cross-spawn@7.0.6 want: ^2.0.0
565 silly placeDep ROOT which@2.0.2 OK for: cross-spawn@7.0.6 want: ^2.0.1
566 silly fetch manifest shebang-regex@^3.0.0
567 silly packumentCache full:https://registry.npmjs.org/shebang-regex cache-miss
568 http fetch GET 200 https://registry.npmjs.org/shebang-regex 21ms (cache miss)
569 silly packumentCache full:https://registry.npmjs.org/shebang-regex set size:undefined disposed:false
570 silly fetch manifest isexe@^2.0.0
571 silly packumentCache full:https://registry.npmjs.org/isexe cache-miss
572 http fetch GET 200 https://registry.npmjs.org/isexe 18ms (cache miss)
573 silly packumentCache full:https://registry.npmjs.org/isexe set size:undefined disposed:false
574 silly placeDep ROOT ms@2.1.3 OK for: debug@4.4.3 want: ^2.1.3
575 silly fetch manifest eslint@>=9.0.0
576 silly packumentCache full:https://registry.npmjs.org/eslint cache-miss
577 http cache https://registry.npmjs.org/eslint 7ms (cache hit)
578 silly packumentCache full:https://registry.npmjs.org/eslint set size:2040662 disposed:false
579 silly fetch manifest typescript@>=3.3.1
580 silly packumentCache full:https://registry.npmjs.org/typescript cache-miss
581 http cache https://registry.npmjs.org/typescript 46ms (cache hit)
582 silly packumentCache full:https://registry.npmjs.org/typescript set size:15518138 disposed:false
583 silly fetch manifest typescript@>=4.8.4 <6.1.0
584 silly packumentCache full:https://registry.npmjs.org/typescript cache-miss
585 http cache https://registry.npmjs.org/typescript 51ms (cache hit)
586 silly packumentCache full:https://registry.npmjs.org/typescript set size:15518138 disposed:false
587 silly fetch manifest eslint@^3 || ^4 || ^5 || ^6 || ^7 || ^8 || ^9.7
588 silly packumentCache full:https://registry.npmjs.org/eslint cache-miss
589 http cache https://registry.npmjs.org/eslint 7ms (cache hit)
590 silly packumentCache full:https://registry.npmjs.org/eslint set size:2040662 disposed:false
591 silly fetch manifest eslint@^2 || ^3 || ^4 || ^5 || ^6 || ^7.2.0 || ^8 || ^9
592 silly packumentCache full:https://registry.npmjs.org/eslint cache-miss
593 http cache https://registry.npmjs.org/eslint 6ms (cache hit)
594 silly packumentCache full:https://registry.npmjs.org/eslint set size:2040662 disposed:false
595 silly fetch manifest eslint@^3 || ^4 || ^5 || ^6 || ^7 || ^8 || ^9
596 silly packumentCache full:https://registry.npmjs.org/eslint cache-miss
597 http cache https://registry.npmjs.org/eslint 6ms (cache hit)
598 silly packumentCache full:https://registry.npmjs.org/eslint set size:2040662 disposed:false
599 silly fetch manifest eslint-plugin-import-x@*
600 silly packumentCache full:https://registry.npmjs.org/eslint-plugin-import-x cache-miss
601 http fetch GET 200 https://registry.npmjs.org/eslint-plugin-import-x 24ms (cache miss)
602 silly packumentCache full:https://registry.npmjs.org/eslint-plugin-import-x set size:undefined disposed:false
603 silly fetch manifest @typescript-eslint/utils@^8.56.0
604 silly packumentCache full:https://registry.npmjs.org/@typescript-eslint%2futils cache-miss
605 http fetch GET 200 https://registry.npmjs.org/@typescript-eslint%2futils 241ms (cache miss)
606 silly packumentCache full:https://registry.npmjs.org/@typescript-eslint%2futils set size:undefined disposed:false
607 silly placeDep ROOT @next/eslint-plugin-next@16.0.0 OK for: eslint-config-next@16.0.0 want: 16.0.0
608 silly placeDep ROOT eslint-import-resolver-node@0.3.10 OK for: eslint-config-next@16.0.0 want: ^0.3.6
609 silly placeDep ROOT eslint-import-resolver-typescript@3.10.1 OK for: eslint-config-next@16.0.0 want: ^3.5.2
610 silly placeDep ROOT eslint-plugin-import@2.32.0 OK for: eslint-config-next@16.0.0 want: ^2.32.0
611 silly placeDep ROOT eslint-plugin-jsx-a11y@6.10.2 OK for: eslint-config-next@16.0.0 want: ^6.10.0
612 silly placeDep ROOT eslint-plugin-react@7.37.5 OK for: eslint-config-next@16.0.0 want: ^7.37.0
613 silly placeDep ROOT eslint-plugin-react-hooks@7.1.1 OK for: eslint-config-next@16.0.0 want: ^7.0.0
614 silly placeDep node_modules/eslint-config-next globals@16.4.0 OK for: eslint-config-next@16.0.0 want: 16.4.0
615 silly placeDep ROOT typescript-eslint@8.66.0 OK for: eslint-config-next@16.0.0 want: ^8.46.0
616 silly fetch manifest fast-glob@3.3.1
617 silly packumentCache full:https://registry.npmjs.org/fast-glob cache-miss
618 http fetch GET 200 https://registry.npmjs.org/fast-glob 21ms (cache miss)
619 silly packumentCache full:https://registry.npmjs.org/fast-glob set size:undefined disposed:false
620 silly fetch manifest debug@^3.2.7
621 silly packumentCache full:https://registry.npmjs.org/debug cache-hit
622 silly fetch manifest resolve@^2.0.0-next.6
623 silly packumentCache full:https://registry.npmjs.org/resolve cache-miss
624 http fetch GET 200 https://registry.npmjs.org/resolve 20ms (cache miss)
625 silly packumentCache full:https://registry.npmjs.org/resolve set size:undefined disposed:false
626 silly fetch manifest is-core-module@^2.16.1
627 silly packumentCache full:https://registry.npmjs.org/is-core-module cache-miss
628 http fetch GET 200 https://registry.npmjs.org/is-core-module 16ms (cache miss)
629 silly packumentCache full:https://registry.npmjs.org/is-core-module set size:undefined disposed:false
630 silly fetch manifest tinyglobby@^0.2.13
631 silly packumentCache full:https://registry.npmjs.org/tinyglobby cache-miss
632 http fetch GET 200 https://registry.npmjs.org/tinyglobby 14ms (cache miss)
633 silly packumentCache full:https://registry.npmjs.org/tinyglobby set size:undefined disposed:false
634 silly fetch manifest stable-hash@^0.0.5
635 silly packumentCache full:https://registry.npmjs.org/stable-hash cache-miss
636 http fetch GET 200 https://registry.npmjs.org/stable-hash 14ms (cache miss)
637 silly packumentCache full:https://registry.npmjs.org/stable-hash set size:undefined disposed:false
638 silly fetch manifest get-tsconfig@^4.10.0
639 silly packumentCache full:https://registry.npmjs.org/get-tsconfig cache-miss
640 http fetch GET 200 https://registry.npmjs.org/get-tsconfig 18ms (cache miss)
641 silly packumentCache full:https://registry.npmjs.org/get-tsconfig set size:undefined disposed:false
642 silly fetch manifest is-bun-module@^2.0.0
643 silly packumentCache full:https://registry.npmjs.org/is-bun-module cache-miss
644 http fetch GET 200 https://registry.npmjs.org/is-bun-module 15ms (cache miss)
645 silly packumentCache full:https://registry.npmjs.org/is-bun-module set size:undefined disposed:false
646 silly fetch manifest unrs-resolver@^1.6.2
647 silly packumentCache full:https://registry.npmjs.org/unrs-resolver cache-miss
648 http fetch GET 200 https://registry.npmjs.org/unrs-resolver 17ms (cache miss)
649 silly packumentCache full:https://registry.npmjs.org/unrs-resolver set size:undefined disposed:false
650 silly fetch manifest @nolyfill/is-core-module@1.0.39
651 silly packumentCache full:https://registry.npmjs.org/@nolyfill%2fis-core-module cache-miss
652 http fetch GET 200 https://registry.npmjs.org/@nolyfill%2fis-core-module 36ms (cache miss)
653 silly packumentCache full:https://registry.npmjs.org/@nolyfill%2fis-core-module set size:undefined disposed:false
654 silly fetch manifest @rtsao/scc@^1.1.0
655 silly packumentCache full:https://registry.npmjs.org/@rtsao%2fscc cache-miss
656 http fetch GET 200 https://registry.npmjs.org/@rtsao%2fscc 24ms (cache miss)
657 silly packumentCache full:https://registry.npmjs.org/@rtsao%2fscc set size:undefined disposed:false
658 silly fetch manifest array-includes@^3.1.9
659 silly packumentCache full:https://registry.npmjs.org/array-includes cache-miss
660 http fetch GET 200 https://registry.npmjs.org/array-includes 15ms (cache miss)
661 silly packumentCache full:https://registry.npmjs.org/array-includes set size:undefined disposed:false
662 silly fetch manifest array.prototype.findlastindex@^1.2.6
663 silly packumentCache full:https://registry.npmjs.org/array.prototype.findlastindex cache-miss
664 http fetch GET 200 https://registry.npmjs.org/array.prototype.findlastindex 15ms (cache miss)
665 silly packumentCache full:https://registry.npmjs.org/array.prototype.findlastindex set size:undefined disposed:false
666 silly fetch manifest array.prototype.flat@^1.3.3
667 silly packumentCache full:https://registry.npmjs.org/array.prototype.flat cache-miss
668 http fetch GET 200 https://registry.npmjs.org/array.prototype.flat 15ms (cache miss)
669 silly packumentCache full:https://registry.npmjs.org/array.prototype.flat set size:undefined disposed:false
670 silly fetch manifest array.prototype.flatmap@^1.3.3
671 silly packumentCache full:https://registry.npmjs.org/array.prototype.flatmap cache-miss
672 http fetch GET 200 https://registry.npmjs.org/array.prototype.flatmap 15ms (cache miss)
673 silly packumentCache full:https://registry.npmjs.org/array.prototype.flatmap set size:undefined disposed:false
674 silly fetch manifest doctrine@^2.1.0
675 silly packumentCache full:https://registry.npmjs.org/doctrine cache-miss
676 http fetch GET 200 https://registry.npmjs.org/doctrine 15ms (cache miss)
677 silly packumentCache full:https://registry.npmjs.org/doctrine set size:undefined disposed:false
678 silly fetch manifest eslint-module-utils@^2.12.1
679 silly packumentCache full:https://registry.npmjs.org/eslint-module-utils cache-miss
680 http fetch GET 200 https://registry.npmjs.org/eslint-module-utils 20ms (cache miss)
681 silly packumentCache full:https://registry.npmjs.org/eslint-module-utils set size:undefined disposed:false
682 silly fetch manifest hasown@^2.0.2
683 silly packumentCache full:https://registry.npmjs.org/hasown cache-miss
684 http fetch GET 200 https://registry.npmjs.org/hasown 14ms (cache miss)
685 silly packumentCache full:https://registry.npmjs.org/hasown set size:undefined disposed:false
686 silly fetch manifest object.fromentries@^2.0.8
687 silly packumentCache full:https://registry.npmjs.org/object.fromentries cache-miss
688 http fetch GET 200 https://registry.npmjs.org/object.fromentries 16ms (cache miss)
689 silly packumentCache full:https://registry.npmjs.org/object.fromentries set size:undefined disposed:false
690 silly fetch manifest object.groupby@^1.0.3
691 silly packumentCache full:https://registry.npmjs.org/object.groupby cache-miss
692 http fetch GET 200 https://registry.npmjs.org/object.groupby 13ms (cache miss)
693 silly packumentCache full:https://registry.npmjs.org/object.groupby set size:undefined disposed:false
694 silly fetch manifest object.values@^1.2.1
695 silly packumentCache full:https://registry.npmjs.org/object.values cache-miss
696 http fetch GET 200 https://registry.npmjs.org/object.values 15ms (cache miss)
697 silly packumentCache full:https://registry.npmjs.org/object.values set size:undefined disposed:false
698 silly fetch manifest semver@^6.3.1
699 silly packumentCache full:https://registry.npmjs.org/semver cache-miss
700 http fetch GET 200 https://registry.npmjs.org/semver 22ms (cache miss)
701 silly packumentCache full:https://registry.npmjs.org/semver set size:undefined disposed:false
702 silly fetch manifest string.prototype.trimend@^1.0.9
703 silly packumentCache full:https://registry.npmjs.org/string.prototype.trimend cache-miss
704 http fetch GET 200 https://registry.npmjs.org/string.prototype.trimend 15ms (cache miss)
705 silly packumentCache full:https://registry.npmjs.org/string.prototype.trimend set size:undefined disposed:false
706 silly fetch manifest tsconfig-paths@^3.15.0
707 silly packumentCache full:https://registry.npmjs.org/tsconfig-paths cache-miss
708 http fetch GET 200 https://registry.npmjs.org/tsconfig-paths 18ms (cache miss)
709 silly packumentCache full:https://registry.npmjs.org/tsconfig-paths set size:undefined disposed:false
710 silly fetch manifest aria-query@^5.3.2
711 silly packumentCache full:https://registry.npmjs.org/aria-query cache-miss
712 http fetch GET 200 https://registry.npmjs.org/aria-query 18ms (cache miss)
713 silly packumentCache full:https://registry.npmjs.org/aria-query set size:undefined disposed:false
714 silly fetch manifest array-includes@^3.1.8
715 silly packumentCache full:https://registry.npmjs.org/array-includes cache-miss
716 http cache https://registry.npmjs.org/array-includes 2ms (cache hit)
717 silly packumentCache full:https://registry.npmjs.org/array-includes set size:77143 disposed:false
718 silly fetch manifest array.prototype.flatmap@^1.3.2
719 silly packumentCache full:https://registry.npmjs.org/array.prototype.flatmap cache-miss
720 http cache https://registry.npmjs.org/array.prototype.flatmap 3ms (cache hit)
721 silly packumentCache full:https://registry.npmjs.org/array.prototype.flatmap set size:51458 disposed:false
722 silly fetch manifest ast-types-flow@^0.0.8
723 silly packumentCache full:https://registry.npmjs.org/ast-types-flow cache-miss
724 http fetch GET 200 https://registry.npmjs.org/ast-types-flow 14ms (cache miss)
725 silly packumentCache full:https://registry.npmjs.org/ast-types-flow set size:undefined disposed:false
726 silly fetch manifest axe-core@^4.10.0
727 silly packumentCache full:https://registry.npmjs.org/axe-core cache-miss
728 http fetch GET 200 https://registry.npmjs.org/axe-core 143ms (cache miss)
729 silly packumentCache full:https://registry.npmjs.org/axe-core set size:undefined disposed:false
730 silly fetch manifest axobject-query@^4.1.0
731 silly packumentCache full:https://registry.npmjs.org/axobject-query cache-miss
732 http fetch GET 200 https://registry.npmjs.org/axobject-query 18ms (cache miss)
733 silly packumentCache full:https://registry.npmjs.org/axobject-query set size:undefined disposed:false
734 silly fetch manifest damerau-levenshtein@^1.0.8
735 silly packumentCache full:https://registry.npmjs.org/damerau-levenshtein cache-miss
736 http fetch GET 200 https://registry.npmjs.org/damerau-levenshtein 14ms (cache miss)
737 silly packumentCache full:https://registry.npmjs.org/damerau-levenshtein set size:undefined disposed:false
738 silly fetch manifest emoji-regex@^9.2.2
739 silly packumentCache full:https://registry.npmjs.org/emoji-regex cache-miss
740 http fetch GET 200 https://registry.npmjs.org/emoji-regex 17ms (cache miss)
741 silly packumentCache full:https://registry.npmjs.org/emoji-regex set size:undefined disposed:false
742 silly fetch manifest jsx-ast-utils@^3.3.5
743 silly packumentCache full:https://registry.npmjs.org/jsx-ast-utils cache-miss
744 http fetch GET 200 https://registry.npmjs.org/jsx-ast-utils 20ms (cache miss)
745 silly packumentCache full:https://registry.npmjs.org/jsx-ast-utils set size:undefined disposed:false
746 silly fetch manifest language-tags@^1.0.9
747 silly packumentCache full:https://registry.npmjs.org/language-tags cache-miss
748 http fetch GET 200 https://registry.npmjs.org/language-tags 17ms (cache miss)
749 silly packumentCache full:https://registry.npmjs.org/language-tags set size:undefined disposed:false
750 silly fetch manifest safe-regex-test@^1.0.3
751 silly packumentCache full:https://registry.npmjs.org/safe-regex-test cache-miss
752 http fetch GET 200 https://registry.npmjs.org/safe-regex-test 16ms (cache miss)
753 silly packumentCache full:https://registry.npmjs.org/safe-regex-test set size:undefined disposed:false
754 silly fetch manifest string.prototype.includes@^2.0.1
755 silly packumentCache full:https://registry.npmjs.org/string.prototype.includes cache-miss
756 http fetch GET 200 https://registry.npmjs.org/string.prototype.includes 14ms (cache miss)
757 silly packumentCache full:https://registry.npmjs.org/string.prototype.includes set size:undefined disposed:false
758 silly fetch manifest array.prototype.findlast@^1.2.5
759 silly packumentCache full:https://registry.npmjs.org/array.prototype.findlast cache-miss
760 http fetch GET 200 https://registry.npmjs.org/array.prototype.findlast 15ms (cache miss)
761 silly packumentCache full:https://registry.npmjs.org/array.prototype.findlast set size:undefined disposed:false
762 silly fetch manifest array.prototype.tosorted@^1.1.4
763 silly packumentCache full:https://registry.npmjs.org/array.prototype.tosorted cache-miss
764 http fetch GET 200 https://registry.npmjs.org/array.prototype.tosorted 14ms (cache miss)
765 silly packumentCache full:https://registry.npmjs.org/array.prototype.tosorted set size:undefined disposed:false
766 silly fetch manifest es-iterator-helpers@^1.2.1
767 silly packumentCache full:https://registry.npmjs.org/es-iterator-helpers cache-miss
768 http fetch GET 200 https://registry.npmjs.org/es-iterator-helpers 19ms (cache miss)
769 silly packumentCache full:https://registry.npmjs.org/es-iterator-helpers set size:undefined disposed:false
770 silly fetch manifest estraverse@^5.3.0
771 silly packumentCache full:https://registry.npmjs.org/estraverse cache-hit
772 silly fetch manifest jsx-ast-utils@^2.4.1 || ^3.0.0
773 silly packumentCache full:https://registry.npmjs.org/jsx-ast-utils cache-miss
774 http cache https://registry.npmjs.org/jsx-ast-utils 4ms (cache hit)
775 silly packumentCache full:https://registry.npmjs.org/jsx-ast-utils set size:115998 disposed:false
776 silly fetch manifest object.entries@^1.1.9
777 silly packumentCache full:https://registry.npmjs.org/object.entries cache-miss
778 http fetch GET 200 https://registry.npmjs.org/object.entries 14ms (cache miss)
779 silly packumentCache full:https://registry.npmjs.org/object.entries set size:undefined disposed:false
780 silly fetch manifest prop-types@^15.8.1
781 silly packumentCache full:https://registry.npmjs.org/prop-types cache-miss
782 http fetch GET 200 https://registry.npmjs.org/prop-types 16ms (cache miss)
783 silly packumentCache full:https://registry.npmjs.org/prop-types set size:undefined disposed:false
784 silly fetch manifest resolve@^2.0.0-next.5
785 silly packumentCache full:https://registry.npmjs.org/resolve cache-miss
786 http cache https://registry.npmjs.org/resolve 2ms (cache hit)
787 silly packumentCache full:https://registry.npmjs.org/resolve set size:244568 disposed:false
788 silly fetch manifest string.prototype.matchall@^4.0.12
789 silly packumentCache full:https://registry.npmjs.org/string.prototype.matchall cache-miss
790 http fetch GET 200 https://registry.npmjs.org/string.prototype.matchall 17ms (cache miss)
791 silly packumentCache full:https://registry.npmjs.org/string.prototype.matchall set size:undefined disposed:false
792 silly fetch manifest string.prototype.repeat@^1.0.0
793 silly packumentCache full:https://registry.npmjs.org/string.prototype.repeat cache-miss
794 http fetch GET 200 https://registry.npmjs.org/string.prototype.repeat 15ms (cache miss)
795 silly packumentCache full:https://registry.npmjs.org/string.prototype.repeat set size:undefined disposed:false
796 silly fetch manifest zod@^3.25.0 || ^4.0.0
797 silly packumentCache full:https://registry.npmjs.org/zod cache-miss
798 http fetch GET 200 https://registry.npmjs.org/zod 78ms (cache miss)
799 silly packumentCache full:https://registry.npmjs.org/zod set size:undefined disposed:false
800 silly fetch manifest @babel/core@^7.24.4
801 silly packumentCache full:https://registry.npmjs.org/@babel%2fcore cache-miss
802 http fetch GET 200 https://registry.npmjs.org/@babel%2fcore 40ms (cache miss)
803 silly packumentCache full:https://registry.npmjs.org/@babel%2fcore set size:undefined disposed:false
804 silly fetch manifest @babel/parser@^7.24.4
805 silly packumentCache full:https://registry.npmjs.org/@babel%2fparser cache-miss
806 http fetch GET 200 https://registry.npmjs.org/@babel%2fparser 38ms (cache miss)
807 silly packumentCache full:https://registry.npmjs.org/@babel%2fparser set size:undefined disposed:false
808 silly fetch manifest hermes-parser@^0.25.1
809 silly packumentCache full:https://registry.npmjs.org/hermes-parser cache-miss
810 http fetch GET 200 https://registry.npmjs.org/hermes-parser 18ms (cache miss)
811 silly packumentCache full:https://registry.npmjs.org/hermes-parser set size:undefined disposed:false
812 silly fetch manifest zod-validation-error@^3.5.0 || ^4.0.0
813 silly packumentCache full:https://registry.npmjs.org/zod-validation-error cache-miss
814 http fetch GET 200 https://registry.npmjs.org/zod-validation-error 18ms (cache miss)
815 silly packumentCache full:https://registry.npmjs.org/zod-validation-error set size:undefined disposed:false
816 silly fetch manifest @typescript-eslint/utils@8.66.0
817 silly packumentCache full:https://registry.npmjs.org/@typescript-eslint%2futils cache-miss
818 http cache https://registry.npmjs.org/@typescript-eslint%2futils 30ms (cache hit)
819 silly packumentCache full:https://registry.npmjs.org/@typescript-eslint%2futils set size:10634447 disposed:false
820 silly fetch manifest @typescript-eslint/parser@8.66.0
821 silly packumentCache full:https://registry.npmjs.org/@typescript-eslint%2fparser cache-miss
822 http fetch GET 200 https://registry.npmjs.org/@typescript-eslint%2fparser 311ms (cache miss)
823 silly packumentCache full:https://registry.npmjs.org/@typescript-eslint%2fparser set size:undefined disposed:false
824 silly fetch manifest @typescript-eslint/eslint-plugin@8.66.0
825 silly packumentCache full:https://registry.npmjs.org/@typescript-eslint%2feslint-plugin cache-miss
826 http fetch GET 200 https://registry.npmjs.org/@typescript-eslint%2feslint-plugin 320ms (cache miss)
827 silly packumentCache full:https://registry.npmjs.org/@typescript-eslint%2feslint-plugin set size:undefined disposed:false
828 silly fetch manifest @typescript-eslint/typescript-estree@8.66.0
829 silly packumentCache full:https://registry.npmjs.org/@typescript-eslint%2ftypescript-estree cache-miss
830 http fetch GET 200 https://registry.npmjs.org/@typescript-eslint%2ftypescript-estree 295ms (cache miss)
831 silly packumentCache full:https://registry.npmjs.org/@typescript-eslint%2ftypescript-estree set size:undefined disposed:false
832 silly placeDep ROOT fast-glob@3.3.1 OK for: @next/eslint-plugin-next@16.0.0 want: 3.3.1
833 silly fetch manifest merge2@^1.3.0
834 silly packumentCache full:https://registry.npmjs.org/merge2 cache-miss
835 http fetch GET 200 https://registry.npmjs.org/merge2 19ms (cache miss)
836 silly packumentCache full:https://registry.npmjs.org/merge2 set size:undefined disposed:false
837 silly fetch manifest micromatch@^4.0.4
838 silly packumentCache full:https://registry.npmjs.org/micromatch cache-miss
839 http fetch GET 200 https://registry.npmjs.org/micromatch 20ms (cache miss)
840 silly packumentCache full:https://registry.npmjs.org/micromatch set size:undefined disposed:false
841 silly fetch manifest glob-parent@^5.1.2
842 silly packumentCache full:https://registry.npmjs.org/glob-parent cache-miss
843 http cache https://registry.npmjs.org/glob-parent 5ms (cache hit)
844 silly packumentCache full:https://registry.npmjs.org/glob-parent set size:42445 disposed:false
845 silly fetch manifest @nodelib/fs.stat@^2.0.2
846 silly packumentCache full:https://registry.npmjs.org/@nodelib%2ffs.stat cache-miss
847 http fetch GET 200 https://registry.npmjs.org/@nodelib%2ffs.stat 24ms (cache miss)
848 silly packumentCache full:https://registry.npmjs.org/@nodelib%2ffs.stat set size:undefined disposed:false
849 silly fetch manifest @nodelib/fs.walk@^1.2.3
850 silly packumentCache full:https://registry.npmjs.org/@nodelib%2ffs.walk cache-miss
851 http fetch GET 200 https://registry.npmjs.org/@nodelib%2ffs.walk 21ms (cache miss)
852 silly packumentCache full:https://registry.npmjs.org/@nodelib%2ffs.walk set size:undefined disposed:false
853 silly placeDep node_modules/eslint-import-resolver-node debug@3.2.7 OK for: eslint-import-resolver-node@0.3.10 want: ^3.2.7
854 silly placeDep ROOT is-core-module@2.16.2 OK for: eslint-import-resolver-node@0.3.10 want: ^2.16.1
855 silly placeDep ROOT resolve@2.0.0-next.7 OK for: eslint-import-resolver-node@0.3.10 want: ^2.0.0-next.6
856 silly fetch manifest hasown@^2.0.3
857 silly packumentCache full:https://registry.npmjs.org/hasown cache-miss
858 http cache https://registry.npmjs.org/hasown 4ms (cache hit)
859 silly packumentCache full:https://registry.npmjs.org/hasown set size:18361 disposed:false
860 silly fetch manifest es-errors@^1.3.0
861 silly packumentCache full:https://registry.npmjs.org/es-errors cache-miss
862 http fetch GET 200 https://registry.npmjs.org/es-errors 14ms (cache miss)
863 silly packumentCache full:https://registry.npmjs.org/es-errors set size:undefined disposed:false
864 silly fetch manifest node-exports-info@^1.6.0
865 silly packumentCache full:https://registry.npmjs.org/node-exports-info cache-miss
866 http fetch GET 200 https://registry.npmjs.org/node-exports-info 18ms (cache miss)
867 silly packumentCache full:https://registry.npmjs.org/node-exports-info set size:undefined disposed:false
868 silly fetch manifest object-keys@^1.1.1
869 silly packumentCache full:https://registry.npmjs.org/object-keys cache-miss
870 http fetch GET 200 https://registry.npmjs.org/object-keys 16ms (cache miss)
871 silly packumentCache full:https://registry.npmjs.org/object-keys set size:undefined disposed:false
872 silly fetch manifest path-parse@^1.0.7
873 silly packumentCache full:https://registry.npmjs.org/path-parse cache-miss
874 http fetch GET 200 https://registry.npmjs.org/path-parse 15ms (cache miss)
875 silly packumentCache full:https://registry.npmjs.org/path-parse set size:undefined disposed:false
876 silly fetch manifest supports-preserve-symlinks-flag@^1.0.0
877 silly packumentCache full:https://registry.npmjs.org/supports-preserve-symlinks-flag cache-miss
878 http fetch GET 200 https://registry.npmjs.org/supports-preserve-symlinks-flag 14ms (cache miss)
879 silly packumentCache full:https://registry.npmjs.org/supports-preserve-symlinks-flag set size:undefined disposed:false
880 silly placeDep ROOT @nolyfill/is-core-module@1.0.39 OK for: eslint-import-resolver-typescript@3.10.1 want: 1.0.39
881 silly placeDep ROOT get-tsconfig@4.14.1 OK for: eslint-import-resolver-typescript@3.10.1 want: ^4.10.0
882 silly placeDep ROOT is-bun-module@2.0.0 OK for: eslint-import-resolver-typescript@3.10.1 want: ^2.0.0
883 silly placeDep ROOT stable-hash@0.0.5 OK for: eslint-import-resolver-typescript@3.10.1 want: ^0.0.5
884 silly placeDep ROOT tinyglobby@0.2.17 OK for: eslint-import-resolver-typescript@3.10.1 want: ^0.2.13
885 silly placeDep ROOT unrs-resolver@1.12.2 OK for: eslint-import-resolver-typescript@3.10.1 want: ^1.6.2
886 silly fetch manifest resolve-pkg-maps@^1.0.0
887 silly packumentCache full:https://registry.npmjs.org/resolve-pkg-maps cache-miss
888 http fetch GET 200 https://registry.npmjs.org/resolve-pkg-maps 16ms (cache miss)
889 silly packumentCache full:https://registry.npmjs.org/resolve-pkg-maps set size:undefined disposed:false
890 silly fetch manifest semver@^7.7.1
891 silly packumentCache full:https://registry.npmjs.org/semver cache-miss
892 http cache https://registry.npmjs.org/semver 3ms (cache hit)
893 silly packumentCache full:https://registry.npmjs.org/semver set size:246069 disposed:false
894 silly fetch manifest fdir@^6.5.0
895 silly packumentCache full:https://registry.npmjs.org/fdir cache-miss
896 http fetch GET 200 https://registry.npmjs.org/fdir 17ms (cache miss)
897 silly packumentCache full:https://registry.npmjs.org/fdir set size:undefined disposed:false
898 silly fetch manifest picomatch@^4.0.4
899 silly packumentCache full:https://registry.npmjs.org/picomatch cache-miss
900 http fetch GET 200 https://registry.npmjs.org/picomatch 18ms (cache miss)
901 silly packumentCache full:https://registry.npmjs.org/picomatch set size:undefined disposed:false
902 silly fetch manifest napi-postinstall@^0.3.4
903 silly packumentCache full:https://registry.npmjs.org/napi-postinstall cache-miss
904 http fetch GET 200 https://registry.npmjs.org/napi-postinstall 15ms (cache miss)
905 silly packumentCache full:https://registry.npmjs.org/napi-postinstall set size:undefined disposed:false
906 silly fetch manifest @unrs/resolver-binding-darwin-arm64@1.12.2
907 silly packumentCache full:https://registry.npmjs.org/@unrs%2fresolver-binding-darwin-arm64 cache-miss
908 http fetch GET 200 https://registry.npmjs.org/@unrs%2fresolver-binding-darwin-arm64 25ms (cache miss)
909 silly packumentCache full:https://registry.npmjs.org/@unrs%2fresolver-binding-darwin-arm64 set size:undefined disposed:false
910 silly fetch manifest @unrs/resolver-binding-android-arm64@1.12.2
911 silly packumentCache full:https://registry.npmjs.org/@unrs%2fresolver-binding-android-arm64 cache-miss
912 http fetch GET 200 https://registry.npmjs.org/@unrs%2fresolver-binding-android-arm64 23ms (cache miss)
913 silly packumentCache full:https://registry.npmjs.org/@unrs%2fresolver-binding-android-arm64 set size:undefined disposed:false
914 silly fetch manifest @unrs/resolver-binding-win32-arm64-msvc@1.12.2
915 silly packumentCache full:https://registry.npmjs.org/@unrs%2fresolver-binding-win32-arm64-msvc cache-miss
916 http fetch GET 200 https://registry.npmjs.org/@unrs%2fresolver-binding-win32-arm64-msvc 27ms (cache miss)
917 silly packumentCache full:https://registry.npmjs.org/@unrs%2fresolver-binding-win32-arm64-msvc set size:undefined disposed:false
918 silly fetch manifest @unrs/resolver-binding-linux-arm64-gnu@1.12.2
919 silly packumentCache full:https://registry.npmjs.org/@unrs%2fresolver-binding-linux-arm64-gnu cache-miss
920 http fetch GET 200 https://registry.npmjs.org/@unrs%2fresolver-binding-linux-arm64-gnu 26ms (cache miss)
921 silly packumentCache full:https://registry.npmjs.org/@unrs%2fresolver-binding-linux-arm64-gnu set size:undefined disposed:false
922 silly fetch manifest @unrs/resolver-binding-linux-arm64-musl@1.12.2
923 silly packumentCache full:https://registry.npmjs.org/@unrs%2fresolver-binding-linux-arm64-musl cache-miss
924 http fetch GET 200 https://registry.npmjs.org/@unrs%2fresolver-binding-linux-arm64-musl 24ms (cache miss)
925 silly packumentCache full:https://registry.npmjs.org/@unrs%2fresolver-binding-linux-arm64-musl set size:undefined disposed:false
926 silly fetch manifest @unrs/resolver-binding-openharmony-arm64@1.12.2
927 silly packumentCache full:https://registry.npmjs.org/@unrs%2fresolver-binding-openharmony-arm64 cache-miss
928 http fetch GET 200 https://registry.npmjs.org/@unrs%2fresolver-binding-openharmony-arm64 24ms (cache miss)
929 silly packumentCache full:https://registry.npmjs.org/@unrs%2fresolver-binding-openharmony-arm64 set size:undefined disposed:false
930 silly fetch manifest @unrs/resolver-binding-android-arm-eabi@1.12.2
931 silly packumentCache full:https://registry.npmjs.org/@unrs%2fresolver-binding-android-arm-eabi cache-miss
932 http fetch GET 200 https://registry.npmjs.org/@unrs%2fresolver-binding-android-arm-eabi 23ms (cache miss)
933 silly packumentCache full:https://registry.npmjs.org/@unrs%2fresolver-binding-android-arm-eabi set size:undefined disposed:false
934 silly fetch manifest @unrs/resolver-binding-linux-arm-gnueabihf@1.12.2
935 silly packumentCache full:https://registry.npmjs.org/@unrs%2fresolver-binding-linux-arm-gnueabihf cache-miss
936 http fetch GET 200 https://registry.npmjs.org/@unrs%2fresolver-binding-linux-arm-gnueabihf 28ms (cache miss)
937 silly packumentCache full:https://registry.npmjs.org/@unrs%2fresolver-binding-linux-arm-gnueabihf set size:undefined disposed:false
938 silly fetch manifest @unrs/resolver-binding-linux-arm-musleabihf@1.12.2
939 silly packumentCache full:https://registry.npmjs.org/@unrs%2fresolver-binding-linux-arm-musleabihf cache-miss
940 http fetch GET 200 https://registry.npmjs.org/@unrs%2fresolver-binding-linux-arm-musleabihf 34ms (cache miss)
941 silly packumentCache full:https://registry.npmjs.org/@unrs%2fresolver-binding-linux-arm-musleabihf set size:undefined disposed:false
942 silly fetch manifest @unrs/resolver-binding-win32-ia32-msvc@1.12.2
943 silly packumentCache full:https://registry.npmjs.org/@unrs%2fresolver-binding-win32-ia32-msvc cache-miss
944 http fetch GET 200 https://registry.npmjs.org/@unrs%2fresolver-binding-win32-ia32-msvc 27ms (cache miss)
945 silly packumentCache full:https://registry.npmjs.org/@unrs%2fresolver-binding-win32-ia32-msvc set size:undefined disposed:false
946 silly fetch manifest @unrs/resolver-binding-linux-loong64-gnu@1.12.2
947 silly packumentCache full:https://registry.npmjs.org/@unrs%2fresolver-binding-linux-loong64-gnu cache-miss
948 http fetch GET 200 https://registry.npmjs.org/@unrs%2fresolver-binding-linux-loong64-gnu 21ms (cache miss)
949 silly packumentCache full:https://registry.npmjs.org/@unrs%2fresolver-binding-linux-loong64-gnu set size:undefined disposed:false
950 silly fetch manifest @unrs/resolver-binding-linux-loong64-musl@1.12.2
951 silly packumentCache full:https://registry.npmjs.org/@unrs%2fresolver-binding-linux-loong64-musl cache-miss
952 http fetch GET 200 https://registry.npmjs.org/@unrs%2fresolver-binding-linux-loong64-musl 22ms (cache miss)
953 silly packumentCache full:https://registry.npmjs.org/@unrs%2fresolver-binding-linux-loong64-musl set size:undefined disposed:false
954 silly fetch manifest @unrs/resolver-binding-linux-ppc64-gnu@1.12.2
955 silly packumentCache full:https://registry.npmjs.org/@unrs%2fresolver-binding-linux-ppc64-gnu cache-miss
956 http fetch GET 200 https://registry.npmjs.org/@unrs%2fresolver-binding-linux-ppc64-gnu 24ms (cache miss)
957 silly packumentCache full:https://registry.npmjs.org/@unrs%2fresolver-binding-linux-ppc64-gnu set size:undefined disposed:false
958 silly fetch manifest @unrs/resolver-binding-linux-riscv64-gnu@1.12.2
959 silly packumentCache full:https://registry.npmjs.org/@unrs%2fresolver-binding-linux-riscv64-gnu cache-miss
960 http fetch GET 200 https://registry.npmjs.org/@unrs%2fresolver-binding-linux-riscv64-gnu 23ms (cache miss)
961 silly packumentCache full:https://registry.npmjs.org/@unrs%2fresolver-binding-linux-riscv64-gnu set size:undefined disposed:false
962 silly fetch manifest @unrs/resolver-binding-linux-riscv64-musl@1.12.2
963 silly packumentCache full:https://registry.npmjs.org/@unrs%2fresolver-binding-linux-riscv64-musl cache-miss
964 http fetch GET 200 https://registry.npmjs.org/@unrs%2fresolver-binding-linux-riscv64-musl 23ms (cache miss)
965 silly packumentCache full:https://registry.npmjs.org/@unrs%2fresolver-binding-linux-riscv64-musl set size:undefined disposed:false
966 silly fetch manifest @unrs/resolver-binding-linux-s390x-gnu@1.12.2
967 silly packumentCache full:https://registry.npmjs.org/@unrs%2fresolver-binding-linux-s390x-gnu cache-miss
968 http fetch GET 200 https://registry.npmjs.org/@unrs%2fresolver-binding-linux-s390x-gnu 23ms (cache miss)
969 silly packumentCache full:https://registry.npmjs.org/@unrs%2fresolver-binding-linux-s390x-gnu set size:undefined disposed:false
970 silly fetch manifest @unrs/resolver-binding-wasm32-wasi@1.12.2
971 silly packumentCache full:https://registry.npmjs.org/@unrs%2fresolver-binding-wasm32-wasi cache-miss
972 http fetch GET 200 https://registry.npmjs.org/@unrs%2fresolver-binding-wasm32-wasi 24ms (cache miss)
973 silly packumentCache full:https://registry.npmjs.org/@unrs%2fresolver-binding-wasm32-wasi set size:undefined disposed:false
974 silly fetch manifest @unrs/resolver-binding-darwin-x64@1.12.2
975 silly packumentCache full:https://registry.npmjs.org/@unrs%2fresolver-binding-darwin-x64 cache-miss
976 http fetch GET 200 https://registry.npmjs.org/@unrs%2fresolver-binding-darwin-x64 23ms (cache miss)
977 silly packumentCache full:https://registry.npmjs.org/@unrs%2fresolver-binding-darwin-x64 set size:undefined disposed:false
978 silly fetch manifest @unrs/resolver-binding-win32-x64-msvc@1.12.2
979 silly packumentCache full:https://registry.npmjs.org/@unrs%2fresolver-binding-win32-x64-msvc cache-miss
980 http fetch GET 200 https://registry.npmjs.org/@unrs%2fresolver-binding-win32-x64-msvc 30ms (cache miss)
981 silly packumentCache full:https://registry.npmjs.org/@unrs%2fresolver-binding-win32-x64-msvc set size:undefined disposed:false
982 silly fetch manifest @unrs/resolver-binding-freebsd-x64@1.12.2
983 silly packumentCache full:https://registry.npmjs.org/@unrs%2fresolver-binding-freebsd-x64 cache-miss
984 http fetch GET 200 https://registry.npmjs.org/@unrs%2fresolver-binding-freebsd-x64 22ms (cache miss)
985 silly packumentCache full:https://registry.npmjs.org/@unrs%2fresolver-binding-freebsd-x64 set size:undefined disposed:false
986 silly fetch manifest @unrs/resolver-binding-linux-x64-gnu@1.12.2
987 silly packumentCache full:https://registry.npmjs.org/@unrs%2fresolver-binding-linux-x64-gnu cache-miss
988 http fetch GET 200 https://registry.npmjs.org/@unrs%2fresolver-binding-linux-x64-gnu 23ms (cache miss)
989 silly packumentCache full:https://registry.npmjs.org/@unrs%2fresolver-binding-linux-x64-gnu set size:undefined disposed:false
990 silly fetch manifest @unrs/resolver-binding-linux-x64-musl@1.12.2
991 silly packumentCache full:https://registry.npmjs.org/@unrs%2fresolver-binding-linux-x64-musl cache-miss
992 http fetch GET 200 https://registry.npmjs.org/@unrs%2fresolver-binding-linux-x64-musl 20ms (cache miss)
993 silly packumentCache full:https://registry.npmjs.org/@unrs%2fresolver-binding-linux-x64-musl set size:undefined disposed:false
994 silly placeDep ROOT @rtsao/scc@1.1.0 OK for: eslint-plugin-import@2.32.0 want: ^1.1.0
995 silly placeDep ROOT array-includes@3.1.9 OK for: eslint-plugin-import@2.32.0 want: ^3.1.9
996 silly placeDep ROOT array.prototype.findlastindex@1.2.6 OK for: eslint-plugin-import@2.32.0 want: ^1.2.6
997 silly placeDep ROOT array.prototype.flat@1.3.3 OK for: eslint-plugin-import@2.32.0 want: ^1.3.3
998 silly placeDep ROOT array.prototype.flatmap@1.3.3 OK for: eslint-plugin-import@2.32.0 want: ^1.3.3
999 silly placeDep node_modules/eslint-plugin-import debug@3.2.7 OK for: eslint-plugin-import@2.32.0 want: ^3.2.7
1000 silly placeDep ROOT doctrine@2.1.0 OK for: eslint-plugin-import@2.32.0 want: ^2.1.0
1001 silly placeDep ROOT eslint-module-utils@2.14.0 OK for: eslint-plugin-import@2.32.0 want: ^2.12.1
1002 silly placeDep ROOT hasown@2.0.4 OK for: eslint-plugin-import@2.32.0 want: ^2.0.2
1003 silly placeDep ROOT object.fromentries@2.0.8 OK for: eslint-plugin-import@2.32.0 want: ^2.0.8
1004 silly placeDep ROOT object.groupby@1.0.3 OK for: eslint-plugin-import@2.32.0 want: ^1.0.3
1005 silly placeDep ROOT object.values@1.2.1 OK for: eslint-plugin-import@2.32.0 want: ^1.2.1
1006 silly placeDep ROOT semver@6.3.1 OK for: eslint-plugin-import@2.32.0 want: ^6.3.1
1007 silly placeDep ROOT string.prototype.trimend@1.0.10 OK for: eslint-plugin-import@2.32.0 want: ^1.0.9
1008 silly placeDep ROOT tsconfig-paths@3.15.0 OK for: eslint-plugin-import@2.32.0 want: ^3.15.0
1009 silly fetch manifest call-bind@^1.0.8
1010 silly packumentCache full:https://registry.npmjs.org/call-bind cache-miss
1011 http fetch GET 200 https://registry.npmjs.org/call-bind 16ms (cache miss)
1012 silly packumentCache full:https://registry.npmjs.org/call-bind set size:undefined disposed:false
1013 silly fetch manifest call-bound@^1.0.4
1014 silly packumentCache full:https://registry.npmjs.org/call-bound cache-miss
1015 http fetch GET 200 https://registry.npmjs.org/call-bound 14ms (cache miss)
1016 silly packumentCache full:https://registry.npmjs.org/call-bound set size:undefined disposed:false
1017 silly fetch manifest define-properties@^1.2.1
1018 silly packumentCache full:https://registry.npmjs.org/define-properties cache-miss
1019 http fetch GET 200 https://registry.npmjs.org/define-properties 15ms (cache miss)
1020 silly packumentCache full:https://registry.npmjs.org/define-properties set size:undefined disposed:false
1021 silly fetch manifest es-abstract@^1.24.0
1022 silly packumentCache full:https://registry.npmjs.org/es-abstract cache-miss
1023 http fetch GET 200 https://registry.npmjs.org/es-abstract 22ms (cache miss)
1024 silly packumentCache full:https://registry.npmjs.org/es-abstract set size:undefined disposed:false
1025 silly fetch manifest es-object-atoms@^1.1.1
1026 silly packumentCache full:https://registry.npmjs.org/es-object-atoms cache-miss
1027 http fetch GET 200 https://registry.npmjs.org/es-object-atoms 14ms (cache miss)
1028 silly packumentCache full:https://registry.npmjs.org/es-object-atoms set size:undefined disposed:false
1029 silly fetch manifest get-intrinsic@^1.3.0
1030 silly packumentCache full:https://registry.npmjs.org/get-intrinsic cache-miss
1031 http fetch GET 200 https://registry.npmjs.org/get-intrinsic 14ms (cache miss)
1032 silly packumentCache full:https://registry.npmjs.org/get-intrinsic set size:undefined disposed:false
1033 silly fetch manifest is-string@^1.1.1
1034 silly packumentCache full:https://registry.npmjs.org/is-string cache-miss
1035 http fetch GET 200 https://registry.npmjs.org/is-string 14ms (cache miss)
1036 silly packumentCache full:https://registry.npmjs.org/is-string set size:undefined disposed:false
1037 silly fetch manifest math-intrinsics@^1.1.0
1038 silly packumentCache full:https://registry.npmjs.org/math-intrinsics cache-miss
1039 http fetch GET 200 https://registry.npmjs.org/math-intrinsics 15ms (cache miss)
1040 silly packumentCache full:https://registry.npmjs.org/math-intrinsics set size:undefined disposed:false
1041 silly fetch manifest es-abstract@^1.23.9
1042 silly packumentCache full:https://registry.npmjs.org/es-abstract cache-miss
1043 http cache https://registry.npmjs.org/es-abstract 5ms (cache hit)
1044 silly packumentCache full:https://registry.npmjs.org/es-abstract set size:384124 disposed:false
1045 silly fetch manifest es-shim-unscopables@^1.1.0
1046 silly packumentCache full:https://registry.npmjs.org/es-shim-unscopables cache-miss
1047 http fetch GET 200 https://registry.npmjs.org/es-shim-unscopables 14ms (cache miss)
1048 silly packumentCache full:https://registry.npmjs.org/es-shim-unscopables set size:undefined disposed:false
1049 silly fetch manifest es-abstract@^1.23.5
1050 silly packumentCache full:https://registry.npmjs.org/es-abstract cache-hit
1051 silly fetch manifest es-shim-unscopables@^1.0.2
1052 silly packumentCache full:https://registry.npmjs.org/es-shim-unscopables cache-miss
1053 http cache https://registry.npmjs.org/es-shim-unscopables 2ms (cache hit)
1054 silly packumentCache full:https://registry.npmjs.org/es-shim-unscopables set size:13965 disposed:false
1055 silly fetch manifest function-bind@^1.1.2
1056 silly packumentCache full:https://registry.npmjs.org/function-bind cache-miss
1057 http fetch GET 200 https://registry.npmjs.org/function-bind 13ms (cache miss)
1058 silly packumentCache full:https://registry.npmjs.org/function-bind set size:undefined disposed:false
1059 silly fetch manifest call-bind@^1.0.7
1060 silly packumentCache full:https://registry.npmjs.org/call-bind cache-miss
1061 http cache https://registry.npmjs.org/call-bind 2ms (cache hit)
1062 silly packumentCache full:https://registry.npmjs.org/call-bind set size:32985 disposed:false
1063 silly fetch manifest es-abstract@^1.23.2
1064 silly packumentCache full:https://registry.npmjs.org/es-abstract cache-hit
1065 silly fetch manifest es-object-atoms@^1.0.0
1066 silly packumentCache full:https://registry.npmjs.org/es-object-atoms cache-miss
1067 http cache https://registry.npmjs.org/es-object-atoms 2ms (cache hit)
1068 silly packumentCache full:https://registry.npmjs.org/es-object-atoms set size:18278 disposed:false
1069 silly fetch manifest call-bound@^1.0.3
1070 silly packumentCache full:https://registry.npmjs.org/call-bound cache-miss
1071 http cache https://registry.npmjs.org/call-bound 2ms (cache hit)
1072 silly packumentCache full:https://registry.npmjs.org/call-bound set size:15317 disposed:false
1073 silly fetch manifest call-bind@^1.0.9
1074 silly packumentCache full:https://registry.npmjs.org/call-bind cache-hit
1075 silly fetch manifest es-object-atoms@^1.1.2
1076 silly packumentCache full:https://registry.npmjs.org/es-object-atoms cache-hit
1077 silly fetch manifest json5@^1.0.2
1078 silly packumentCache full:https://registry.npmjs.org/json5 cache-miss
1079 http fetch GET 200 https://registry.npmjs.org/json5 19ms (cache miss)
1080 silly packumentCache full:https://registry.npmjs.org/json5 set size:undefined disposed:false
1081 silly fetch manifest minimist@^1.2.6
1082 silly packumentCache full:https://registry.npmjs.org/minimist cache-miss
1083 http fetch GET 200 https://registry.npmjs.org/minimist 18ms (cache miss)
1084 silly packumentCache full:https://registry.npmjs.org/minimist set size:undefined disposed:false
1085 silly fetch manifest strip-bom@^3.0.0
1086 silly packumentCache full:https://registry.npmjs.org/strip-bom cache-miss
1087 http fetch GET 200 https://registry.npmjs.org/strip-bom 15ms (cache miss)
1088 silly packumentCache full:https://registry.npmjs.org/strip-bom set size:undefined disposed:false
1089 silly fetch manifest @types/json5@^0.0.29
1090 silly packumentCache full:https://registry.npmjs.org/@types%2fjson5 cache-miss
1091 http fetch GET 200 https://registry.npmjs.org/@types%2fjson5 20ms (cache miss)
1092 silly packumentCache full:https://registry.npmjs.org/@types%2fjson5 set size:undefined disposed:false
1093 silly placeDep ROOT call-bind@1.0.9 OK for: array-includes@3.1.9 want: ^1.0.8
1094 silly placeDep ROOT call-bound@1.0.4 OK for: array-includes@3.1.9 want: ^1.0.4
1095 silly placeDep ROOT define-properties@1.2.1 OK for: array-includes@3.1.9 want: ^1.2.1
1096 silly placeDep ROOT es-abstract@1.24.2 OK for: array-includes@3.1.9 want: ^1.24.0
1097 silly placeDep ROOT es-object-atoms@1.1.2 OK for: array-includes@3.1.9 want: ^1.1.1
1098 silly placeDep ROOT get-intrinsic@1.3.0 OK for: array-includes@3.1.9 want: ^1.3.0
1099 silly placeDep ROOT is-string@1.1.1 OK for: array-includes@3.1.9 want: ^1.1.1
1100 silly placeDep ROOT math-intrinsics@1.1.0 OK for: array-includes@3.1.9 want: ^1.1.0
1101 silly fetch manifest call-bind-apply-helpers@^1.0.2
1102 silly packumentCache full:https://registry.npmjs.org/call-bind-apply-helpers cache-miss
1103 http fetch GET 200 https://registry.npmjs.org/call-bind-apply-helpers 18ms (cache miss)
1104 silly packumentCache full:https://registry.npmjs.org/call-bind-apply-helpers set size:undefined disposed:false
1105 silly fetch manifest es-define-property@^1.0.1
1106 silly packumentCache full:https://registry.npmjs.org/es-define-property cache-miss
1107 http fetch GET 200 https://registry.npmjs.org/es-define-property 13ms (cache miss)
1108 silly packumentCache full:https://registry.npmjs.org/es-define-property set size:undefined disposed:false
1109 silly fetch manifest set-function-length@^1.2.2
1110 silly packumentCache full:https://registry.npmjs.org/set-function-length cache-miss
1111 http fetch GET 200 https://registry.npmjs.org/set-function-length 16ms (cache miss)
1112 silly packumentCache full:https://registry.npmjs.org/set-function-length set size:undefined disposed:false
1113 silly fetch manifest define-data-property@^1.0.1
1114 silly packumentCache full:https://registry.npmjs.org/define-data-property cache-miss
1115 http fetch GET 200 https://registry.npmjs.org/define-data-property 14ms (cache miss)
1116 silly packumentCache full:https://registry.npmjs.org/define-data-property set size:undefined disposed:false
1117 silly fetch manifest has-property-descriptors@^1.0.0
1118 silly packumentCache full:https://registry.npmjs.org/has-property-descriptors cache-miss
1119 http fetch GET 200 https://registry.npmjs.org/has-property-descriptors 13ms (cache miss)
1120 silly packumentCache full:https://registry.npmjs.org/has-property-descriptors set size:undefined disposed:false
1121 silly fetch manifest array-buffer-byte-length@^1.0.2
1122 silly packumentCache full:https://registry.npmjs.org/array-buffer-byte-length cache-miss
1123 http fetch GET 200 https://registry.npmjs.org/array-buffer-byte-length 15ms (cache miss)
1124 silly packumentCache full:https://registry.npmjs.org/array-buffer-byte-length set size:undefined disposed:false
1125 silly fetch manifest arraybuffer.prototype.slice@^1.0.4
1126 silly packumentCache full:https://registry.npmjs.org/arraybuffer.prototype.slice cache-miss
1127 http fetch GET 200 https://registry.npmjs.org/arraybuffer.prototype.slice 14ms (cache miss)
1128 silly packumentCache full:https://registry.npmjs.org/arraybuffer.prototype.slice set size:undefined disposed:false
1129 silly fetch manifest available-typed-arrays@^1.0.7
1130 silly packumentCache full:https://registry.npmjs.org/available-typed-arrays cache-miss
1131 http fetch GET 200 https://registry.npmjs.org/available-typed-arrays 15ms (cache miss)
1132 silly packumentCache full:https://registry.npmjs.org/available-typed-arrays set size:undefined disposed:false
1133 silly fetch manifest data-view-buffer@^1.0.2
1134 silly packumentCache full:https://registry.npmjs.org/data-view-buffer cache-miss
1135 http fetch GET 200 https://registry.npmjs.org/data-view-buffer 14ms (cache miss)
1136 silly packumentCache full:https://registry.npmjs.org/data-view-buffer set size:undefined disposed:false
1137 silly fetch manifest data-view-byte-length@^1.0.2
1138 silly packumentCache full:https://registry.npmjs.org/data-view-byte-length cache-miss
1139 http fetch GET 200 https://registry.npmjs.org/data-view-byte-length 14ms (cache miss)
1140 silly packumentCache full:https://registry.npmjs.org/data-view-byte-length set size:undefined disposed:false
1141 silly fetch manifest data-view-byte-offset@^1.0.1
1142 silly packumentCache full:https://registry.npmjs.org/data-view-byte-offset cache-miss
1143 http fetch GET 200 https://registry.npmjs.org/data-view-byte-offset 16ms (cache miss)
1144 silly packumentCache full:https://registry.npmjs.org/data-view-byte-offset set size:undefined disposed:false
1145 silly fetch manifest es-set-tostringtag@^2.1.0
1146 silly packumentCache full:https://registry.npmjs.org/es-set-tostringtag cache-miss
1147 http fetch GET 200 https://registry.npmjs.org/es-set-tostringtag 15ms (cache miss)
1148 silly packumentCache full:https://registry.npmjs.org/es-set-tostringtag set size:undefined disposed:false
1149 silly fetch manifest es-to-primitive@^1.3.0
1150 silly packumentCache full:https://registry.npmjs.org/es-to-primitive cache-miss
1151 http fetch GET 200 https://registry.npmjs.org/es-to-primitive 15ms (cache miss)
1152 silly packumentCache full:https://registry.npmjs.org/es-to-primitive set size:undefined disposed:false
1153 silly fetch manifest function.prototype.name@^1.1.8
1154 silly packumentCache full:https://registry.npmjs.org/function.prototype.name cache-miss
1155 http fetch GET 200 https://registry.npmjs.org/function.prototype.name 15ms (cache miss)
1156 silly packumentCache full:https://registry.npmjs.org/function.prototype.name set size:undefined disposed:false
1157 silly fetch manifest get-proto@^1.0.1
1158 silly packumentCache full:https://registry.npmjs.org/get-proto cache-miss
1159 http fetch GET 200 https://registry.npmjs.org/get-proto 13ms (cache miss)
1160 silly packumentCache full:https://registry.npmjs.org/get-proto set size:undefined disposed:false
1161 silly fetch manifest get-symbol-description@^1.1.0
1162 silly packumentCache full:https://registry.npmjs.org/get-symbol-description cache-miss
1163 http fetch GET 200 https://registry.npmjs.org/get-symbol-description 14ms (cache miss)
1164 silly packumentCache full:https://registry.npmjs.org/get-symbol-description set size:undefined disposed:false
1165 silly fetch manifest globalthis@^1.0.4
1166 silly packumentCache full:https://registry.npmjs.org/globalthis cache-miss
1167 http fetch GET 200 https://registry.npmjs.org/globalthis 14ms (cache miss)
1168 silly packumentCache full:https://registry.npmjs.org/globalthis set size:undefined disposed:false
1169 silly fetch manifest gopd@^1.2.0
1170 silly packumentCache full:https://registry.npmjs.org/gopd cache-miss
1171 http fetch GET 200 https://registry.npmjs.org/gopd 20ms (cache miss)
1172 silly packumentCache full:https://registry.npmjs.org/gopd set size:undefined disposed:false
1173 silly fetch manifest has-property-descriptors@^1.0.2
1174 silly packumentCache full:https://registry.npmjs.org/has-property-descriptors cache-miss
1175 http cache https://registry.npmjs.org/has-property-descriptors 3ms (cache hit)
1176 silly packumentCache full:https://registry.npmjs.org/has-property-descriptors set size:12452 disposed:false
1177 silly fetch manifest has-proto@^1.2.0
1178 silly packumentCache full:https://registry.npmjs.org/has-proto cache-miss
1179 http fetch GET 200 https://registry.npmjs.org/has-proto 15ms (cache miss)
1180 silly packumentCache full:https://registry.npmjs.org/has-proto set size:undefined disposed:false
1181 silly fetch manifest has-symbols@^1.1.0
1182 silly packumentCache full:https://registry.npmjs.org/has-symbols cache-miss
1183 http fetch GET 200 https://registry.npmjs.org/has-symbols 15ms (cache miss)
1184 silly packumentCache full:https://registry.npmjs.org/has-symbols set size:undefined disposed:false
1185 silly fetch manifest internal-slot@^1.1.0
1186 silly packumentCache full:https://registry.npmjs.org/internal-slot cache-miss
1187 http fetch GET 200 https://registry.npmjs.org/internal-slot 14ms (cache miss)
1188 silly packumentCache full:https://registry.npmjs.org/internal-slot set size:undefined disposed:false
1189 silly fetch manifest is-array-buffer@^3.0.5
1190 silly packumentCache full:https://registry.npmjs.org/is-array-buffer cache-miss
1191 http fetch GET 200 https://registry.npmjs.org/is-array-buffer 17ms (cache miss)
1192 silly packumentCache full:https://registry.npmjs.org/is-array-buffer set size:undefined disposed:false
1193 silly fetch manifest is-callable@^1.2.7
1194 silly packumentCache full:https://registry.npmjs.org/is-callable cache-miss
1195 http fetch GET 200 https://registry.npmjs.org/is-callable 15ms (cache miss)
1196 silly packumentCache full:https://registry.npmjs.org/is-callable set size:undefined disposed:false
1197 silly fetch manifest is-data-view@^1.0.2
1198 silly packumentCache full:https://registry.npmjs.org/is-data-view cache-miss
1199 http fetch GET 200 https://registry.npmjs.org/is-data-view 14ms (cache miss)
1200 silly packumentCache full:https://registry.npmjs.org/is-data-view set size:undefined disposed:false
1201 silly fetch manifest is-negative-zero@^2.0.3
1202 silly packumentCache full:https://registry.npmjs.org/is-negative-zero cache-miss
1203 http fetch GET 200 https://registry.npmjs.org/is-negative-zero 15ms (cache miss)
1204 silly packumentCache full:https://registry.npmjs.org/is-negative-zero set size:undefined disposed:false
1205 silly fetch manifest is-regex@^1.2.1
1206 silly packumentCache full:https://registry.npmjs.org/is-regex cache-miss
1207 http fetch GET 200 https://registry.npmjs.org/is-regex 15ms (cache miss)
1208 silly packumentCache full:https://registry.npmjs.org/is-regex set size:undefined disposed:false
1209 silly fetch manifest is-set@^2.0.3
1210 silly packumentCache full:https://registry.npmjs.org/is-set cache-miss
1211 http fetch GET 200 https://registry.npmjs.org/is-set 14ms (cache miss)
1212 silly packumentCache full:https://registry.npmjs.org/is-set set size:undefined disposed:false
1213 silly fetch manifest is-shared-array-buffer@^1.0.4
1214 silly packumentCache full:https://registry.npmjs.org/is-shared-array-buffer cache-miss
1215 http fetch GET 200 https://registry.npmjs.org/is-shared-array-buffer 17ms (cache miss)
1216 silly packumentCache full:https://registry.npmjs.org/is-shared-array-buffer set size:undefined disposed:false
1217 silly fetch manifest is-typed-array@^1.1.15
1218 silly packumentCache full:https://registry.npmjs.org/is-typed-array cache-miss
1219 http fetch GET 200 https://registry.npmjs.org/is-typed-array 16ms (cache miss)
1220 silly packumentCache full:https://registry.npmjs.org/is-typed-array set size:undefined disposed:false
1221 silly fetch manifest is-weakref@^1.1.1
1222 silly packumentCache full:https://registry.npmjs.org/is-weakref cache-miss
1223 http fetch GET 200 https://registry.npmjs.org/is-weakref 17ms (cache miss)
1224 silly packumentCache full:https://registry.npmjs.org/is-weakref set size:undefined disposed:false
1225 silly fetch manifest object-inspect@^1.13.4
1226 silly packumentCache full:https://registry.npmjs.org/object-inspect cache-miss
1227 http fetch GET 200 https://registry.npmjs.org/object-inspect 17ms (cache miss)
1228 silly packumentCache full:https://registry.npmjs.org/object-inspect set size:undefined disposed:false
1229 silly fetch manifest object.assign@^4.1.7
1230 silly packumentCache full:https://registry.npmjs.org/object.assign cache-miss
1231 http fetch GET 200 https://registry.npmjs.org/object.assign 21ms (cache miss)
1232 silly packumentCache full:https://registry.npmjs.org/object.assign set size:undefined disposed:false
1233 silly fetch manifest own-keys@^1.0.1
1234 silly packumentCache full:https://registry.npmjs.org/own-keys cache-miss
1235 http fetch GET 200 https://registry.npmjs.org/own-keys 15ms (cache miss)
1236 silly packumentCache full:https://registry.npmjs.org/own-keys set size:undefined disposed:false
1237 silly fetch manifest regexp.prototype.flags@^1.5.4
1238 silly packumentCache full:https://registry.npmjs.org/regexp.prototype.flags cache-miss
1239 http fetch GET 200 https://registry.npmjs.org/regexp.prototype.flags 16ms (cache miss)
1240 silly packumentCache full:https://registry.npmjs.org/regexp.prototype.flags set size:undefined disposed:false
1241 silly fetch manifest safe-array-concat@^1.1.3
1242 silly packumentCache full:https://registry.npmjs.org/safe-array-concat cache-miss
1243 http fetch GET 200 https://registry.npmjs.org/safe-array-concat 14ms (cache miss)
1244 silly packumentCache full:https://registry.npmjs.org/safe-array-concat set size:undefined disposed:false
1245 silly fetch manifest safe-push-apply@^1.0.0
1246 silly packumentCache full:https://registry.npmjs.org/safe-push-apply cache-miss
1247 http fetch GET 200 https://registry.npmjs.org/safe-push-apply 13ms (cache miss)
1248 silly packumentCache full:https://registry.npmjs.org/safe-push-apply set size:undefined disposed:false
1249 silly fetch manifest safe-regex-test@^1.1.0
1250 silly packumentCache full:https://registry.npmjs.org/safe-regex-test cache-miss
1251 http cache https://registry.npmjs.org/safe-regex-test 2ms (cache hit)
1252 silly packumentCache full:https://registry.npmjs.org/safe-regex-test set size:17412 disposed:false
1253 silly fetch manifest set-proto@^1.0.0
1254 silly packumentCache full:https://registry.npmjs.org/set-proto cache-miss
1255 http fetch GET 200 https://registry.npmjs.org/set-proto 13ms (cache miss)
1256 silly packumentCache full:https://registry.npmjs.org/set-proto set size:undefined disposed:false
1257 silly fetch manifest stop-iteration-iterator@^1.1.0
1258 silly packumentCache full:https://registry.npmjs.org/stop-iteration-iterator cache-miss
1259 http fetch GET 200 https://registry.npmjs.org/stop-iteration-iterator 14ms (cache miss)
1260 silly packumentCache full:https://registry.npmjs.org/stop-iteration-iterator set size:undefined disposed:false
1261 silly fetch manifest string.prototype.trim@^1.2.10
1262 silly packumentCache full:https://registry.npmjs.org/string.prototype.trim cache-miss
1263 http fetch GET 200 https://registry.npmjs.org/string.prototype.trim 15ms (cache miss)
1264 silly packumentCache full:https://registry.npmjs.org/string.prototype.trim set size:undefined disposed:false
1265 silly fetch manifest string.prototype.trimstart@^1.0.8
1266 silly packumentCache full:https://registry.npmjs.org/string.prototype.trimstart cache-miss
1267 http fetch GET 200 https://registry.npmjs.org/string.prototype.trimstart 14ms (cache miss)
1268 silly packumentCache full:https://registry.npmjs.org/string.prototype.trimstart set size:undefined disposed:false
1269 silly fetch manifest typed-array-buffer@^1.0.3
1270 silly packumentCache full:https://registry.npmjs.org/typed-array-buffer cache-miss
1271 http fetch GET 200 https://registry.npmjs.org/typed-array-buffer 15ms (cache miss)
1272 silly packumentCache full:https://registry.npmjs.org/typed-array-buffer set size:undefined disposed:false
1273 silly fetch manifest typed-array-byte-length@^1.0.3
1274 silly packumentCache full:https://registry.npmjs.org/typed-array-byte-length cache-miss
1275 http fetch GET 200 https://registry.npmjs.org/typed-array-byte-length 13ms (cache miss)
1276 silly packumentCache full:https://registry.npmjs.org/typed-array-byte-length set size:undefined disposed:false
1277 silly fetch manifest typed-array-byte-offset@^1.0.4
1278 silly packumentCache full:https://registry.npmjs.org/typed-array-byte-offset cache-miss
1279 http fetch GET 200 https://registry.npmjs.org/typed-array-byte-offset 14ms (cache miss)
1280 silly packumentCache full:https://registry.npmjs.org/typed-array-byte-offset set size:undefined disposed:false
1281 silly fetch manifest typed-array-length@^1.0.7
1282 silly packumentCache full:https://registry.npmjs.org/typed-array-length cache-miss
1283 http fetch GET 200 https://registry.npmjs.org/typed-array-length 14ms (cache miss)
1284 silly packumentCache full:https://registry.npmjs.org/typed-array-length set size:undefined disposed:false
1285 silly fetch manifest unbox-primitive@^1.1.0
1286 silly packumentCache full:https://registry.npmjs.org/unbox-primitive cache-miss
1287 http fetch GET 200 https://registry.npmjs.org/unbox-primitive 14ms (cache miss)
1288 silly packumentCache full:https://registry.npmjs.org/unbox-primitive set size:undefined disposed:false
1289 silly fetch manifest which-typed-array@^1.1.19
1290 silly packumentCache full:https://registry.npmjs.org/which-typed-array cache-miss
1291 http fetch GET 200 https://registry.npmjs.org/which-typed-array 16ms (cache miss)
1292 silly packumentCache full:https://registry.npmjs.org/which-typed-array set size:undefined disposed:false
1293 silly fetch manifest has-tostringtag@^1.0.2
1294 silly packumentCache full:https://registry.npmjs.org/has-tostringtag cache-miss
1295 http fetch GET 200 https://registry.npmjs.org/has-tostringtag 13ms (cache miss)
1296 silly packumentCache full:https://registry.npmjs.org/has-tostringtag set size:undefined disposed:false
1297 silly placeDep ROOT es-errors@1.3.0 OK for: array.prototype.findlastindex@1.2.6 want: ^1.3.0
1298 silly placeDep ROOT es-shim-unscopables@1.1.0 OK for: array.prototype.findlastindex@1.2.6 want: ^1.1.0
1299 silly placeDep ROOT call-bind-apply-helpers@1.0.2 OK for: call-bind@1.0.9 want: ^1.0.2
1300 silly placeDep ROOT es-define-property@1.0.1 OK for: call-bind@1.0.9 want: ^1.0.1
1301 silly placeDep ROOT set-function-length@1.2.2 OK for: call-bind@1.0.9 want: ^1.2.2
1302 silly fetch manifest define-data-property@^1.1.4
1303 silly packumentCache full:https://registry.npmjs.org/define-data-property cache-miss
1304 http cache https://registry.npmjs.org/define-data-property 2ms (cache hit)
1305 silly packumentCache full:https://registry.npmjs.org/define-data-property set size:28048 disposed:false
1306 silly fetch manifest gopd@^1.0.1
1307 silly packumentCache full:https://registry.npmjs.org/gopd cache-miss
1308 http cache https://registry.npmjs.org/gopd 4ms (cache hit)
1309 silly packumentCache full:https://registry.npmjs.org/gopd set size:11483 disposed:false
1310 silly placeDep ROOT function-bind@1.1.2 OK for: call-bind-apply-helpers@1.0.2 want: ^1.1.2
1311 silly placeDep ROOT define-data-property@1.1.4 OK for: define-properties@1.2.1 want: ^1.0.1
1312 silly placeDep ROOT has-property-descriptors@1.0.2 OK for: define-properties@1.2.1 want: ^1.0.0
1313 silly placeDep ROOT object-keys@1.1.1 OK for: define-properties@1.2.1 want: ^1.1.1
1314 silly placeDep ROOT gopd@1.2.0 OK for: define-data-property@1.1.4 want: ^1.0.1
1315 silly placeDep ROOT array-buffer-byte-length@1.0.2 OK for: es-abstract@1.24.2 want: ^1.0.2
1316 silly placeDep ROOT arraybuffer.prototype.slice@1.0.4 OK for: es-abstract@1.24.2 want: ^1.0.4
1317 silly placeDep ROOT available-typed-arrays@1.0.7 OK for: es-abstract@1.24.2 want: ^1.0.7
1318 silly placeDep ROOT data-view-buffer@1.0.2 OK for: es-abstract@1.24.2 want: ^1.0.2
1319 silly placeDep ROOT data-view-byte-length@1.0.2 OK for: es-abstract@1.24.2 want: ^1.0.2
1320 silly placeDep ROOT data-view-byte-offset@1.0.1 OK for: es-abstract@1.24.2 want: ^1.0.1
1321 silly placeDep ROOT es-set-tostringtag@2.1.0 OK for: es-abstract@1.24.2 want: ^2.1.0
1322 silly placeDep ROOT es-to-primitive@1.3.4 OK for: es-abstract@1.24.2 want: ^1.3.0
1323 silly placeDep ROOT function.prototype.name@1.2.0 OK for: es-abstract@1.24.2 want: ^1.1.8
1324 silly placeDep ROOT get-proto@1.0.1 OK for: es-abstract@1.24.2 want: ^1.0.1
1325 silly placeDep ROOT get-symbol-description@1.1.0 OK for: es-abstract@1.24.2 want: ^1.1.0
1326 silly placeDep ROOT globalthis@1.0.4 OK for: es-abstract@1.24.2 want: ^1.0.4
1327 silly placeDep ROOT has-proto@1.2.0 OK for: es-abstract@1.24.2 want: ^1.2.0
1328 silly placeDep ROOT has-symbols@1.1.0 OK for: es-abstract@1.24.2 want: ^1.1.0
1329 silly placeDep ROOT internal-slot@1.1.0 OK for: es-abstract@1.24.2 want: ^1.1.0
1330 silly placeDep ROOT is-array-buffer@3.0.5 OK for: es-abstract@1.24.2 want: ^3.0.5
1331 silly placeDep ROOT is-callable@1.2.7 OK for: es-abstract@1.24.2 want: ^1.2.7
1332 silly placeDep ROOT is-data-view@1.0.2 OK for: es-abstract@1.24.2 want: ^1.0.2
1333 silly placeDep ROOT is-negative-zero@2.0.3 OK for: es-abstract@1.24.2 want: ^2.0.3
1334 silly placeDep ROOT is-regex@1.2.1 OK for: es-abstract@1.24.2 want: ^1.2.1
1335 silly placeDep ROOT is-set@2.0.3 OK for: es-abstract@1.24.2 want: ^2.0.3
1336 silly placeDep ROOT is-shared-array-buffer@1.0.4 OK for: es-abstract@1.24.2 want: ^1.0.4
1337 silly placeDep ROOT is-typed-array@1.1.15 OK for: es-abstract@1.24.2 want: ^1.1.15
1338 silly placeDep ROOT is-weakref@1.1.1 OK for: es-abstract@1.24.2 want: ^1.1.1
1339 silly placeDep ROOT object-inspect@1.13.4 OK for: es-abstract@1.24.2 want: ^1.13.4
1340 silly placeDep ROOT object.assign@4.1.7 OK for: es-abstract@1.24.2 want: ^4.1.7
1341 silly placeDep ROOT own-keys@1.0.2 OK for: es-abstract@1.24.2 want: ^1.0.1
1342 silly placeDep ROOT regexp.prototype.flags@1.5.4 OK for: es-abstract@1.24.2 want: ^1.5.4
1343 silly placeDep ROOT safe-array-concat@1.1.4 OK for: es-abstract@1.24.2 want: ^1.1.3
1344 silly placeDep ROOT safe-push-apply@1.0.0 OK for: es-abstract@1.24.2 want: ^1.0.0
1345 silly placeDep ROOT safe-regex-test@1.1.0 OK for: es-abstract@1.24.2 want: ^1.1.0
1346 silly placeDep ROOT set-proto@1.0.0 OK for: es-abstract@1.24.2 want: ^1.0.0
1347 silly placeDep ROOT stop-iteration-iterator@1.1.0 OK for: es-abstract@1.24.2 want: ^1.1.0
1348 silly placeDep ROOT string.prototype.trim@1.2.11 OK for: es-abstract@1.24.2 want: ^1.2.10
1349 silly placeDep ROOT string.prototype.trimstart@1.0.8 OK for: es-abstract@1.24.2 want: ^1.0.8
1350 silly placeDep ROOT typed-array-buffer@1.0.3 OK for: es-abstract@1.24.2 want: ^1.0.3
1351 silly placeDep ROOT typed-array-byte-length@1.0.3 OK for: es-abstract@1.24.2 want: ^1.0.3
1352 silly placeDep ROOT typed-array-byte-offset@1.0.4 OK for: es-abstract@1.24.2 want: ^1.0.4
1353 silly placeDep ROOT typed-array-length@1.0.8 OK for: es-abstract@1.24.2 want: ^1.0.7
1354 silly placeDep ROOT unbox-primitive@1.1.0 OK for: es-abstract@1.24.2 want: ^1.1.0
1355 silly placeDep ROOT which-typed-array@1.1.22 OK for: es-abstract@1.24.2 want: ^1.1.19
1356 silly fetch manifest is-array-buffer@^3.0.4
1357 silly packumentCache full:https://registry.npmjs.org/is-array-buffer cache-miss
1358 http cache https://registry.npmjs.org/is-array-buffer 2ms (cache hit)
1359 silly packumentCache full:https://registry.npmjs.org/is-array-buffer set size:33562 disposed:false
1360 silly fetch manifest possible-typed-array-names@^1.0.0
1361 silly packumentCache full:https://registry.npmjs.org/possible-typed-array-names cache-miss
1362 http fetch GET 200 https://registry.npmjs.org/possible-typed-array-names 14ms (cache miss)
1363 silly packumentCache full:https://registry.npmjs.org/possible-typed-array-names set size:undefined disposed:false
1364 silly fetch manifest is-data-view@^1.0.1
1365 silly packumentCache full:https://registry.npmjs.org/is-data-view cache-miss
1366 http cache https://registry.npmjs.org/is-data-view 2ms (cache hit)
1367 silly packumentCache full:https://registry.npmjs.org/is-data-view set size:13756 disposed:false
1368 silly fetch manifest is-symbol@^1.1.1
1369 silly packumentCache full:https://registry.npmjs.org/is-symbol cache-miss
1370 http fetch GET 200 https://registry.npmjs.org/is-symbol 16ms (cache miss)
1371 silly packumentCache full:https://registry.npmjs.org/is-symbol set size:undefined disposed:false
1372 silly fetch manifest is-date-object@^1.1.0
1373 silly packumentCache full:https://registry.npmjs.org/is-date-object cache-miss
1374 http fetch GET 200 https://registry.npmjs.org/is-date-object 15ms (cache miss)
1375 silly packumentCache full:https://registry.npmjs.org/is-date-object set size:undefined disposed:false
1376 silly fetch manifest es-abstract-get@^1.0.0
1377 silly packumentCache full:https://registry.npmjs.org/es-abstract-get cache-miss
1378 http fetch GET 200 https://registry.npmjs.org/es-abstract-get 14ms (cache miss)
1379 silly packumentCache full:https://registry.npmjs.org/es-abstract-get set size:undefined disposed:false
1380 silly fetch manifest is-document.all@^1.0.0
1381 silly packumentCache full:https://registry.npmjs.org/is-document.all cache-miss
1382 http fetch GET 200 https://registry.npmjs.org/is-document.all 13ms (cache miss)
1383 silly packumentCache full:https://registry.npmjs.org/is-document.all set size:undefined disposed:false
1384 silly fetch manifest functions-have-names@^1.2.3
1385 silly packumentCache full:https://registry.npmjs.org/functions-have-names cache-miss
1386 http fetch GET 200 https://registry.npmjs.org/functions-have-names 119ms (cache miss)
1387 silly packumentCache full:https://registry.npmjs.org/functions-have-names set size:undefined disposed:false
1388 silly fetch manifest dunder-proto@^1.0.1
1389 silly packumentCache full:https://registry.npmjs.org/dunder-proto cache-miss
1390 http fetch GET 200 https://registry.npmjs.org/dunder-proto 13ms (cache miss)
1391 silly packumentCache full:https://registry.npmjs.org/dunder-proto set size:undefined disposed:false
1392 silly fetch manifest dunder-proto@^1.0.0
1393 silly packumentCache full:https://registry.npmjs.org/dunder-proto cache-miss
1394 http cache https://registry.npmjs.org/dunder-proto 2ms (cache hit)
1395 silly packumentCache full:https://registry.npmjs.org/dunder-proto set size:8256 disposed:false
1396 silly fetch manifest side-channel@^1.1.0
1397 silly packumentCache full:https://registry.npmjs.org/side-channel cache-miss
1398 http fetch GET 200 https://registry.npmjs.org/side-channel 15ms (cache miss)
1399 silly packumentCache full:https://registry.npmjs.org/side-channel set size:undefined disposed:false
1400 silly fetch manifest is-typed-array@^1.1.13
1401 silly packumentCache full:https://registry.npmjs.org/is-typed-array cache-miss
1402 http cache https://registry.npmjs.org/is-typed-array 2ms (cache hit)
1403 silly packumentCache full:https://registry.npmjs.org/is-typed-array set size:79965 disposed:false
1404 silly fetch manifest which-typed-array@^1.1.16
1405 silly packumentCache full:https://registry.npmjs.org/which-typed-array cache-miss
1406 http cache https://registry.npmjs.org/which-typed-array 2ms (cache hit)
1407 silly packumentCache full:https://registry.npmjs.org/which-typed-array set size:101551 disposed:false
1408 silly fetch manifest set-function-name@^2.0.2
1409 silly packumentCache full:https://registry.npmjs.org/set-function-name cache-miss
1410 http fetch GET 200 https://registry.npmjs.org/set-function-name 19ms (cache miss)
1411 silly packumentCache full:https://registry.npmjs.org/set-function-name set size:undefined disposed:false
1412 silly fetch manifest isarray@^2.0.5
1413 silly packumentCache full:https://registry.npmjs.org/isarray cache-miss
1414 http fetch GET 200 https://registry.npmjs.org/isarray 15ms (cache miss)
1415 silly packumentCache full:https://registry.npmjs.org/isarray set size:undefined disposed:false
1416 silly fetch manifest for-each@^0.3.3
1417 silly packumentCache full:https://registry.npmjs.org/for-each cache-miss
1418 http fetch GET 200 https://registry.npmjs.org/for-each 13ms (cache miss)
1419 silly packumentCache full:https://registry.npmjs.org/for-each set size:undefined disposed:false
1420 silly fetch manifest reflect.getprototypeof@^1.0.9
1421 silly packumentCache full:https://registry.npmjs.org/reflect.getprototypeof cache-miss
1422 http fetch GET 200 https://registry.npmjs.org/reflect.getprototypeof 17ms (cache miss)
1423 silly packumentCache full:https://registry.npmjs.org/reflect.getprototypeof set size:undefined disposed:false
1424 silly fetch manifest for-each@^0.3.5
1425 silly packumentCache full:https://registry.npmjs.org/for-each cache-miss
1426 http cache https://registry.npmjs.org/for-each 2ms (cache hit)
1427 silly packumentCache full:https://registry.npmjs.org/for-each set size:14327 disposed:false
1428 silly fetch manifest possible-typed-array-names@^1.1.0
1429 silly packumentCache full:https://registry.npmjs.org/possible-typed-array-names cache-miss
1430 http cache https://registry.npmjs.org/possible-typed-array-names 2ms (cache hit)
1431 silly packumentCache full:https://registry.npmjs.org/possible-typed-array-names set size:9167 disposed:false
1432 silly fetch manifest reflect.getprototypeof@^1.0.10
1433 silly packumentCache full:https://registry.npmjs.org/reflect.getprototypeof cache-miss
1434 http cache https://registry.npmjs.org/reflect.getprototypeof 2ms (cache hit)
1435 silly packumentCache full:https://registry.npmjs.org/reflect.getprototypeof set size:44083 disposed:false
1436 silly fetch manifest has-bigints@^1.0.2
1437 silly packumentCache full:https://registry.npmjs.org/has-bigints cache-miss
1438 http fetch GET 200 https://registry.npmjs.org/has-bigints 14ms (cache miss)
1439 silly packumentCache full:https://registry.npmjs.org/has-bigints set size:undefined disposed:false
1440 silly fetch manifest which-boxed-primitive@^1.1.1
1441 silly packumentCache full:https://registry.npmjs.org/which-boxed-primitive cache-miss
1442 http fetch GET 200 https://registry.npmjs.org/which-boxed-primitive 13ms (cache miss)
1443 silly packumentCache full:https://registry.npmjs.org/which-boxed-primitive set size:undefined disposed:false
1444 silly placeDep ROOT possible-typed-array-names@1.1.0 OK for: available-typed-arrays@1.0.7 want: ^1.0.0
1445 silly placeDep ROOT has-tostringtag@1.0.2 OK for: es-set-tostringtag@2.1.0 want: ^1.0.2
1446 silly placeDep ROOT es-abstract-get@1.0.0 OK for: es-to-primitive@1.3.4 want: ^1.0.0
1447 silly placeDep ROOT is-date-object@1.1.0 OK for: es-to-primitive@1.3.4 want: ^1.1.0
1448 silly placeDep ROOT is-symbol@1.1.1 OK for: es-to-primitive@1.3.4 want: ^1.1.1
1449 silly placeDep node_modules/eslint-module-utils debug@3.2.7 OK for: eslint-module-utils@2.14.0 want: ^3.2.7
1450 silly placeDep ROOT aria-query@5.3.2 OK for: eslint-plugin-jsx-a11y@6.10.2 want: ^5.3.2
1451 silly placeDep ROOT ast-types-flow@0.0.8 OK for: eslint-plugin-jsx-a11y@6.10.2 want: ^0.0.8
1452 silly placeDep ROOT axe-core@4.12.1 OK for: eslint-plugin-jsx-a11y@6.10.2 want: ^4.10.0
1453 silly placeDep ROOT axobject-query@4.1.0 OK for: eslint-plugin-jsx-a11y@6.10.2 want: ^4.1.0
1454 silly placeDep ROOT damerau-levenshtein@1.0.8 OK for: eslint-plugin-jsx-a11y@6.10.2 want: ^1.0.8
1455 silly placeDep ROOT emoji-regex@9.2.2 OK for: eslint-plugin-jsx-a11y@6.10.2 want: ^9.2.2
1456 silly placeDep ROOT jsx-ast-utils@3.3.5 OK for: eslint-plugin-jsx-a11y@6.10.2 want: ^3.3.5
1457 silly placeDep ROOT language-tags@1.0.9 OK for: eslint-plugin-jsx-a11y@6.10.2 want: ^1.0.9
1458 silly placeDep ROOT string.prototype.includes@2.0.1 OK for: eslint-plugin-jsx-a11y@6.10.2 want: ^2.0.1
1459 silly fetch manifest language-subtag-registry@^0.3.20
1460 silly packumentCache full:https://registry.npmjs.org/language-subtag-registry cache-miss
1461 http fetch GET 200 https://registry.npmjs.org/language-subtag-registry 14ms (cache miss)
1462 silly packumentCache full:https://registry.npmjs.org/language-subtag-registry set size:undefined disposed:false
1463 silly placeDep ROOT array.prototype.findlast@1.2.5 OK for: eslint-plugin-react@7.37.5 want: ^1.2.5
1464 silly placeDep ROOT array.prototype.tosorted@1.1.4 OK for: eslint-plugin-react@7.37.5 want: ^1.1.4
1465 silly placeDep ROOT es-iterator-helpers@1.4.0 OK for: eslint-plugin-react@7.37.5 want: ^1.2.1
1466 silly placeDep ROOT estraverse@5.3.0 OK for: eslint-plugin-react@7.37.5 want: ^5.3.0
1467 silly placeDep ROOT object.entries@1.1.9 OK for: eslint-plugin-react@7.37.5 want: ^1.1.9
1468 silly placeDep ROOT prop-types@15.8.1 OK for: eslint-plugin-react@7.37.5 want: ^15.8.1
1469 silly placeDep ROOT string.prototype.matchall@4.0.12 OK for: eslint-plugin-react@7.37.5 want: ^4.0.12
1470 silly placeDep ROOT string.prototype.repeat@1.0.0 OK for: eslint-plugin-react@7.37.5 want: ^1.0.0
1471 silly fetch manifest iterator.prototype@^1.1.5
1472 silly packumentCache full:https://registry.npmjs.org/iterator.prototype cache-miss
1473 http fetch GET 200 https://registry.npmjs.org/iterator.prototype 17ms (cache miss)
1474 silly packumentCache full:https://registry.npmjs.org/iterator.prototype set size:undefined disposed:false
1475 silly fetch manifest loose-envify@^1.4.0
1476 silly packumentCache full:https://registry.npmjs.org/loose-envify cache-miss
1477 http fetch GET 200 https://registry.npmjs.org/loose-envify 14ms (cache miss)
1478 silly packumentCache full:https://registry.npmjs.org/loose-envify set size:undefined disposed:false
1479 silly fetch manifest object-assign@^4.1.1
1480 silly packumentCache full:https://registry.npmjs.org/object-assign cache-miss
1481 http fetch GET 200 https://registry.npmjs.org/object-assign 14ms (cache miss)
1482 silly packumentCache full:https://registry.npmjs.org/object-assign set size:undefined disposed:false
1483 silly fetch manifest react-is@^16.13.1
1484 silly packumentCache full:https://registry.npmjs.org/react-is cache-miss
1485 http fetch GET 200 https://registry.npmjs.org/react-is 129ms (cache miss)
1486 silly packumentCache full:https://registry.npmjs.org/react-is set size:undefined disposed:false
1487 silly placeDep ROOT iterator.prototype@1.1.5 OK for: es-iterator-helpers@1.4.0 want: ^1.1.5
1488 silly placeDep ROOT @babel/core@7.29.7 OK for: eslint-plugin-react-hooks@7.1.1 want: ^7.24.4
1489 silly placeDep ROOT @babel/parser@7.29.8 OK for: eslint-plugin-react-hooks@7.1.1 want: ^7.24.4
1490 silly placeDep ROOT hermes-parser@0.25.1 OK for: eslint-plugin-react-hooks@7.1.1 want: ^0.25.1
1491 silly placeDep ROOT zod@4.4.3 OK for: eslint-plugin-react-hooks@7.1.1 want: ^3.25.0 || ^4.0.0
1492 silly placeDep ROOT zod-validation-error@4.0.2 OK for: eslint-plugin-react-hooks@7.1.1 want: ^3.5.0 || ^4.0.0
1493 silly fetch manifest json5@^2.2.3
1494 silly packumentCache full:https://registry.npmjs.org/json5 cache-miss
1495 http cache https://registry.npmjs.org/json5 5ms (cache hit)
1496 silly packumentCache full:https://registry.npmjs.org/json5 set size:86136 disposed:false
1497 silly fetch manifest gensync@^1.0.0-beta.2
1498 silly packumentCache full:https://registry.npmjs.org/gensync cache-miss
1499 http fetch GET 200 https://registry.npmjs.org/gensync 18ms (cache miss)
1500 silly packumentCache full:https://registry.npmjs.org/gensync set size:undefined disposed:false
1501 silly fetch manifest @babel/types@^7.29.7
1502 silly packumentCache full:https://registry.npmjs.org/@babel%2ftypes cache-miss
1503 http fetch GET 200 https://registry.npmjs.org/@babel%2ftypes 34ms (cache miss)
1504 silly packumentCache full:https://registry.npmjs.org/@babel%2ftypes set size:undefined disposed:false
1505 silly fetch manifest @babel/parser@^7.29.7
1506 silly packumentCache full:https://registry.npmjs.org/@babel%2fparser cache-miss
1507 http cache https://registry.npmjs.org/@babel%2fparser 4ms (cache hit)
1508 silly packumentCache full:https://registry.npmjs.org/@babel%2fparser set size:737961 disposed:false
1509 silly fetch manifest @babel/helpers@^7.29.7
1510 silly packumentCache full:https://registry.npmjs.org/@babel%2fhelpers cache-miss
1511 http fetch GET 200 https://registry.npmjs.org/@babel%2fhelpers 29ms (cache miss)
1512 silly packumentCache full:https://registry.npmjs.org/@babel%2fhelpers set size:undefined disposed:false
1513 silly fetch manifest @babel/template@^7.29.7
1514 silly packumentCache full:https://registry.npmjs.org/@babel%2ftemplate cache-miss
1515 http fetch GET 200 https://registry.npmjs.org/@babel%2ftemplate 25ms (cache miss)
1516 silly packumentCache full:https://registry.npmjs.org/@babel%2ftemplate set size:undefined disposed:false
1517 silly fetch manifest @babel/traverse@^7.29.7
1518 silly packumentCache full:https://registry.npmjs.org/@babel%2ftraverse cache-miss
1519 http fetch GET 200 https://registry.npmjs.org/@babel%2ftraverse 32ms (cache miss)
1520 silly packumentCache full:https://registry.npmjs.org/@babel%2ftraverse set size:undefined disposed:false
1521 silly fetch manifest @babel/generator@^7.29.7
1522 silly packumentCache full:https://registry.npmjs.org/@babel%2fgenerator cache-miss
1523 http fetch GET 200 https://registry.npmjs.org/@babel%2fgenerator 34ms (cache miss)
1524 silly packumentCache full:https://registry.npmjs.org/@babel%2fgenerator set size:undefined disposed:false
1525 silly fetch manifest @babel/code-frame@^7.29.7
1526 silly packumentCache full:https://registry.npmjs.org/@babel%2fcode-frame cache-miss
1527 http fetch GET 200 https://registry.npmjs.org/@babel%2fcode-frame 21ms (cache miss)
1528 silly packumentCache full:https://registry.npmjs.org/@babel%2fcode-frame set size:undefined disposed:false
1529 silly fetch manifest convert-source-map@^2.0.0
1530 silly packumentCache full:https://registry.npmjs.org/convert-source-map cache-miss
1531 http fetch GET 200 https://registry.npmjs.org/convert-source-map 15ms (cache miss)
1532 silly packumentCache full:https://registry.npmjs.org/convert-source-map set size:undefined disposed:false
1533 silly fetch manifest @jridgewell/remapping@^2.3.5
1534 silly packumentCache full:https://registry.npmjs.org/@jridgewell%2fremapping cache-miss
1535 http fetch GET 200 https://registry.npmjs.org/@jridgewell%2fremapping 21ms (cache miss)
1536 silly packumentCache full:https://registry.npmjs.org/@jridgewell%2fremapping set size:undefined disposed:false
1537 silly fetch manifest @babel/helper-module-transforms@^7.29.7
1538 silly packumentCache full:https://registry.npmjs.org/@babel%2fhelper-module-transforms cache-miss
1539 http fetch GET 200 https://registry.npmjs.org/@babel%2fhelper-module-transforms 30ms (cache miss)
1540 silly packumentCache full:https://registry.npmjs.org/@babel%2fhelper-module-transforms set size:undefined disposed:false
1541 silly fetch manifest @babel/helper-compilation-targets@^7.29.7
1542 silly packumentCache full:https://registry.npmjs.org/@babel%2fhelper-compilation-targets cache-miss
1543 http fetch GET 200 https://registry.npmjs.org/@babel%2fhelper-compilation-targets 27ms (cache miss)
1544 silly packumentCache full:https://registry.npmjs.org/@babel%2fhelper-compilation-targets set size:undefined disposed:false
1545 silly fetch manifest @babel/types@^7.29.8
1546 silly packumentCache full:https://registry.npmjs.org/@babel%2ftypes cache-miss
1547 http cache https://registry.npmjs.org/@babel%2ftypes 3ms (cache hit)
1548 silly packumentCache full:https://registry.npmjs.org/@babel%2ftypes set size:502938 disposed:false
1549 silly fetch manifest hermes-estree@0.25.1
1550 silly packumentCache full:https://registry.npmjs.org/hermes-estree cache-miss
1551 http fetch GET 200 https://registry.npmjs.org/hermes-estree 16ms (cache miss)
1552 silly packumentCache full:https://registry.npmjs.org/hermes-estree set size:undefined disposed:false
1553 silly fetch manifest @babel/core@^7.0.0
1554 silly packumentCache full:https://registry.npmjs.org/@babel%2fcore cache-miss
1555 http cache https://registry.npmjs.org/@babel%2fcore 4ms (cache hit)
1556 silly packumentCache full:https://registry.npmjs.org/@babel%2fcore set size:788273 disposed:false
1557 silly placeDep ROOT @babel/code-frame@7.29.7 OK for: @babel/core@7.29.7 want: ^7.29.7
1558 silly placeDep ROOT @babel/generator@7.29.8 OK for: @babel/core@7.29.7 want: ^7.29.7
1559 silly placeDep ROOT @babel/helper-compilation-targets@7.29.7 OK for: @babel/core@7.29.7 want: ^7.29.7
1560 silly placeDep ROOT @babel/helper-module-transforms@7.29.7 OK for: @babel/core@7.29.7 want: ^7.29.7
1561 silly placeDep ROOT @babel/helpers@7.29.7 OK for: @babel/core@7.29.7 want: ^7.29.7
1562 silly placeDep ROOT @babel/template@7.29.7 OK for: @babel/core@7.29.7 want: ^7.29.7
1563 silly placeDep ROOT @babel/traverse@7.29.8 OK for: @babel/core@7.29.7 want: ^7.29.7
1564 silly placeDep ROOT @babel/types@7.29.8 OK for: @babel/core@7.29.7 want: ^7.29.7
1565 silly placeDep ROOT @jridgewell/remapping@2.3.5 OK for: @babel/core@7.29.7 want: ^2.3.5
1566 silly placeDep ROOT convert-source-map@2.0.0 OK for: @babel/core@7.29.7 want: ^2.0.0
1567 silly placeDep ROOT gensync@1.0.0-beta.2 OK for: @babel/core@7.29.7 want: ^1.0.0-beta.2
1568 silly placeDep ROOT json5@2.2.3 OK for: @babel/core@7.29.7 want: ^2.2.3
1569 silly fetch manifest js-tokens@^4.0.0
1570 silly packumentCache full:https://registry.npmjs.org/js-tokens cache-miss
1571 http fetch GET 200 https://registry.npmjs.org/js-tokens 17ms (cache miss)
1572 silly packumentCache full:https://registry.npmjs.org/js-tokens set size:undefined disposed:false
1573 silly fetch manifest picocolors@^1.1.1
1574 silly packumentCache full:https://registry.npmjs.org/picocolors cache-miss
1575 http fetch GET 200 https://registry.npmjs.org/picocolors 13ms (cache miss)
1576 silly packumentCache full:https://registry.npmjs.org/picocolors set size:undefined disposed:false
1577 silly fetch manifest @babel/helper-validator-identifier@^7.29.7
1578 silly packumentCache full:https://registry.npmjs.org/@babel%2fhelper-validator-identifier cache-miss
1579 http fetch GET 200 https://registry.npmjs.org/@babel%2fhelper-validator-identifier 19ms (cache miss)
1580 silly packumentCache full:https://registry.npmjs.org/@babel%2fhelper-validator-identifier set size:undefined disposed:false
1581 silly fetch manifest jsesc@^3.0.2
1582 silly packumentCache full:https://registry.npmjs.org/jsesc cache-miss
1583 http fetch GET 200 https://registry.npmjs.org/jsesc 15ms (cache miss)
1584 silly packumentCache full:https://registry.npmjs.org/jsesc set size:undefined disposed:false
1585 silly fetch manifest @jridgewell/gen-mapping@^0.3.12
1586 silly packumentCache full:https://registry.npmjs.org/@jridgewell%2fgen-mapping cache-miss
1587 http fetch GET 200 https://registry.npmjs.org/@jridgewell%2fgen-mapping 24ms (cache miss)
1588 silly packumentCache full:https://registry.npmjs.org/@jridgewell%2fgen-mapping set size:undefined disposed:false
1589 silly fetch manifest @jridgewell/trace-mapping@^0.3.28
1590 silly packumentCache full:https://registry.npmjs.org/@jridgewell%2ftrace-mapping cache-miss
1591 http fetch GET 200 https://registry.npmjs.org/@jridgewell%2ftrace-mapping 26ms (cache miss)
1592 silly packumentCache full:https://registry.npmjs.org/@jridgewell%2ftrace-mapping set size:undefined disposed:false
1593 silly fetch manifest lru-cache@^5.1.1
1594 silly packumentCache full:https://registry.npmjs.org/lru-cache cache-miss
1595 http fetch GET 200 https://registry.npmjs.org/lru-cache 27ms (cache miss)
1596 silly packumentCache full:https://registry.npmjs.org/lru-cache set size:undefined disposed:false
1597 silly fetch manifest browserslist@^4.24.0
1598 silly packumentCache full:https://registry.npmjs.org/browserslist cache-miss
1599 http fetch GET 200 https://registry.npmjs.org/browserslist 28ms (cache miss)
1600 silly packumentCache full:https://registry.npmjs.org/browserslist set size:undefined disposed:false
1601 silly fetch manifest @babel/compat-data@^7.29.7
1602 silly packumentCache full:https://registry.npmjs.org/@babel%2fcompat-data cache-miss
1603 http fetch GET 200 https://registry.npmjs.org/@babel%2fcompat-data 25ms (cache miss)
1604 silly packumentCache full:https://registry.npmjs.org/@babel%2fcompat-data set size:undefined disposed:false
1605 silly fetch manifest @babel/helper-validator-option@^7.29.7
1606 silly packumentCache full:https://registry.npmjs.org/@babel%2fhelper-validator-option cache-miss
1607 http fetch GET 200 https://registry.npmjs.org/@babel%2fhelper-validator-option 20ms (cache miss)
1608 silly packumentCache full:https://registry.npmjs.org/@babel%2fhelper-validator-option set size:undefined disposed:false
1609 silly fetch manifest @babel/helper-module-imports@^7.29.7
1610 silly packumentCache full:https://registry.npmjs.org/@babel%2fhelper-module-imports cache-miss
1611 http fetch GET 200 https://registry.npmjs.org/@babel%2fhelper-module-imports 28ms (cache miss)
1612 silly packumentCache full:https://registry.npmjs.org/@babel%2fhelper-module-imports set size:undefined disposed:false
1613 silly fetch manifest @babel/helper-globals@^7.29.7
1614 silly packumentCache full:https://registry.npmjs.org/@babel%2fhelper-globals cache-miss
1615 http fetch GET 200 https://registry.npmjs.org/@babel%2fhelper-globals 19ms (cache miss)
1616 silly packumentCache full:https://registry.npmjs.org/@babel%2fhelper-globals set size:undefined disposed:false
1617 silly fetch manifest @babel/helper-string-parser@^7.29.7
1618 silly packumentCache full:https://registry.npmjs.org/@babel%2fhelper-string-parser cache-miss
1619 http fetch GET 200 https://registry.npmjs.org/@babel%2fhelper-string-parser 20ms (cache miss)
1620 silly packumentCache full:https://registry.npmjs.org/@babel%2fhelper-string-parser set size:undefined disposed:false
1621 silly fetch manifest @jridgewell/gen-mapping@^0.3.5
1622 silly packumentCache full:https://registry.npmjs.org/@jridgewell%2fgen-mapping cache-miss
1623 http cache https://registry.npmjs.org/@jridgewell%2fgen-mapping 2ms (cache hit)
1624 silly packumentCache full:https://registry.npmjs.org/@jridgewell%2fgen-mapping set size:75941 disposed:false
1625 silly fetch manifest @jridgewell/trace-mapping@^0.3.24
1626 silly packumentCache full:https://registry.npmjs.org/@jridgewell%2ftrace-mapping cache-miss
1627 http cache https://registry.npmjs.org/@jridgewell%2ftrace-mapping 2ms (cache hit)
1628 silly packumentCache full:https://registry.npmjs.org/@jridgewell%2ftrace-mapping set size:170909 disposed:false
1629 silly placeDep ROOT @babel/helper-validator-identifier@7.29.7 OK for: @babel/code-frame@7.29.7 want: ^7.29.7
1630 silly placeDep ROOT js-tokens@4.0.0 OK for: @babel/code-frame@7.29.7 want: ^4.0.0
1631 silly placeDep ROOT picocolors@1.1.1 OK for: @babel/code-frame@7.29.7 want: ^1.1.1
1632 silly placeDep ROOT @jridgewell/gen-mapping@0.3.13 OK for: @babel/generator@7.29.8 want: ^0.3.12
1633 silly placeDep ROOT @jridgewell/trace-mapping@0.3.31 OK for: @babel/generator@7.29.8 want: ^0.3.28
1634 silly placeDep ROOT jsesc@3.1.0 OK for: @babel/generator@7.29.8 want: ^3.0.2
1635 silly fetch manifest @jridgewell/sourcemap-codec@^1.5.0
1636 silly packumentCache full:https://registry.npmjs.org/@jridgewell%2fsourcemap-codec cache-miss
1637 http fetch GET 200 https://registry.npmjs.org/@jridgewell%2fsourcemap-codec 29ms (cache miss)
1638 silly packumentCache full:https://registry.npmjs.org/@jridgewell%2fsourcemap-codec set size:undefined disposed:false
1639 silly fetch manifest @jridgewell/resolve-uri@^3.1.0
1640 silly packumentCache full:https://registry.npmjs.org/@jridgewell%2fresolve-uri cache-miss
1641 http fetch GET 200 https://registry.npmjs.org/@jridgewell%2fresolve-uri 22ms (cache miss)
1642 silly packumentCache full:https://registry.npmjs.org/@jridgewell%2fresolve-uri set size:undefined disposed:false
1643 silly fetch manifest @jridgewell/sourcemap-codec@^1.4.14
1644 silly packumentCache full:https://registry.npmjs.org/@jridgewell%2fsourcemap-codec cache-miss
1645 http cache https://registry.npmjs.org/@jridgewell%2fsourcemap-codec 2ms (cache hit)
1646 silly packumentCache full:https://registry.npmjs.org/@jridgewell%2fsourcemap-codec set size:51856 disposed:false
1647 silly placeDep ROOT @babel/compat-data@7.29.7 OK for: @babel/helper-compilation-targets@7.29.7 want: ^7.29.7
1648 silly placeDep ROOT @babel/helper-validator-option@7.29.7 OK for: @babel/helper-compilation-targets@7.29.7 want: ^7.29.7
1649 silly placeDep ROOT browserslist@4.28.7 OK for: @babel/helper-compilation-targets@7.29.7 want: ^4.24.0
1650 silly placeDep ROOT lru-cache@5.1.1 OK for: @babel/helper-compilation-targets@7.29.7 want: ^5.1.1
1651 silly fetch manifest caniuse-lite@^1.0.30001806
1652 silly packumentCache full:https://registry.npmjs.org/caniuse-lite cache-miss
1653 http cache https://registry.npmjs.org/caniuse-lite 7ms (cache hit)
1654 silly packumentCache full:https://registry.npmjs.org/caniuse-lite set size:2306880 disposed:false
1655 silly fetch manifest node-releases@^2.0.51
1656 silly packumentCache full:https://registry.npmjs.org/node-releases cache-miss
1657 http fetch GET 200 https://registry.npmjs.org/node-releases 39ms (cache miss)
1658 silly packumentCache full:https://registry.npmjs.org/node-releases set size:undefined disposed:false
1659 silly fetch manifest electron-to-chromium@^1.5.393
1660 silly packumentCache full:https://registry.npmjs.org/electron-to-chromium cache-miss
1661 http fetch GET 200 https://registry.npmjs.org/electron-to-chromium 114ms (cache miss)
1662 silly packumentCache full:https://registry.npmjs.org/electron-to-chromium set size:undefined disposed:false
1663 silly fetch manifest update-browserslist-db@^1.2.3
1664 silly packumentCache full:https://registry.npmjs.org/update-browserslist-db cache-miss
1665 http fetch GET 200 https://registry.npmjs.org/update-browserslist-db 20ms (cache miss)
1666 silly packumentCache full:https://registry.npmjs.org/update-browserslist-db set size:undefined disposed:false
1667 silly fetch manifest baseline-browser-mapping@^2.10.44
1668 silly packumentCache full:https://registry.npmjs.org/baseline-browser-mapping cache-miss
1669 http fetch GET 200 https://registry.npmjs.org/baseline-browser-mapping 32ms (cache miss)
1670 silly packumentCache full:https://registry.npmjs.org/baseline-browser-mapping set size:undefined disposed:false
1671 silly fetch manifest yallist@^3.0.2
1672 silly packumentCache full:https://registry.npmjs.org/yallist cache-miss
1673 http fetch GET 200 https://registry.npmjs.org/yallist 16ms (cache miss)
1674 silly packumentCache full:https://registry.npmjs.org/yallist set size:undefined disposed:false
1675 silly placeDep ROOT @babel/helper-module-imports@7.29.7 OK for: @babel/helper-module-transforms@7.29.7 want: ^7.29.7
1676 silly placeDep ROOT @babel/helper-globals@7.29.7 OK for: @babel/traverse@7.29.8 want: ^7.29.7
1677 silly placeDep ROOT @babel/helper-string-parser@7.29.7 OK for: @babel/types@7.29.8 want: ^7.29.7
1678 silly placeDep ROOT @jridgewell/sourcemap-codec@1.5.5 OK for: @jridgewell/gen-mapping@0.3.13 want: ^1.5.0
1679 silly placeDep ROOT @jridgewell/resolve-uri@3.1.2 OK for: @jridgewell/trace-mapping@0.3.31 want: ^3.1.0
1680 silly fetch manifest browserslist@>= 4.21.0
1681 silly packumentCache full:https://registry.npmjs.org/browserslist cache-miss
1682 http cache https://registry.npmjs.org/browserslist 4ms (cache hit)
1683 silly packumentCache full:https://registry.npmjs.org/browserslist set size:516369 disposed:false
1684 silly placeDep ROOT baseline-browser-mapping@2.11.12 OK for: browserslist@4.28.7 want: ^2.10.44
1685 silly placeDep ROOT caniuse-lite@1.0.30001806 OK for: browserslist@4.28.7 want: ^1.0.30001806
1686 silly placeDep ROOT electron-to-chromium@1.5.401 OK for: browserslist@4.28.7 want: ^1.5.393
1687 silly placeDep ROOT node-releases@2.0.52 OK for: browserslist@4.28.7 want: ^2.0.51
1688 silly placeDep ROOT update-browserslist-db@1.2.3 OK for: browserslist@4.28.7 want: ^1.2.3
1689 silly fetch manifest escalade@^3.2.0
1690 silly packumentCache full:https://registry.npmjs.org/escalade cache-miss
1691 http fetch GET 200 https://registry.npmjs.org/escalade 15ms (cache miss)
1692 silly packumentCache full:https://registry.npmjs.org/escalade set size:undefined disposed:false
1693 silly placeDep ROOT esrecurse@4.3.0 OK for: eslint-scope@8.4.0 want: ^4.3.0
1694 silly placeDep ROOT acorn@8.18.0 OK for: espree@10.4.0 want: ^8.15.0
1695 silly placeDep ROOT acorn-jsx@5.3.2 OK for: espree@10.4.0 want: ^5.3.2
1696 silly placeDep ROOT @nodelib/fs.stat@2.0.5 OK for: fast-glob@3.3.1 want: ^2.0.2
1697 silly placeDep ROOT @nodelib/fs.walk@1.2.8 OK for: fast-glob@3.3.1 want: ^1.2.3
1698 silly placeDep node_modules/fast-glob glob-parent@5.1.2 OK for: fast-glob@3.3.1 want: ^5.1.2
1699 silly placeDep ROOT merge2@1.4.1 OK for: fast-glob@3.3.1 want: ^1.3.0
1700 silly placeDep ROOT micromatch@4.0.8 OK for: fast-glob@3.3.1 want: ^4.0.4
1701 silly fetch manifest fastq@^1.6.0
1702 silly packumentCache full:https://registry.npmjs.org/fastq cache-miss
1703 http fetch GET 200 https://registry.npmjs.org/fastq 18ms (cache miss)
1704 silly packumentCache full:https://registry.npmjs.org/fastq set size:undefined disposed:false
1705 silly fetch manifest @nodelib/fs.scandir@2.1.5
1706 silly packumentCache full:https://registry.npmjs.org/@nodelib%2ffs.scandir cache-miss
1707 http fetch GET 200 https://registry.npmjs.org/@nodelib%2ffs.scandir 26ms (cache miss)
1708 silly packumentCache full:https://registry.npmjs.org/@nodelib%2ffs.scandir set size:undefined disposed:false
1709 silly fetch manifest braces@^3.0.3
1710 silly packumentCache full:https://registry.npmjs.org/braces cache-miss
1711 http fetch GET 200 https://registry.npmjs.org/braces 16ms (cache miss)
1712 silly packumentCache full:https://registry.npmjs.org/braces set size:undefined disposed:false
1713 silly fetch manifest picomatch@^2.3.1
1714 silly packumentCache full:https://registry.npmjs.org/picomatch cache-miss
1715 http cache https://registry.npmjs.org/picomatch 3ms (cache hit)
1716 silly packumentCache full:https://registry.npmjs.org/picomatch set size:128942 disposed:false
1717 silly placeDep ROOT @nodelib/fs.scandir@2.1.5 OK for: @nodelib/fs.walk@1.2.8 want: 2.1.5
1718 silly placeDep ROOT fastq@1.20.1 OK for: @nodelib/fs.walk@1.2.8 want: ^1.6.0
1719 silly fetch manifest run-parallel@^1.1.9
1720 silly packumentCache full:https://registry.npmjs.org/run-parallel cache-miss
1721 http fetch GET 200 https://registry.npmjs.org/run-parallel 14ms (cache miss)
1722 silly packumentCache full:https://registry.npmjs.org/run-parallel set size:undefined disposed:false
1723 silly fetch manifest reusify@^1.0.4
1724 silly packumentCache full:https://registry.npmjs.org/reusify cache-miss
1725 http fetch GET 200 https://registry.npmjs.org/reusify 13ms (cache miss)
1726 silly packumentCache full:https://registry.npmjs.org/reusify set size:undefined disposed:false
1727 silly placeDep ROOT run-parallel@1.2.0 OK for: @nodelib/fs.scandir@2.1.5 want: ^1.1.9
1728 silly fetch manifest queue-microtask@^1.2.2
1729 silly packumentCache full:https://registry.npmjs.org/queue-microtask cache-miss
1730 http fetch GET 200 https://registry.npmjs.org/queue-microtask 15ms (cache miss)
1731 silly packumentCache full:https://registry.npmjs.org/queue-microtask set size:undefined disposed:false
1732 silly placeDep ROOT reusify@1.1.0 OK for: fastq@1.20.1 want: ^1.0.4
1733 silly placeDep ROOT flat-cache@4.0.1 OK for: file-entry-cache@8.0.0 want: ^4.0.0
1734 silly fetch manifest keyv@^4.5.4
1735 silly packumentCache full:https://registry.npmjs.org/keyv cache-miss
1736 http fetch GET 200 https://registry.npmjs.org/keyv 19ms (cache miss)
1737 silly packumentCache full:https://registry.npmjs.org/keyv set size:undefined disposed:false
1738 silly fetch manifest flatted@^3.2.9
1739 silly packumentCache full:https://registry.npmjs.org/flatted cache-miss
1740 http fetch GET 200 https://registry.npmjs.org/flatted 25ms (cache miss)
1741 silly packumentCache full:https://registry.npmjs.org/flatted set size:undefined disposed:false
1742 silly placeDep ROOT locate-path@6.0.0 OK for: find-up@5.0.0 want: ^6.0.0
1743 silly placeDep ROOT path-exists@4.0.0 OK for: find-up@5.0.0 want: ^4.0.0
1744 silly fetch manifest p-locate@^5.0.0
1745 silly packumentCache full:https://registry.npmjs.org/p-locate cache-miss
1746 http fetch GET 200 https://registry.npmjs.org/p-locate 14ms (cache miss)
1747 silly packumentCache full:https://registry.npmjs.org/p-locate set size:undefined disposed:false
1748 silly placeDep ROOT flatted@3.4.4 OK for: flat-cache@4.0.1 want: ^3.2.9
1749 silly placeDep ROOT keyv@4.5.4 OK for: flat-cache@4.0.1 want: ^4.5.4
1750 silly fetch manifest json-buffer@3.0.1
1751 silly packumentCache full:https://registry.npmjs.org/json-buffer cache-miss
1752 http fetch GET 200 https://registry.npmjs.org/json-buffer 13ms (cache miss)
1753 silly packumentCache full:https://registry.npmjs.org/json-buffer set size:undefined disposed:false
1754 silly placeDep ROOT functions-have-names@1.2.3 OK for: function.prototype.name@1.2.0 want: ^1.2.3
1755 silly placeDep ROOT is-document.all@1.0.0 OK for: function.prototype.name@1.2.0 want: ^1.0.0
1756 silly placeDep ROOT dunder-proto@1.0.1 OK for: get-proto@1.0.1 want: ^1.0.1
1757 silly placeDep ROOT resolve-pkg-maps@1.0.0 OK for: get-tsconfig@4.14.1 want: ^1.0.0
1758 silly placeDep ROOT hermes-estree@0.25.1 OK for: hermes-parser@0.25.1 want: 0.25.1
1759 silly placeDep ROOT parent-module@1.0.1 OK for: import-fresh@3.3.1 want: ^1.0.0
1760 silly placeDep ROOT resolve-from@4.0.0 OK for: import-fresh@3.3.1 want: ^4.0.0
1761 silly fetch manifest callsites@^3.0.0
1762 silly packumentCache full:https://registry.npmjs.org/callsites cache-miss
1763 http fetch GET 200 https://registry.npmjs.org/callsites 14ms (cache miss)
1764 silly packumentCache full:https://registry.npmjs.org/callsites set size:undefined disposed:false
1765 silly placeDep ROOT side-channel@1.1.1 OK for: internal-slot@1.1.0 want: ^1.1.0
1766 silly fetch manifest side-channel-list@^1.0.1
1767 silly packumentCache full:https://registry.npmjs.org/side-channel-list cache-miss
1768 http fetch GET 200 https://registry.npmjs.org/side-channel-list 15ms (cache miss)
1769 silly packumentCache full:https://registry.npmjs.org/side-channel-list set size:undefined disposed:false
1770 silly fetch manifest side-channel-map@^1.0.1
1771 silly packumentCache full:https://registry.npmjs.org/side-channel-map cache-miss
1772 http fetch GET 200 https://registry.npmjs.org/side-channel-map 13ms (cache miss)
1773 silly packumentCache full:https://registry.npmjs.org/side-channel-map set size:undefined disposed:false
1774 silly fetch manifest side-channel-weakmap@^1.0.2
1775 silly packumentCache full:https://registry.npmjs.org/side-channel-weakmap cache-miss
1776 http fetch GET 200 https://registry.npmjs.org/side-channel-weakmap 14ms (cache miss)
1777 silly packumentCache full:https://registry.npmjs.org/side-channel-weakmap set size:undefined disposed:false
1778 silly placeDep node_modules/is-bun-module semver@7.8.5 OK for: is-bun-module@2.0.0 want: ^7.7.1
1779 silly placeDep ROOT is-extglob@2.1.1 OK for: is-glob@4.0.3 want: ^2.1.1
1780 silly placeDep ROOT set-function-name@2.0.2 OK for: iterator.prototype@1.1.5 want: ^2.0.2
1781 silly placeDep ROOT argparse@2.0.1 OK for: js-yaml@4.3.1 want: ^2.0.1
1782 silly placeDep ROOT json-buffer@3.0.1 OK for: keyv@4.5.4 want: 3.0.1
1783 silly placeDep ROOT language-subtag-registry@0.3.23 OK for: language-tags@1.0.9 want: ^0.3.20
1784 silly placeDep ROOT prelude-ls@1.2.1 OK for: levn@0.4.1 want: ^1.2.1
1785 silly placeDep ROOT type-check@0.4.0 OK for: levn@0.4.1 want: ~0.4.0
1786 silly placeDep ROOT p-locate@5.0.0 OK for: locate-path@6.0.0 want: ^5.0.0
1787 silly fetch manifest p-limit@^3.0.2
1788 silly packumentCache full:https://registry.npmjs.org/p-limit cache-miss
1789 http fetch GET 200 https://registry.npmjs.org/p-limit 20ms (cache miss)
1790 silly packumentCache full:https://registry.npmjs.org/p-limit set size:undefined disposed:false
1791 silly placeDep ROOT yallist@3.1.1 OK for: lru-cache@5.1.1 want: ^3.0.2
1792 silly placeDep ROOT braces@3.0.3 OK for: micromatch@4.0.8 want: ^3.0.3
1793 silly placeDep ROOT picomatch@2.3.2 OK for: micromatch@4.0.8 want: ^2.3.1
1794 silly fetch manifest fill-range@^7.1.1
1795 silly packumentCache full:https://registry.npmjs.org/fill-range cache-miss
1796 http fetch GET 200 https://registry.npmjs.org/fill-range 15ms (cache miss)
1797 silly packumentCache full:https://registry.npmjs.org/fill-range set size:undefined disposed:false
1798 silly placeDep ROOT fill-range@7.1.1 OK for: braces@3.0.3 want: ^7.1.1
1799 silly fetch manifest to-regex-range@^5.0.1
1800 silly packumentCache full:https://registry.npmjs.org/to-regex-range cache-miss
1801 http fetch GET 200 https://registry.npmjs.org/to-regex-range 17ms (cache miss)
1802 silly packumentCache full:https://registry.npmjs.org/to-regex-range set size:undefined disposed:false
1803 silly placeDep ROOT to-regex-range@5.0.1 OK for: fill-range@7.1.1 want: ^5.0.1
1804 silly fetch manifest is-number@^7.0.0
1805 silly packumentCache full:https://registry.npmjs.org/is-number cache-miss
1806 http fetch GET 200 https://registry.npmjs.org/is-number 15ms (cache miss)
1807 silly packumentCache full:https://registry.npmjs.org/is-number set size:undefined disposed:false
1808 silly placeDep ROOT brace-expansion@1.1.18 OK for: minimatch@3.1.5 want: ^1.1.7
1809 silly fetch manifest concat-map@0.0.1
1810 silly packumentCache full:https://registry.npmjs.org/concat-map cache-miss
1811 http fetch GET 200 https://registry.npmjs.org/concat-map 23ms (cache miss)
1812 silly packumentCache full:https://registry.npmjs.org/concat-map set size:undefined disposed:false
1813 silly fetch manifest balanced-match@^1.0.0
1814 silly packumentCache full:https://registry.npmjs.org/balanced-match cache-miss
1815 http fetch GET 200 https://registry.npmjs.org/balanced-match 16ms (cache miss)
1816 silly packumentCache full:https://registry.npmjs.org/balanced-match set size:undefined disposed:false
1817 silly placeDep ROOT balanced-match@1.0.2 OK for: brace-expansion@1.1.18 want: ^1.0.0
1818 silly placeDep ROOT concat-map@0.0.1 OK for: brace-expansion@1.1.18 want: 0.0.1
1819 silly fetch manifest react@^18.2.0 || 19.0.0-rc-de68d2f4-20241204 || ^19.0.0
1820 silly packumentCache full:https://registry.npmjs.org/react cache-miss
1821 http cache https://registry.npmjs.org/react 16ms (cache hit)
1822 silly packumentCache full:https://registry.npmjs.org/react set size:6863945 disposed:false
1823 silly placeDep ROOT @next/env@16.0.0 OK for: next@16.0.0 want: 16.0.0
1824 silly placeDep ROOT @next/swc-darwin-arm64@16.0.0 OK for: next@16.0.0 want: 16.0.0
1825 silly placeDep ROOT @next/swc-darwin-x64@16.0.0 OK for: next@16.0.0 want: 16.0.0
1826 silly placeDep ROOT @next/swc-linux-arm64-gnu@16.0.0 OK for: next@16.0.0 want: 16.0.0
1827 silly placeDep ROOT @next/swc-linux-arm64-musl@16.0.0 OK for: next@16.0.0 want: 16.0.0
1828 silly placeDep ROOT @next/swc-linux-x64-gnu@16.0.0 OK for: next@16.0.0 want: 16.0.0
1829 silly placeDep ROOT @next/swc-linux-x64-musl@16.0.0 OK for: next@16.0.0 want: 16.0.0
1830 silly placeDep ROOT @next/swc-win32-arm64-msvc@16.0.0 OK for: next@16.0.0 want: 16.0.0
1831 silly placeDep ROOT @next/swc-win32-x64-msvc@16.0.0 OK for: next@16.0.0 want: 16.0.0
1832 silly placeDep ROOT @swc/helpers@0.5.15 OK for: next@16.0.0 want: 0.5.15
1833 silly placeDep ROOT postcss@8.4.31 OK for: next@16.0.0 want: 8.4.31
1834 silly placeDep ROOT sharp@0.34.5 OK for: next@16.0.0 want: ^0.34.4
1835 silly placeDep ROOT styled-jsx@5.1.6 OK for: next@16.0.0 want: 5.1.6
1836 silly fetch manifest tslib@^2.8.0
1837 silly packumentCache full:https://registry.npmjs.org/tslib cache-miss
1838 http fetch GET 200 https://registry.npmjs.org/tslib 18ms (cache miss)
1839 silly packumentCache full:https://registry.npmjs.org/tslib set size:undefined disposed:false
1840 silly fetch manifest nanoid@^3.3.6
1841 silly packumentCache full:https://registry.npmjs.org/nanoid cache-miss
1842 http fetch GET 200 https://registry.npmjs.org/nanoid 23ms (cache miss)
1843 silly packumentCache full:https://registry.npmjs.org/nanoid set size:undefined disposed:false
1844 silly fetch manifest source-map-js@^1.0.2
1845 silly packumentCache full:https://registry.npmjs.org/source-map-js cache-miss
1846 http fetch GET 200 https://registry.npmjs.org/source-map-js 16ms (cache miss)
1847 silly packumentCache full:https://registry.npmjs.org/source-map-js set size:undefined disposed:false
1848 silly fetch manifest semver@^7.7.3
1849 silly packumentCache full:https://registry.npmjs.org/semver cache-hit
1850 silly fetch manifest @img/colour@^1.0.0
1851 silly packumentCache full:https://registry.npmjs.org/@img%2fcolour cache-miss
1852 http fetch GET 200 https://registry.npmjs.org/@img%2fcolour 21ms (cache miss)
1853 silly packumentCache full:https://registry.npmjs.org/@img%2fcolour set size:undefined disposed:false
1854 silly fetch manifest detect-libc@^2.1.2
1855 silly packumentCache full:https://registry.npmjs.org/detect-libc cache-miss
1856 http fetch GET 200 https://registry.npmjs.org/detect-libc 15ms (cache miss)
1857 silly packumentCache full:https://registry.npmjs.org/detect-libc set size:undefined disposed:false
1858 silly fetch manifest @img/sharp-wasm32@0.34.5
1859 silly packumentCache full:https://registry.npmjs.org/@img%2fsharp-wasm32 cache-miss
1860 http fetch GET 200 https://registry.npmjs.org/@img%2fsharp-wasm32 26ms (cache miss)
1861 silly packumentCache full:https://registry.npmjs.org/@img%2fsharp-wasm32 set size:undefined disposed:false
1862 silly fetch manifest @img/sharp-linux-arm@0.34.5
1863 silly packumentCache full:https://registry.npmjs.org/@img%2fsharp-linux-arm cache-miss
1864 http fetch GET 200 https://registry.npmjs.org/@img%2fsharp-linux-arm 24ms (cache miss)
1865 silly packumentCache full:https://registry.npmjs.org/@img%2fsharp-linux-arm set size:undefined disposed:false
1866 silly fetch manifest @img/sharp-linux-x64@0.34.5
1867 silly packumentCache full:https://registry.npmjs.org/@img%2fsharp-linux-x64 cache-miss
1868 http fetch GET 200 https://registry.npmjs.org/@img%2fsharp-linux-x64 24ms (cache miss)
1869 silly packumentCache full:https://registry.npmjs.org/@img%2fsharp-linux-x64 set size:undefined disposed:false
1870 silly fetch manifest @img/sharp-win32-x64@0.34.5
1871 silly packumentCache full:https://registry.npmjs.org/@img%2fsharp-win32-x64 cache-miss
1872 http fetch GET 200 https://registry.npmjs.org/@img%2fsharp-win32-x64 24ms (cache miss)
1873 silly packumentCache full:https://registry.npmjs.org/@img%2fsharp-win32-x64 set size:undefined disposed:false
1874 silly fetch manifest @img/sharp-darwin-x64@0.34.5
1875 silly packumentCache full:https://registry.npmjs.org/@img%2fsharp-darwin-x64 cache-miss
1876 http fetch GET 200 https://registry.npmjs.org/@img%2fsharp-darwin-x64 25ms (cache miss)
1877 silly packumentCache full:https://registry.npmjs.org/@img%2fsharp-darwin-x64 set size:undefined disposed:false
1878 silly fetch manifest @img/sharp-win32-ia32@0.34.5
1879 silly packumentCache full:https://registry.npmjs.org/@img%2fsharp-win32-ia32 cache-miss
1880 http fetch GET 200 https://registry.npmjs.org/@img%2fsharp-win32-ia32 22ms (cache miss)
1881 silly packumentCache full:https://registry.npmjs.org/@img%2fsharp-win32-ia32 set size:undefined disposed:false
1882 silly fetch manifest @img/sharp-linux-arm64@0.34.5
1883 silly packumentCache full:https://registry.npmjs.org/@img%2fsharp-linux-arm64 cache-miss
1884 http fetch GET 200 https://registry.npmjs.org/@img%2fsharp-linux-arm64 25ms (cache miss)
1885 silly packumentCache full:https://registry.npmjs.org/@img%2fsharp-linux-arm64 set size:undefined disposed:false
1886 silly fetch manifest @img/sharp-linux-ppc64@0.34.5
1887 silly packumentCache full:https://registry.npmjs.org/@img%2fsharp-linux-ppc64 cache-miss
1888 http fetch GET 200 https://registry.npmjs.org/@img%2fsharp-linux-ppc64 24ms (cache miss)
1889 silly packumentCache full:https://registry.npmjs.org/@img%2fsharp-linux-ppc64 set size:undefined disposed:false
1890 silly fetch manifest @img/sharp-linux-s390x@0.34.5
1891 silly packumentCache full:https://registry.npmjs.org/@img%2fsharp-linux-s390x cache-miss
1892 http fetch GET 200 https://registry.npmjs.org/@img%2fsharp-linux-s390x 26ms (cache miss)
1893 silly packumentCache full:https://registry.npmjs.org/@img%2fsharp-linux-s390x set size:undefined disposed:false
1894 silly fetch manifest @img/sharp-win32-arm64@0.34.5
1895 silly packumentCache full:https://registry.npmjs.org/@img%2fsharp-win32-arm64 cache-miss
1896 http fetch GET 200 https://registry.npmjs.org/@img%2fsharp-win32-arm64 26ms (cache miss)
1897 silly packumentCache full:https://registry.npmjs.org/@img%2fsharp-win32-arm64 set size:undefined disposed:false
1898 silly fetch manifest @img/sharp-darwin-arm64@0.34.5
1899 silly packumentCache full:https://registry.npmjs.org/@img%2fsharp-darwin-arm64 cache-miss
1900 http fetch GET 200 https://registry.npmjs.org/@img%2fsharp-darwin-arm64 24ms (cache miss)
1901 silly packumentCache full:https://registry.npmjs.org/@img%2fsharp-darwin-arm64 set size:undefined disposed:false
1902 silly fetch manifest @img/sharp-linux-riscv64@0.34.5
1903 silly packumentCache full:https://registry.npmjs.org/@img%2fsharp-linux-riscv64 cache-miss
1904 http fetch GET 200 https://registry.npmjs.org/@img%2fsharp-linux-riscv64 25ms (cache miss)
1905 silly packumentCache full:https://registry.npmjs.org/@img%2fsharp-linux-riscv64 set size:undefined disposed:false
1906 silly fetch manifest @img/sharp-linuxmusl-x64@0.34.5
1907 silly packumentCache full:https://registry.npmjs.org/@img%2fsharp-linuxmusl-x64 cache-miss
1908 http fetch GET 200 https://registry.npmjs.org/@img%2fsharp-linuxmusl-x64 25ms (cache miss)
1909 silly packumentCache full:https://registry.npmjs.org/@img%2fsharp-linuxmusl-x64 set size:undefined disposed:false
1910 silly fetch manifest @img/sharp-linuxmusl-arm64@0.34.5
1911 silly packumentCache full:https://registry.npmjs.org/@img%2fsharp-linuxmusl-arm64 cache-miss
1912 http fetch GET 200 https://registry.npmjs.org/@img%2fsharp-linuxmusl-arm64 26ms (cache miss)
1913 silly packumentCache full:https://registry.npmjs.org/@img%2fsharp-linuxmusl-arm64 set size:undefined disposed:false
1914 silly fetch manifest @img/sharp-libvips-linux-arm@1.2.4
1915 silly packumentCache full:https://registry.npmjs.org/@img%2fsharp-libvips-linux-arm cache-miss
1916 http fetch GET 200 https://registry.npmjs.org/@img%2fsharp-libvips-linux-arm 23ms (cache miss)
1917 silly packumentCache full:https://registry.npmjs.org/@img%2fsharp-libvips-linux-arm set size:undefined disposed:false
1918 silly fetch manifest @img/sharp-libvips-linux-x64@1.2.4
1919 silly packumentCache full:https://registry.npmjs.org/@img%2fsharp-libvips-linux-x64 cache-miss
1920 http fetch GET 200 https://registry.npmjs.org/@img%2fsharp-libvips-linux-x64 24ms (cache miss)
1921 silly packumentCache full:https://registry.npmjs.org/@img%2fsharp-libvips-linux-x64 set size:undefined disposed:false
1922 silly fetch manifest @img/sharp-libvips-darwin-x64@1.2.4
1923 silly packumentCache full:https://registry.npmjs.org/@img%2fsharp-libvips-darwin-x64 cache-miss
1924 http fetch GET 200 https://registry.npmjs.org/@img%2fsharp-libvips-darwin-x64 28ms (cache miss)
1925 silly packumentCache full:https://registry.npmjs.org/@img%2fsharp-libvips-darwin-x64 set size:undefined disposed:false
1926 silly fetch manifest @img/sharp-libvips-linux-arm64@1.2.4
1927 silly packumentCache full:https://registry.npmjs.org/@img%2fsharp-libvips-linux-arm64 cache-miss
1928 http fetch GET 200 https://registry.npmjs.org/@img%2fsharp-libvips-linux-arm64 23ms (cache miss)
1929 silly packumentCache full:https://registry.npmjs.org/@img%2fsharp-libvips-linux-arm64 set size:undefined disposed:false
1930 silly fetch manifest @img/sharp-libvips-linux-ppc64@1.2.4
1931 silly packumentCache full:https://registry.npmjs.org/@img%2fsharp-libvips-linux-ppc64 cache-miss
1932 http fetch GET 200 https://registry.npmjs.org/@img%2fsharp-libvips-linux-ppc64 164ms (cache miss)
1933 silly packumentCache full:https://registry.npmjs.org/@img%2fsharp-libvips-linux-ppc64 set size:undefined disposed:false
1934 silly fetch manifest @img/sharp-libvips-linux-s390x@1.2.4
1935 silly packumentCache full:https://registry.npmjs.org/@img%2fsharp-libvips-linux-s390x cache-miss
1936 http fetch GET 200 https://registry.npmjs.org/@img%2fsharp-libvips-linux-s390x 24ms (cache miss)
1937 silly packumentCache full:https://registry.npmjs.org/@img%2fsharp-libvips-linux-s390x set size:undefined disposed:false
1938 silly fetch manifest @img/sharp-libvips-darwin-arm64@1.2.4
1939 silly packumentCache full:https://registry.npmjs.org/@img%2fsharp-libvips-darwin-arm64 cache-miss
1940 http fetch GET 200 https://registry.npmjs.org/@img%2fsharp-libvips-darwin-arm64 25ms (cache miss)
1941 silly packumentCache full:https://registry.npmjs.org/@img%2fsharp-libvips-darwin-arm64 set size:undefined disposed:false
1942 silly fetch manifest @img/sharp-libvips-linux-riscv64@1.2.4
1943 silly packumentCache full:https://registry.npmjs.org/@img%2fsharp-libvips-linux-riscv64 cache-miss
1944 http fetch GET 200 https://registry.npmjs.org/@img%2fsharp-libvips-linux-riscv64 28ms (cache miss)
1945 silly packumentCache full:https://registry.npmjs.org/@img%2fsharp-libvips-linux-riscv64 set size:undefined disposed:false
1946 silly fetch manifest @img/sharp-libvips-linuxmusl-x64@1.2.4
1947 silly packumentCache full:https://registry.npmjs.org/@img%2fsharp-libvips-linuxmusl-x64 cache-miss
1948 http fetch GET 200 https://registry.npmjs.org/@img%2fsharp-libvips-linuxmusl-x64 25ms (cache miss)
1949 silly packumentCache full:https://registry.npmjs.org/@img%2fsharp-libvips-linuxmusl-x64 set size:undefined disposed:false
1950 silly fetch manifest @img/sharp-libvips-linuxmusl-arm64@1.2.4
1951 silly packumentCache full:https://registry.npmjs.org/@img%2fsharp-libvips-linuxmusl-arm64 cache-miss
1952 http fetch GET 200 https://registry.npmjs.org/@img%2fsharp-libvips-linuxmusl-arm64 86ms (cache miss)
1953 silly packumentCache full:https://registry.npmjs.org/@img%2fsharp-libvips-linuxmusl-arm64 set size:undefined disposed:false
1954 silly fetch manifest client-only@0.0.1
1955 silly packumentCache full:https://registry.npmjs.org/client-only cache-miss
1956 http fetch GET 200 https://registry.npmjs.org/client-only 16ms (cache miss)
1957 silly packumentCache full:https://registry.npmjs.org/client-only set size:undefined disposed:false
1958 silly placeDep ROOT tslib@2.8.1 OK for: @swc/helpers@0.5.15 want: ^2.8.0
1959 silly placeDep ROOT deep-is@0.1.4 OK for: optionator@0.9.4 want: ^0.1.3
1960 silly placeDep ROOT fast-levenshtein@2.0.6 OK for: optionator@0.9.4 want: ^2.0.6
1961 silly placeDep ROOT word-wrap@1.2.5 OK for: optionator@0.9.4 want: ^1.2.5
1962 silly placeDep ROOT p-limit@3.1.0 OK for: p-locate@5.0.0 want: ^3.0.2
1963 silly fetch manifest yocto-queue@^0.1.0
1964 silly packumentCache full:https://registry.npmjs.org/yocto-queue cache-miss
1965 http fetch GET 200 https://registry.npmjs.org/yocto-queue 17ms (cache miss)
1966 silly packumentCache full:https://registry.npmjs.org/yocto-queue set size:undefined disposed:false
1967 silly placeDep ROOT yocto-queue@0.1.0 OK for: p-limit@3.1.0 want: ^0.1.0
1968 silly placeDep ROOT callsites@3.1.0 OK for: parent-module@1.0.1 want: ^3.0.0
1969 silly placeDep ROOT nanoid@3.3.17 OK for: postcss@8.4.31 want: ^3.3.6
1970 silly placeDep ROOT source-map-js@1.2.1 OK for: postcss@8.4.31 want: ^1.0.2
1971 silly placeDep ROOT loose-envify@1.4.0 OK for: prop-types@15.8.1 want: ^1.4.0
1972 silly placeDep ROOT object-assign@4.1.1 OK for: prop-types@15.8.1 want: ^4.1.1
1973 silly placeDep ROOT react-is@16.13.1 OK for: prop-types@15.8.1 want: ^16.13.1
1974 silly placeDep ROOT scheduler@0.27.0 OK for: react-dom@19.2.0 want: ^0.27.0
1975 silly placeDep ROOT node-exports-info@1.6.2 OK for: resolve@2.0.0-next.7 want: ^1.6.0
1976 silly placeDep ROOT path-parse@1.0.7 OK for: resolve@2.0.0-next.7 want: ^1.0.7
1977 silly placeDep ROOT supports-preserve-symlinks-flag@1.0.0 OK for: resolve@2.0.0-next.7 want: ^1.0.0
1978 silly placeDep ROOT queue-microtask@1.2.3 OK for: run-parallel@1.2.0 want: ^1.2.2
1979 silly placeDep ROOT isarray@2.0.5 OK for: safe-array-concat@1.1.4 want: ^2.0.5
1980 silly placeDep ROOT @img/colour@1.1.0 OK for: sharp@0.34.5 want: ^1.0.0
1981 silly placeDep ROOT @img/sharp-darwin-arm64@0.34.5 OK for: sharp@0.34.5 want: 0.34.5
1982 silly placeDep ROOT @img/sharp-darwin-x64@0.34.5 OK for: sharp@0.34.5 want: 0.34.5
1983 silly placeDep ROOT @img/sharp-libvips-darwin-arm64@1.2.4 OK for: sharp@0.34.5 want: 1.2.4
1984 silly placeDep ROOT @img/sharp-libvips-darwin-x64@1.2.4 OK for: sharp@0.34.5 want: 1.2.4
1985 silly placeDep ROOT @img/sharp-libvips-linux-arm@1.2.4 OK for: sharp@0.34.5 want: 1.2.4
1986 silly placeDep ROOT @img/sharp-libvips-linux-arm64@1.2.4 OK for: sharp@0.34.5 want: 1.2.4
1987 silly placeDep ROOT @img/sharp-libvips-linux-ppc64@1.2.4 OK for: sharp@0.34.5 want: 1.2.4
1988 silly placeDep ROOT @img/sharp-libvips-linux-riscv64@1.2.4 OK for: sharp@0.34.5 want: 1.2.4
1989 silly placeDep ROOT @img/sharp-libvips-linux-s390x@1.2.4 OK for: sharp@0.34.5 want: 1.2.4
1990 silly placeDep ROOT @img/sharp-libvips-linux-x64@1.2.4 OK for: sharp@0.34.5 want: 1.2.4
1991 silly placeDep ROOT @img/sharp-libvips-linuxmusl-arm64@1.2.4 OK for: sharp@0.34.5 want: 1.2.4
1992 silly placeDep ROOT @img/sharp-libvips-linuxmusl-x64@1.2.4 OK for: sharp@0.34.5 want: 1.2.4
1993 silly placeDep ROOT @img/sharp-linux-arm@0.34.5 OK for: sharp@0.34.5 want: 0.34.5
1994 silly placeDep ROOT @img/sharp-linux-arm64@0.34.5 OK for: sharp@0.34.5 want: 0.34.5
1995 silly placeDep ROOT @img/sharp-linux-ppc64@0.34.5 OK for: sharp@0.34.5 want: 0.34.5
1996 silly placeDep ROOT @img/sharp-linux-riscv64@0.34.5 OK for: sharp@0.34.5 want: 0.34.5
1997 silly placeDep ROOT @img/sharp-linux-s390x@0.34.5 OK for: sharp@0.34.5 want: 0.34.5
1998 silly placeDep ROOT @img/sharp-linux-x64@0.34.5 OK for: sharp@0.34.5 want: 0.34.5
1999 silly placeDep ROOT @img/sharp-linuxmusl-arm64@0.34.5 OK for: sharp@0.34.5 want: 0.34.5
2000 silly placeDep ROOT @img/sharp-linuxmusl-x64@0.34.5 OK for: sharp@0.34.5 want: 0.34.5
2001 silly placeDep ROOT @img/sharp-wasm32@0.34.5 OK for: sharp@0.34.5 want: 0.34.5
2002 silly placeDep ROOT @img/sharp-win32-arm64@0.34.5 OK for: sharp@0.34.5 want: 0.34.5
2003 silly placeDep ROOT @img/sharp-win32-ia32@0.34.5 OK for: sharp@0.34.5 want: 0.34.5
2004 silly placeDep ROOT @img/sharp-win32-x64@0.34.5 OK for: sharp@0.34.5 want: 0.34.5
2005 silly placeDep ROOT detect-libc@2.1.2 OK for: sharp@0.34.5 want: ^2.1.2
2006 silly placeDep node_modules/sharp semver@7.8.5 OK for: sharp@0.34.5 want: ^7.7.3
2007 silly fetch manifest @emnapi/runtime@^1.7.0
2008 silly packumentCache full:https://registry.npmjs.org/@emnapi%2fruntime cache-miss
2009 http fetch GET 200 https://registry.npmjs.org/@emnapi%2fruntime 26ms (cache miss)
2010 silly packumentCache full:https://registry.npmjs.org/@emnapi%2fruntime set size:undefined disposed:false
2011 silly placeDep ROOT @emnapi/runtime@1.11.3 OK for: @img/sharp-wasm32@0.34.5 want: ^1.7.0
2012 silly placeDep ROOT shebang-regex@3.0.0 OK for: shebang-command@2.0.0 want: ^3.0.0
2013 silly placeDep ROOT side-channel-list@1.0.1 OK for: side-channel@1.1.1 want: ^1.0.1
2014 silly placeDep ROOT side-channel-map@1.0.1 OK for: side-channel@1.1.1 want: ^1.0.1
2015 silly placeDep ROOT side-channel-weakmap@1.0.2 OK for: side-channel@1.1.1 want: ^1.0.2
2016 silly placeDep ROOT client-only@0.0.1 OK for: styled-jsx@5.1.6 want: 0.0.1
2017 silly placeDep ROOT has-flag@4.0.0 OK for: supports-color@7.2.0 want: ^4.0.0
2018 silly placeDep node_modules/tinyglobby fdir@6.5.0 OK for: tinyglobby@0.2.17 want: ^6.5.0
2019 silly placeDep node_modules/tinyglobby picomatch@4.0.5 OK for: fdir@6.5.0 want: ^3 || ^4
2020 silly placeDep ROOT is-number@7.0.0 OK for: to-regex-range@5.0.1 want: ^7.0.0
2021 silly placeDep ROOT @types/json5@0.0.29 OK for: tsconfig-paths@3.15.0 want: ^0.0.29
2022 silly placeDep node_modules/tsconfig-paths json5@1.0.2 OK for: tsconfig-paths@3.15.0 want: ^1.0.2
2023 silly placeDep ROOT minimist@1.2.8 OK for: tsconfig-paths@3.15.0 want: ^1.2.6
2024 silly placeDep ROOT strip-bom@3.0.0 OK for: tsconfig-paths@3.15.0 want: ^3.0.0
2025 silly fetch manifest minimist@^1.2.0
2026 silly packumentCache full:https://registry.npmjs.org/minimist cache-miss
2027 http cache https://registry.npmjs.org/minimist 2ms (cache hit)
2028 silly packumentCache full:https://registry.npmjs.org/minimist set size:77063 disposed:false
2029 silly placeDep ROOT for-each@0.3.5 OK for: typed-array-byte-length@1.0.3 want: ^0.3.3
2030 silly placeDep ROOT reflect.getprototypeof@1.0.10 OK for: typed-array-byte-offset@1.0.4 want: ^1.0.9
2031 silly fetch manifest which-builtin-type@^1.2.1
2032 silly packumentCache full:https://registry.npmjs.org/which-builtin-type cache-miss
2033 http fetch GET 200 https://registry.npmjs.org/which-builtin-type 15ms (cache miss)
2034 silly packumentCache full:https://registry.npmjs.org/which-builtin-type set size:undefined disposed:false
2035 silly placeDep ROOT which-builtin-type@1.2.1 OK for: reflect.getprototypeof@1.0.10 want: ^1.2.1
2036 silly fetch manifest is-async-function@^2.0.0
2037 silly packumentCache full:https://registry.npmjs.org/is-async-function cache-miss
2038 http fetch GET 200 https://registry.npmjs.org/is-async-function 21ms (cache miss)
2039 silly packumentCache full:https://registry.npmjs.org/is-async-function set size:undefined disposed:false
2040 silly fetch manifest is-finalizationregistry@^1.1.0
2041 silly packumentCache full:https://registry.npmjs.org/is-finalizationregistry cache-miss
2042 http fetch GET 200 https://registry.npmjs.org/is-finalizationregistry 14ms (cache miss)
2043 silly packumentCache full:https://registry.npmjs.org/is-finalizationregistry set size:undefined disposed:false
2044 silly fetch manifest is-generator-function@^1.0.10
2045 silly packumentCache full:https://registry.npmjs.org/is-generator-function cache-miss
2046 http fetch GET 200 https://registry.npmjs.org/is-generator-function 14ms (cache miss)
2047 silly packumentCache full:https://registry.npmjs.org/is-generator-function set size:undefined disposed:false
2048 silly fetch manifest which-boxed-primitive@^1.1.0
2049 silly packumentCache full:https://registry.npmjs.org/which-boxed-primitive cache-miss
2050 http cache https://registry.npmjs.org/which-boxed-primitive 2ms (cache hit)
2051 silly packumentCache full:https://registry.npmjs.org/which-boxed-primitive set size:19407 disposed:false
2052 silly fetch manifest which-collection@^1.0.2
2053 silly packumentCache full:https://registry.npmjs.org/which-collection cache-miss
2054 http fetch GET 200 https://registry.npmjs.org/which-collection 12ms (cache miss)
2055 silly packumentCache full:https://registry.npmjs.org/which-collection set size:undefined disposed:false
2056 silly fetch manifest eslint@^8.57.0 || ^9.0.0 || ^10.0.0
2057 silly packumentCache full:https://registry.npmjs.org/eslint cache-miss
2058 http cache https://registry.npmjs.org/eslint 6ms (cache hit)
2059 silly packumentCache full:https://registry.npmjs.org/eslint set size:2040662 disposed:false
2060 silly placeDep ROOT @typescript-eslint/eslint-plugin@8.66.0 OK for: typescript-eslint@8.66.0 want: 8.66.0
2061 silly placeDep ROOT @typescript-eslint/parser@8.66.0 OK for: @typescript-eslint/eslint-plugin@8.66.0 want: ^8.66.0
2062 silly placeDep ROOT @typescript-eslint/typescript-estree@8.66.0 OK for: typescript-eslint@8.66.0 want: 8.66.0
2063 silly placeDep ROOT @typescript-eslint/utils@8.66.0 OK for: typescript-eslint@8.66.0 want: 8.66.0
2064 silly fetch manifest ignore@^7.0.5
2065 silly packumentCache full:https://registry.npmjs.org/ignore cache-miss
2066 http cache https://registry.npmjs.org/ignore 2ms (cache hit)
2067 silly packumentCache full:https://registry.npmjs.org/ignore set size:240910 disposed:false
2068 silly fetch manifest ts-api-utils@^2.5.0
2069 silly packumentCache full:https://registry.npmjs.org/ts-api-utils cache-miss
2070 http fetch GET 200 https://registry.npmjs.org/ts-api-utils 21ms (cache miss)
2071 silly packumentCache full:https://registry.npmjs.org/ts-api-utils set size:undefined disposed:false
2072 silly fetch manifest @typescript-eslint/type-utils@8.66.0
2073 silly packumentCache full:https://registry.npmjs.org/@typescript-eslint%2ftype-utils cache-miss
2074 http fetch GET 200 https://registry.npmjs.org/@typescript-eslint%2ftype-utils 208ms (cache miss)
2075 silly packumentCache full:https://registry.npmjs.org/@typescript-eslint%2ftype-utils set size:undefined disposed:false
2076 silly fetch manifest @typescript-eslint/visitor-keys@8.66.0
2077 silly packumentCache full:https://registry.npmjs.org/@typescript-eslint%2fvisitor-keys cache-miss
2078 http fetch GET 200 https://registry.npmjs.org/@typescript-eslint%2fvisitor-keys 309ms (cache miss)
2079 silly packumentCache full:https://registry.npmjs.org/@typescript-eslint%2fvisitor-keys set size:undefined disposed:false
2080 silly fetch manifest @typescript-eslint/scope-manager@8.66.0
2081 silly packumentCache full:https://registry.npmjs.org/@typescript-eslint%2fscope-manager cache-miss
2082 http fetch GET 200 https://registry.npmjs.org/@typescript-eslint%2fscope-manager 253ms (cache miss)
2083 silly packumentCache full:https://registry.npmjs.org/@typescript-eslint%2fscope-manager set size:undefined disposed:false
2084 silly fetch manifest @typescript-eslint/types@8.66.0
2085 silly packumentCache full:https://registry.npmjs.org/@typescript-eslint%2ftypes cache-miss
2086 http fetch GET 200 https://registry.npmjs.org/@typescript-eslint%2ftypes 244ms (cache miss)
2087 silly packumentCache full:https://registry.npmjs.org/@typescript-eslint%2ftypes set size:undefined disposed:false
2088 silly fetch manifest minimatch@^10.2.2
2089 silly packumentCache full:https://registry.npmjs.org/minimatch cache-miss
2090 http cache https://registry.npmjs.org/minimatch 5ms (cache hit)
2091 silly packumentCache full:https://registry.npmjs.org/minimatch set size:377924 disposed:false
2092 silly fetch manifest @typescript-eslint/tsconfig-utils@8.66.0
2093 silly packumentCache full:https://registry.npmjs.org/@typescript-eslint%2ftsconfig-utils cache-miss
2094 http fetch GET 200 https://registry.npmjs.org/@typescript-eslint%2ftsconfig-utils 52ms (cache miss)
2095 silly packumentCache full:https://registry.npmjs.org/@typescript-eslint%2ftsconfig-utils set size:undefined disposed:false
2096 silly fetch manifest @typescript-eslint/project-service@8.66.0
2097 silly packumentCache full:https://registry.npmjs.org/@typescript-eslint%2fproject-service cache-miss
2098 http fetch GET 200 https://registry.npmjs.org/@typescript-eslint%2fproject-service 55ms (cache miss)
2099 silly packumentCache full:https://registry.npmjs.org/@typescript-eslint%2fproject-service set size:undefined disposed:false
2100 silly placeDep ROOT @typescript-eslint/scope-manager@8.66.0 OK for: @typescript-eslint/eslint-plugin@8.66.0 want: 8.66.0
2101 silly placeDep ROOT @typescript-eslint/type-utils@8.66.0 OK for: @typescript-eslint/eslint-plugin@8.66.0 want: 8.66.0
2102 silly placeDep ROOT @typescript-eslint/visitor-keys@8.66.0 OK for: @typescript-eslint/eslint-plugin@8.66.0 want: 8.66.0
2103 silly placeDep node_modules/@typescript-eslint/eslint-plugin ignore@7.0.6 OK for: @typescript-eslint/eslint-plugin@8.66.0 want: ^7.0.5
2104 silly placeDep ROOT ts-api-utils@2.5.0 OK for: @typescript-eslint/eslint-plugin@8.66.0 want: ^2.5.0
2105 silly fetch manifest eslint-visitor-keys@^5.0.0
2106 silly packumentCache full:https://registry.npmjs.org/eslint-visitor-keys cache-hit
2107 silly placeDep ROOT @typescript-eslint/types@8.66.0 OK for: @typescript-eslint/parser@8.66.0 want: 8.66.0
2108 silly placeDep ROOT @typescript-eslint/project-service@8.66.0 OK for: @typescript-eslint/typescript-estree@8.66.0 want: 8.66.0
2109 silly placeDep ROOT @typescript-eslint/tsconfig-utils@8.66.0 OK for: @typescript-eslint/typescript-estree@8.66.0 want: 8.66.0
2110 silly placeDep node_modules/@typescript-eslint/typescript-estree minimatch@10.2.6 OK for: @typescript-eslint/typescript-estree@8.66.0 want: ^10.2.2
2111 silly placeDep node_modules/@typescript-eslint/typescript-estree semver@7.8.5 OK for: @typescript-eslint/typescript-estree@8.66.0 want: ^7.7.3
2112 silly fetch manifest @typescript-eslint/tsconfig-utils@^8.66.0
2113 silly packumentCache full:https://registry.npmjs.org/@typescript-eslint%2ftsconfig-utils cache-miss
2114 http cache https://registry.npmjs.org/@typescript-eslint%2ftsconfig-utils 7ms (cache hit)
2115 silly packumentCache full:https://registry.npmjs.org/@typescript-eslint%2ftsconfig-utils set size:1653673 disposed:false
2116 silly fetch manifest brace-expansion@^5.0.8
2117 silly packumentCache full:https://registry.npmjs.org/brace-expansion cache-miss
2118 http cache https://registry.npmjs.org/brace-expansion 3ms (cache hit)
2119 silly packumentCache full:https://registry.npmjs.org/brace-expansion set size:101024 disposed:false
2120 silly placeDep node_modules/@typescript-eslint/visitor-keys eslint-visitor-keys@5.0.1 OK for: @typescript-eslint/visitor-keys@8.66.0 want: ^5.0.0
2121 silly placeDep ROOT has-bigints@1.1.0 OK for: unbox-primitive@1.1.0 want: ^1.0.2
2122 silly placeDep ROOT which-boxed-primitive@1.1.1 OK for: unbox-primitive@1.1.0 want: ^1.1.1
2123 silly fetch manifest is-bigint@^1.1.0
2124 silly packumentCache full:https://registry.npmjs.org/is-bigint cache-miss
2125 http fetch GET 200 https://registry.npmjs.org/is-bigint 14ms (cache miss)
2126 silly packumentCache full:https://registry.npmjs.org/is-bigint set size:undefined disposed:false
2127 silly fetch manifest is-boolean-object@^1.2.1
2128 silly packumentCache full:https://registry.npmjs.org/is-boolean-object cache-miss
2129 http fetch GET 200 https://registry.npmjs.org/is-boolean-object 15ms (cache miss)
2130 silly packumentCache full:https://registry.npmjs.org/is-boolean-object set size:undefined disposed:false
2131 silly fetch manifest is-number-object@^1.1.1
2132 silly packumentCache full:https://registry.npmjs.org/is-number-object cache-miss
2133 http fetch GET 200 https://registry.npmjs.org/is-number-object 16ms (cache miss)
2134 silly packumentCache full:https://registry.npmjs.org/is-number-object set size:undefined disposed:false
2135 silly placeDep ROOT @unrs/resolver-binding-android-arm-eabi@1.12.2 OK for: unrs-resolver@1.12.2 want: 1.12.2
2136 silly placeDep ROOT @unrs/resolver-binding-android-arm64@1.12.2 OK for: unrs-resolver@1.12.2 want: 1.12.2
2137 silly placeDep ROOT @unrs/resolver-binding-darwin-arm64@1.12.2 OK for: unrs-resolver@1.12.2 want: 1.12.2
2138 silly placeDep ROOT @unrs/resolver-binding-darwin-x64@1.12.2 OK for: unrs-resolver@1.12.2 want: 1.12.2
2139 silly placeDep ROOT @unrs/resolver-binding-freebsd-x64@1.12.2 OK for: unrs-resolver@1.12.2 want: 1.12.2
2140 silly placeDep ROOT @unrs/resolver-binding-linux-arm-gnueabihf@1.12.2 OK for: unrs-resolver@1.12.2 want: 1.12.2
2141 silly placeDep ROOT @unrs/resolver-binding-linux-arm-musleabihf@1.12.2 OK for: unrs-resolver@1.12.2 want: 1.12.2
2142 silly placeDep ROOT @unrs/resolver-binding-linux-arm64-gnu@1.12.2 OK for: unrs-resolver@1.12.2 want: 1.12.2
2143 silly placeDep ROOT @unrs/resolver-binding-linux-arm64-musl@1.12.2 OK for: unrs-resolver@1.12.2 want: 1.12.2
2144 silly placeDep ROOT @unrs/resolver-binding-linux-loong64-gnu@1.12.2 OK for: unrs-resolver@1.12.2 want: 1.12.2
2145 silly placeDep ROOT @unrs/resolver-binding-linux-loong64-musl@1.12.2 OK for: unrs-resolver@1.12.2 want: 1.12.2
2146 silly placeDep ROOT @unrs/resolver-binding-linux-ppc64-gnu@1.12.2 OK for: unrs-resolver@1.12.2 want: 1.12.2
2147 silly placeDep ROOT @unrs/resolver-binding-linux-riscv64-gnu@1.12.2 OK for: unrs-resolver@1.12.2 want: 1.12.2
2148 silly placeDep ROOT @unrs/resolver-binding-linux-riscv64-musl@1.12.2 OK for: unrs-resolver@1.12.2 want: 1.12.2
2149 silly placeDep ROOT @unrs/resolver-binding-linux-s390x-gnu@1.12.2 OK for: unrs-resolver@1.12.2 want: 1.12.2
2150 silly placeDep ROOT @unrs/resolver-binding-linux-x64-gnu@1.12.2 OK for: unrs-resolver@1.12.2 want: 1.12.2
2151 silly placeDep ROOT @unrs/resolver-binding-linux-x64-musl@1.12.2 OK for: unrs-resolver@1.12.2 want: 1.12.2
2152 silly placeDep ROOT @unrs/resolver-binding-openharmony-arm64@1.12.2 OK for: unrs-resolver@1.12.2 want: 1.12.2
2153 silly placeDep ROOT @unrs/resolver-binding-wasm32-wasi@1.12.2 OK for: unrs-resolver@1.12.2 want: 1.12.2
2154 silly placeDep ROOT @unrs/resolver-binding-win32-arm64-msvc@1.12.2 OK for: unrs-resolver@1.12.2 want: 1.12.2
2155 silly placeDep ROOT @unrs/resolver-binding-win32-ia32-msvc@1.12.2 OK for: unrs-resolver@1.12.2 want: 1.12.2
2156 silly placeDep ROOT @unrs/resolver-binding-win32-x64-msvc@1.12.2 OK for: unrs-resolver@1.12.2 want: 1.12.2
2157 silly placeDep ROOT napi-postinstall@0.3.4 OK for: unrs-resolver@1.12.2 want: ^0.3.4
2158 silly fetch manifest @napi-rs/wasm-runtime@^1.1.4
2159 silly packumentCache full:https://registry.npmjs.org/@napi-rs%2fwasm-runtime cache-miss
2160 http fetch GET 200 https://registry.npmjs.org/@napi-rs%2fwasm-runtime 34ms (cache miss)
2161 silly packumentCache full:https://registry.npmjs.org/@napi-rs%2fwasm-runtime set size:undefined disposed:false
2162 silly fetch manifest @emnapi/core@1.10.0
2163 silly packumentCache full:https://registry.npmjs.org/@emnapi%2fcore cache-miss
2164 http fetch GET 200 https://registry.npmjs.org/@emnapi%2fcore 23ms (cache miss)
2165 silly packumentCache full:https://registry.npmjs.org/@emnapi%2fcore set size:undefined disposed:false
2166 silly fetch manifest @emnapi/runtime@1.10.0
2167 silly packumentCache full:https://registry.npmjs.org/@emnapi%2fruntime cache-miss
2168 http cache https://registry.npmjs.org/@emnapi%2fruntime 2ms (cache hit)
2169 silly packumentCache full:https://registry.npmjs.org/@emnapi%2fruntime set size:122916 disposed:false
2170 silly placeDep ROOT @emnapi/core@1.10.0 OK for: @unrs/resolver-binding-wasm32-wasi@1.12.2 want: 1.10.0
2171 silly placeDep node_modules/@unrs/resolver-binding-wasm32-wasi @emnapi/runtime@1.10.0 OK for: @unrs/resolver-binding-wasm32-wasi@1.12.2 want: 1.10.0
2172 silly placeDep ROOT @napi-rs/wasm-runtime@1.2.2 OK for: @unrs/resolver-binding-wasm32-wasi@1.12.2 want: ^1.1.4
2173 silly fetch manifest @emnapi/wasi-threads@1.2.1
2174 silly packumentCache full:https://registry.npmjs.org/@emnapi%2fwasi-threads cache-miss
2175 http fetch GET 200 https://registry.npmjs.org/@emnapi%2fwasi-threads 23ms (cache miss)
2176 silly packumentCache full:https://registry.npmjs.org/@emnapi%2fwasi-threads set size:undefined disposed:false
2177 silly fetch manifest @tybys/wasm-util@^0.10.3
2178 silly packumentCache full:https://registry.npmjs.org/@tybys%2fwasm-util cache-miss
2179 http fetch GET 200 https://registry.npmjs.org/@tybys%2fwasm-util 23ms (cache miss)
2180 silly packumentCache full:https://registry.npmjs.org/@tybys%2fwasm-util set size:undefined disposed:false
2181 silly placeDep ROOT @emnapi/wasi-threads@1.2.1 OK for: @emnapi/core@1.10.0 want: 1.2.1
2182 silly placeDep ROOT @tybys/wasm-util@0.10.3 OK for: @napi-rs/wasm-runtime@1.2.2 want: ^0.10.3
2183 silly placeDep ROOT escalade@3.2.0 OK for: update-browserslist-db@1.2.3 want: ^3.2.0
2184 silly placeDep ROOT punycode@2.3.1 OK for: uri-js@4.4.1 want: ^2.1.0
2185 silly placeDep ROOT isexe@2.0.0 OK for: which@2.0.2 want: ^2.0.0
2186 silly placeDep ROOT is-bigint@1.1.0 OK for: which-boxed-primitive@1.1.1 want: ^1.1.0
2187 silly placeDep ROOT is-boolean-object@1.2.2 OK for: which-boxed-primitive@1.1.1 want: ^1.2.1
2188 silly placeDep ROOT is-number-object@1.1.1 OK for: which-boxed-primitive@1.1.1 want: ^1.1.1
2189 silly placeDep ROOT is-async-function@2.1.1 OK for: which-builtin-type@1.2.1 want: ^2.0.0
2190 silly placeDep ROOT is-finalizationregistry@1.1.1 OK for: which-builtin-type@1.2.1 want: ^1.1.0
2191 silly placeDep ROOT is-generator-function@1.1.2 OK for: which-builtin-type@1.2.1 want: ^1.0.10
2192 silly placeDep ROOT which-collection@1.0.2 OK for: which-builtin-type@1.2.1 want: ^1.0.2
2193 silly fetch manifest async-function@^1.0.0
2194 silly packumentCache full:https://registry.npmjs.org/async-function cache-miss
2195 http fetch GET 200 https://registry.npmjs.org/async-function 18ms (cache miss)
2196 silly packumentCache full:https://registry.npmjs.org/async-function set size:undefined disposed:false
2197 silly fetch manifest generator-function@^2.0.0
2198 silly packumentCache full:https://registry.npmjs.org/generator-function cache-miss
2199 http fetch GET 200 https://registry.npmjs.org/generator-function 14ms (cache miss)
2200 silly packumentCache full:https://registry.npmjs.org/generator-function set size:undefined disposed:false
2201 silly fetch manifest is-map@^2.0.3
2202 silly packumentCache full:https://registry.npmjs.org/is-map cache-miss
2203 http fetch GET 200 https://registry.npmjs.org/is-map 18ms (cache miss)
2204 silly packumentCache full:https://registry.npmjs.org/is-map set size:undefined disposed:false
2205 silly fetch manifest is-weakmap@^2.0.2
2206 silly packumentCache full:https://registry.npmjs.org/is-weakmap cache-miss
2207 http fetch GET 200 https://registry.npmjs.org/is-weakmap 14ms (cache miss)
2208 silly packumentCache full:https://registry.npmjs.org/is-weakmap set size:undefined disposed:false
2209 silly fetch manifest is-weakset@^2.0.3
2210 silly packumentCache full:https://registry.npmjs.org/is-weakset cache-miss
2211 http fetch GET 200 https://registry.npmjs.org/is-weakset 14ms (cache miss)
2212 silly packumentCache full:https://registry.npmjs.org/is-weakset set size:undefined disposed:false
2213 silly placeDep ROOT async-function@1.0.0 OK for: is-async-function@2.1.1 want: ^1.0.0
2214 silly placeDep ROOT generator-function@2.0.1 OK for: is-generator-function@1.1.2 want: ^2.0.0
2215 silly placeDep ROOT is-map@2.0.3 OK for: which-collection@1.0.2 want: ^2.0.3
2216 silly placeDep ROOT is-weakmap@2.0.2 OK for: which-collection@1.0.2 want: ^2.0.2
2217 silly placeDep ROOT is-weakset@2.0.4 OK for: which-collection@1.0.2 want: ^2.0.3
2218 silly placeDep node_modules/@typescript-eslint/typescript-estree brace-expansion@5.0.9 OK for: minimatch@10.2.6 want: ^5.0.8
2219 silly fetch manifest balanced-match@^4.0.2
2220 silly packumentCache full:https://registry.npmjs.org/balanced-match cache-miss
2221 http cache https://registry.npmjs.org/balanced-match 4ms (cache hit)
2222 silly packumentCache full:https://registry.npmjs.org/balanced-match set size:39082 disposed:false
2223 silly placeDep node_modules/@typescript-eslint/typescript-estree balanced-match@4.0.4 OK for: brace-expansion@5.0.9 want: ^4.0.2
2224 silly reify moves {}
2225 silly audit bulk request {
2225 silly audit   '@types/node': [ '22.20.1' ],
2225 silly audit   '@types/react': [ '19.2.18' ],
2225 silly audit   '@types/react-dom': [ '19.2.4' ],
2225 silly audit   eslint: [ '9.39.5' ],
2225 silly audit   'eslint-config-next': [ '16.0.0' ],
2225 silly audit   next: [ '16.0.0' ],
2225 silly audit   react: [ '19.2.0' ],
2225 silly audit   'react-dom': [ '19.2.0' ],
2225 silly audit   typescript: [ '5.9.3' ],
2225 silly audit   'undici-types': [ '6.21.0' ],
2225 silly audit   csstype: [ '3.2.3' ],
2225 silly audit   '@eslint-community/eslint-utils': [ '4.10.1' ],
2225 silly audit   '@eslint-community/regexpp': [ '4.12.2' ],
2225 silly audit   '@eslint/config-array': [ '0.21.2' ],
2225 silly audit   '@eslint/config-helpers': [ '0.4.2' ],
2225 silly audit   '@eslint/core': [ '0.17.0' ],
2225 silly audit   '@eslint/eslintrc': [ '3.3.6' ],
2225 silly audit   '@eslint/js': [ '9.39.5' ],
2225 silly audit   '@eslint/plugin-kit': [ '0.4.1' ],
2225 silly audit   '@humanfs/node': [ '0.16.8' ],
2225 silly audit   '@humanwhocodes/module-importer': [ '1.0.1' ],
2225 silly audit   '@humanwhocodes/retry': [ '0.4.3' ],
2225 silly audit   '@types/estree': [ '1.0.9' ],
2225 silly audit   ajv: [ '6.15.0' ],
2225 silly audit   chalk: [ '4.1.2' ],
2225 silly audit   'cross-spawn': [ '7.0.6' ],
2225 silly audit   debug: [ '4.4.3', '3.2.7' ],
2225 silly audit   'escape-string-regexp': [ '4.0.0' ],
2225 silly audit   'eslint-scope': [ '8.4.0' ],
2225 silly audit   'eslint-visitor-keys': [ '4.2.1', '3.4.3', '5.0.1' ],
2225 silly audit   espree: [ '10.4.0' ],
2225 silly audit   esquery: [ '1.7.0' ],
2225 silly audit   esutils: [ '2.0.3' ],
2225 silly audit   'fast-deep-equal': [ '3.1.3' ],
2225 silly audit   'file-entry-cache': [ '8.0.0' ],
2225 silly audit   'find-up': [ '5.0.0' ],
2225 silly audit   'glob-parent': [ '6.0.2', '5.1.2' ],
2225 silly audit   ignore: [ '5.3.2', '7.0.6' ],
2225 silly audit   imurmurhash: [ '0.1.4' ],
2225 silly audit   'is-glob': [ '4.0.3' ],
2225 silly audit   'json-stable-stringify-without-jsonify': [ '1.0.1' ],
2225 silly audit   'lodash.merge': [ '4.6.2' ],
2225 silly audit   minimatch: [ '3.1.5', '10.2.6' ],
2225 silly audit   'natural-compare': [ '1.4.0' ],
2225 silly audit   optionator: [ '0.9.4' ],
2225 silly audit   '@eslint/object-schema': [ '2.1.7' ],
2225 silly audit   '@types/json-schema': [ '7.0.15' ],
2225 silly audit   globals: [ '14.0.0', '16.4.0' ],
2225 silly audit   'import-fresh': [ '3.3.1' ],
2225 silly audit   'js-yaml': [ '4.3.1' ],
2225 silly audit   'strip-json-comments': [ '3.1.1' ],
2225 silly audit   levn: [ '0.4.1' ],
2225 silly audit   '@humanfs/core': [ '0.19.2' ],
2225 silly audit   '@humanfs/types': [ '0.15.0' ],
2225 silly audit   'fast-json-stable-stringify': [ '2.1.0' ],
2225 silly audit   'json-schema-traverse': [ '0.4.1' ],
2225 silly audit   'uri-js': [ '4.4.1' ],
2225 silly audit   'ansi-styles': [ '4.3.0' ],
2225 silly audit   'supports-color': [ '7.2.0' ],
2225 silly audit   'color-convert': [ '2.0.1' ],
2225 silly audit   'color-name': [ '1.1.4' ],
2225 silly audit   'path-key': [ '3.1.1' ],
2225 silly audit   'shebang-command': [ '2.0.0' ],
2225 silly audit   which: [ '2.0.2' ],
2225 silly audit   ms: [ '2.1.3' ],
2225 silly audit   '@next/eslint-plugin-next': [ '16.0.0' ],
2225 silly audit   'eslint-import-resolver-node': [ '0.3.10' ],
2225 silly audit   'eslint-import-resolver-typescript': [ '3.10.1' ],
2225 silly audit   'eslint-plugin-import': [ '2.32.0' ],
2225 silly audit   'eslint-plugin-jsx-a11y': [ '6.10.2' ],
2225 silly audit   'eslint-plugin-react': [ '7.37.5' ],
2225 silly audit   'eslint-plugin-react-hooks': [ '7.1.1' ],
2225 silly audit   'typescript-eslint': [ '8.66.0' ],
2225 silly audit   'fast-glob': [ '3.3.1' ],
2225 silly audit   'is-core-module': [ '2.16.2' ],
2225 silly audit   resolve: [ '2.0.0-next.7' ],
2225 silly audit   '@nolyfill/is-core-module': [ '1.0.39' ],
2225 silly audit   'get-tsconfig': [ '4.14.1' ],
2225 silly audit   'is-bun-module': [ '2.0.0' ],
2225 silly audit   'stable-hash': [ '0.0.5' ],
2225 silly audit   tinyglobby: [ '0.2.17' ],
2225 silly audit   'unrs-resolver': [ '1.12.2' ],
2225 silly audit   '@rtsao/scc': [ '1.1.0' ],
2225 silly audit   'array-includes': [ '3.1.9' ],
2225 silly audit   'array.prototype.findlastindex': [ '1.2.6' ],
2225 silly audit   'array.prototype.flat': [ '1.3.3' ],
2225 silly audit   'array.prototype.flatmap': [ '1.3.3' ],
2225 silly audit   doctrine: [ '2.1.0' ],
2225 silly audit   'eslint-module-utils': [ '2.14.0' ],
2225 silly audit   hasown: [ '2.0.4' ],
2225 silly audit   'object.fromentries': [ '2.0.8' ],
2225 silly audit   'object.groupby': [ '1.0.3' ],
2225 silly audit   'object.values': [ '1.2.1' ],
2225 silly audit   semver: [ '6.3.1', '7.8.5' ],
2225 silly audit   'string.prototype.trimend': [ '1.0.10' ],
2225 silly audit   'tsconfig-paths': [ '3.15.0' ],
2225 silly audit   'call-bind': [ '1.0.9' ],
2225 silly audit   'call-bound': [ '1.0.4' ],
2225 silly audit   'define-properties': [ '1.2.1' ],
2225 silly audit   'es-abstract': [ '1.24.2' ],
2225 silly audit   'es-object-atoms': [ '1.1.2' ],
2225 silly audit   'get-intrinsic': [ '1.3.0' ],
2225 silly audit   'is-string': [ '1.1.1' ],
2225 silly audit   'math-intrinsics': [ '1.1.0' ],
2225 silly audit   'es-errors': [ '1.3.0' ],
2225 silly audit   'es-shim-unscopables': [ '1.1.0' ],
2225 silly audit   'call-bind-apply-helpers': [ '1.0.2' ],
2225 silly audit   'es-define-property': [ '1.0.1' ],
2225 silly audit   'set-function-length': [ '1.2.2' ],
2225 silly audit   'function-bind': [ '1.1.2' ],
2225 silly audit   'define-data-property': [ '1.1.4' ],
2225 silly audit   'has-property-descriptors': [ '1.0.2' ],
2225 silly audit   'object-keys': [ '1.1.1' ],
2225 silly audit   gopd: [ '1.2.0' ],
2225 silly audit   'array-buffer-byte-length': [ '1.0.2' ],
2225 silly audit   'arraybuffer.prototype.slice': [ '1.0.4' ],
2225 silly audit   'available-typed-arrays': [ '1.0.7' ],
2225 silly audit   'data-view-buffer': [ '1.0.2' ],
2225 silly audit   'data-view-byte-length': [ '1.0.2' ],
2225 silly audit   'data-view-byte-offset': [ '1.0.1' ],
2225 silly audit   'es-set-tostringtag': [ '2.1.0' ],
2225 silly audit   'es-to-primitive': [ '1.3.4' ],
2225 silly audit   'function.prototype.name': [ '1.2.0' ],
2225 silly audit   'get-proto': [ '1.0.1' ],
2225 silly audit   'get-symbol-description': [ '1.1.0' ],
2225 silly audit   globalthis: [ '1.0.4' ],
2225 silly audit   'has-proto': [ '1.2.0' ],
2225 silly audit   'has-symbols': [ '1.1.0' ],
2225 silly audit   'internal-slot': [ '1.1.0' ],
2225 silly audit   'is-array-buffer': [ '3.0.5' ],
2225 silly audit   'is-callable': [ '1.2.7' ],
2225 silly audit   'is-data-view': [ '1.0.2' ],
2225 silly audit   'is-negative-zero': [ '2.0.3' ],
2225 silly audit   'is-regex': [ '1.2.1' ],
2225 silly audit   'is-set': [ '2.0.3' ],
2225 silly audit   'is-shared-array-buffer': [ '1.0.4' ],
2225 silly audit   'is-typed-array': [ '1.1.15' ],
2225 silly audit   'is-weakref': [ '1.1.1' ],
2225 silly audit   'object-inspect': [ '1.13.4' ],
2225 silly audit   'object.assign': [ '4.1.7' ],
2225 silly audit   'own-keys': [ '1.0.2' ],
2225 silly audit   'regexp.prototype.flags': [ '1.5.4' ],
2225 silly audit   'safe-array-concat': [ '1.1.4' ],
2225 silly audit   'safe-push-apply': [ '1.0.0' ],
2225 silly audit   'safe-regex-test': [ '1.1.0' ],
2225 silly audit   'set-proto': [ '1.0.0' ],
2225 silly audit   'stop-iteration-iterator': [ '1.1.0' ],
2225 silly audit   'string.prototype.trim': [ '1.2.11' ],
2225 silly audit   'string.prototype.trimstart': [ '1.0.8' ],
2225 silly audit   'typed-array-buffer': [ '1.0.3' ],
2225 silly audit   'typed-array-byte-length': [ '1.0.3' ],
2225 silly audit   'typed-array-byte-offset': [ '1.0.4' ],
2225 silly audit   'typed-array-length': [ '1.0.8' ],
2225 silly audit   'unbox-primitive': [ '1.1.0' ],
2225 silly audit   'which-typed-array': [ '1.1.22' ],
2225 silly audit   'possible-typed-array-names': [ '1.1.0' ],
2225 silly audit   'has-tostringtag': [ '1.0.2' ],
2225 silly audit   'es-abstract-get': [ '1.0.0' ],
2225 silly audit   'is-date-object': [ '1.1.0' ],
2225 silly audit   'is-symbol': [ '1.1.1' ],
2225 silly audit   'aria-query': [ '5.3.2' ],
2225 silly audit   'ast-types-flow': [ '0.0.8' ],
2225 silly audit   'axe-core': [ '4.12.1' ],
2225 silly audit   'axobject-query': [ '4.1.0' ],
2225 silly audit   'damerau-levenshtein': [ '1.0.8' ],
2225 silly audit   'emoji-regex': [ '9.2.2' ],
2225 silly audit   'jsx-ast-utils': [ '3.3.5' ],
2225 silly audit   'language-tags': [ '1.0.9' ],
2225 silly audit   'string.prototype.includes': [ '2.0.1' ],
2225 silly audit   'array.prototype.findlast': [ '1.2.5' ],
2225 silly audit   'array.prototype.tosorted': [ '1.1.4' ],
2225 silly audit   'es-iterator-helpers': [ '1.4.0' ],
2225 silly audit   estraverse: [ '5.3.0' ],
2225 silly audit   'object.entries': [ '1.1.9' ],
2225 silly audit   'prop-types': [ '15.8.1' ],
2225 silly audit   'string.prototype.matchall': [ '4.0.12' ],
2225 silly audit   'string.prototype.repeat': [ '1.0.0' ],
2225 silly audit   'iterator.prototype': [ '1.1.5' ],
2225 silly audit   '@babel/core': [ '7.29.7' ],
2225 silly audit   '@babel/parser': [ '7.29.8' ],
2225 silly audit   'hermes-parser': [ '0.25.1' ],
2225 silly audit   zod: [ '4.4.3' ],
2225 silly audit   'zod-validation-error': [ '4.0.2' ],
2225 silly audit   '@babel/code-frame': [ '7.29.7' ],
2225 silly audit   '@babel/generator': [ '7.29.8' ],
2225 silly audit   '@babel/helper-compilation-targets': [ '7.29.7' ],
2225 silly audit   '@babel/helper-module-transforms': [ '7.29.7' ],
2225 silly audit   '@babel/helpers': [ '7.29.7' ],
2225 silly audit   '@babel/template': [ '7.29.7' ],
2225 silly audit   '@babel/traverse': [ '7.29.8' ],
2225 silly audit   '@babel/types': [ '7.29.8' ],
2225 silly audit   '@jridgewell/remapping': [ '2.3.5' ],
2225 silly audit   'convert-source-map': [ '2.0.0' ],
2225 silly audit   gensync: [ '1.0.0-beta.2' ],
2225 silly audit   json5: [ '2.2.3', '1.0.2' ],
2225 silly audit   '@babel/helper-validator-identifier': [ '7.29.7' ],
2225 silly audit   'js-tokens': [ '4.0.0' ],
2225 silly audit   picocolors: [ '1.1.1' ],
2225 silly audit   '@jridgewell/gen-mapping': [ '0.3.13' ],
2225 silly audit   '@jridgewell/trace-mapping': [ '0.3.31' ],
2225 silly audit   jsesc: [ '3.1.0' ],
2225 silly audit   '@babel/compat-data': [ '7.29.7' ],
2225 silly audit   '@babel/helper-validator-option': [ '7.29.7' ],
2225 silly audit   browserslist: [ '4.28.7' ],
2225 silly audit   'lru-cache': [ '5.1.1' ],
2225 silly audit   '@babel/helper-module-imports': [ '7.29.7' ],
2225 silly audit   '@babel/helper-globals': [ '7.29.7' ],
2225 silly audit   '@babel/helper-string-parser': [ '7.29.7' ],
2225 silly audit   '@jridgewell/sourcemap-codec': [ '1.5.5' ],
2225 silly audit   '@jridgewell/resolve-uri': [ '3.1.2' ],
2225 silly audit   'baseline-browser-mapping': [ '2.11.12' ],
2225 silly audit   'caniuse-lite': [ '1.0.30001806' ],
2225 silly audit   'electron-to-chromium': [ '1.5.401' ],
2225 silly audit   'node-releases': [ '2.0.52' ],
2225 silly audit   'update-browserslist-db': [ '1.2.3' ],
2225 silly audit   esrecurse: [ '4.3.0' ],
2225 silly audit   acorn: [ '8.18.0' ],
2225 silly audit   'acorn-jsx': [ '5.3.2' ],
2225 silly audit   '@nodelib/fs.stat': [ '2.0.5' ],
2225 silly audit   '@nodelib/fs.walk': [ '1.2.8' ],
2225 silly audit   merge2: [ '1.4.1' ],
2225 silly audit   micromatch: [ '4.0.8' ],
2225 silly audit   '@nodelib/fs.scandir': [ '2.1.5' ],
2225 silly audit   fastq: [ '1.20.1' ],
2225 silly audit   'run-parallel': [ '1.2.0' ],
2225 silly audit   reusify: [ '1.1.0' ],
2225 silly audit   'flat-cache': [ '4.0.1' ],
2225 silly audit   'locate-path': [ '6.0.0' ],
2225 silly audit   'path-exists': [ '4.0.0' ],
2225 silly audit   flatted: [ '3.4.4' ],
2225 silly audit   keyv: [ '4.5.4' ],
2225 silly audit   'functions-have-names': [ '1.2.3' ],
2225 silly audit   'is-document.all': [ '1.0.0' ],
2225 silly audit   'dunder-proto': [ '1.0.1' ],
2225 silly audit   'resolve-pkg-maps': [ '1.0.0' ],
2225 silly audit   'hermes-estree': [ '0.25.1' ],
2225 silly audit   'parent-module': [ '1.0.1' ],
2225 silly audit   'resolve-from': [ '4.0.0' ],
2225 silly audit   'side-channel': [ '1.1.1' ],
2225 silly audit   'is-extglob': [ '2.1.1' ],
2225 silly audit   'set-function-name': [ '2.0.2' ],
2225 silly audit   argparse: [ '2.0.1' ],
2225 silly audit   'json-buffer': [ '3.0.1' ],
2225 silly audit   'language-subtag-registry': [ '0.3.23' ],
2225 silly audit   'prelude-ls': [ '1.2.1' ],
2225 silly audit   'type-check': [ '0.4.0' ],
2225 silly audit   'p-locate': [ '5.0.0' ],
2225 silly audit   yallist: [ '3.1.1' ],
2225 silly audit   braces: [ '3.0.3' ],
2225 silly audit   picomatch: [ '2.3.2', '4.0.5' ],
2225 silly audit   'fill-range': [ '7.1.1' ],
2225 silly audit   'to-regex-range': [ '5.0.1' ],
2225 silly audit   'brace-expansion': [ '1.1.18', '5.0.9' ],
2225 silly audit   'balanced-match': [ '1.0.2', '4.0.4' ],
2225 silly audit   'concat-map': [ '0.0.1' ],
2225 silly audit   '@next/env': [ '16.0.0' ],
2225 silly audit   '@next/swc-darwin-arm64': [ '16.0.0' ],
2225 silly audit   '@next/swc-darwin-x64': [ '16.0.0' ],
2225 silly audit   '@next/swc-linux-arm64-gnu': [ '16.0.0' ],
2225 silly audit   '@next/swc-linux-arm64-musl': [ '16.0.0' ],
2225 silly audit   '@next/swc-linux-x64-gnu': [ '16.0.0' ],
2225 silly audit   '@next/swc-linux-x64-musl': [ '16.0.0' ],
2225 silly audit   '@next/swc-win32-arm64-msvc': [ '16.0.0' ],
2225 silly audit   '@next/swc-win32-x64-msvc': [ '16.0.0' ],
2225 silly audit   '@swc/helpers': [ '0.5.15' ],
2225 silly audit   postcss: [ '8.4.31' ],
2225 silly audit   sharp: [ '0.34.5' ],
2225 silly audit   'styled-jsx': [ '5.1.6' ],
2225 silly audit   tslib: [ '2.8.1' ],
2225 silly audit   'deep-is': [ '0.1.4' ],
2225 silly audit   'fast-levenshtein': [ '2.0.6' ],
2225 silly audit   'word-wrap': [ '1.2.5' ],
2225 silly audit   'p-limit': [ '3.1.0' ],
2225 silly audit   'yocto-queue': [ '0.1.0' ],
2225 silly audit   callsites: [ '3.1.0' ],
2225 silly audit   nanoid: [ '3.3.17' ],
2225 silly audit   'source-map-js': [ '1.2.1' ],
2225 silly audit   'loose-envify': [ '1.4.0' ],
2225 silly audit   'object-assign': [ '4.1.1' ],
2225 silly audit   'react-is': [ '16.13.1' ],
2225 silly audit   scheduler: [ '0.27.0' ],
2225 silly audit   'node-exports-info': [ '1.6.2' ],
2225 silly audit   'path-parse': [ '1.0.7' ],
2225 silly audit   'supports-preserve-symlinks-flag': [ '1.0.0' ],
2225 silly audit   'queue-microtask': [ '1.2.3' ],
2225 silly audit   isarray: [ '2.0.5' ],
2225 silly audit   '@img/colour': [ '1.1.0' ],
2225 silly audit   '@img/sharp-darwin-arm64': [ '0.34.5' ],
2225 silly audit   '@img/sharp-darwin-x64': [ '0.34.5' ],
2225 silly audit   '@img/sharp-libvips-darwin-arm64': [ '1.2.4' ],
2225 silly audit   '@img/sharp-libvips-darwin-x64': [ '1.2.4' ],
2225 silly audit   '@img/sharp-libvips-linux-arm': [ '1.2.4' ],
2225 silly audit   '@img/sharp-libvips-linux-arm64': [ '1.2.4' ],
2225 silly audit   '@img/sharp-libvips-linux-ppc64': [ '1.2.4' ],
2225 silly audit   '@img/sharp-libvips-linux-riscv64': [ '1.2.4' ],
2225 silly audit   '@img/sharp-libvips-linux-s390x': [ '1.2.4' ],
2225 silly audit   '@img/sharp-libvips-linux-x64': [ '1.2.4' ],
2225 silly audit   '@img/sharp-libvips-linuxmusl-arm64': [ '1.2.4' ],
2225 silly audit   '@img/sharp-libvips-linuxmusl-x64': [ '1.2.4' ],
2225 silly audit   '@img/sharp-linux-arm': [ '0.34.5' ],
2225 silly audit   '@img/sharp-linux-arm64': [ '0.34.5' ],
2225 silly audit   '@img/sharp-linux-ppc64': [ '0.34.5' ],
2225 silly audit   '@img/sharp-linux-riscv64': [ '0.34.5' ],
2225 silly audit   '@img/sharp-linux-s390x': [ '0.34.5' ],
2225 silly audit   '@img/sharp-linux-x64': [ '0.34.5' ],
2225 silly audit   '@img/sharp-linuxmusl-arm64': [ '0.34.5' ],
2225 silly audit   '@img/sharp-linuxmusl-x64': [ '0.34.5' ],
2225 silly audit   '@img/sharp-wasm32': [ '0.34.5' ],
2225 silly audit   '@img/sharp-win32-arm64': [ '0.34.5' ],
2225 silly audit   '@img/sharp-win32-ia32': [ '0.34.5' ],
2225 silly audit   '@img/sharp-win32-x64': [ '0.34.5' ],
2225 silly audit   'detect-libc': [ '2.1.2' ],
2225 silly audit   '@emnapi/runtime': [ '1.11.3', '1.10.0' ],
2225 silly audit   'shebang-regex': [ '3.0.0' ],
2225 silly audit   'side-channel-list': [ '1.0.1' ],
2225 silly audit   'side-channel-map': [ '1.0.1' ],
2225 silly audit   'side-channel-weakmap': [ '1.0.2' ],
2225 silly audit   'client-only': [ '0.0.1' ],
2225 silly audit   'has-flag': [ '4.0.0' ],
2225 silly audit   fdir: [ '6.5.0' ],
2225 silly audit   'is-number': [ '7.0.0' ],
2225 silly audit   '@types/json5': [ '0.0.29' ],
2225 silly audit   minimist: [ '1.2.8' ],
2225 silly audit   'strip-bom': [ '3.0.0' ],
2225 silly audit   'for-each': [ '0.3.5' ],
2225 silly audit   'reflect.getprototypeof': [ '1.0.10' ],
2225 silly audit   'which-builtin-type': [ '1.2.1' ],
2225 silly audit   '@typescript-eslint/eslint-plugin': [ '8.66.0' ],
2225 silly audit   '@typescript-eslint/parser': [ '8.66.0' ],
2225 silly audit   '@typescript-eslint/typescript-estree': [ '8.66.0' ],
2225 silly audit   '@typescript-eslint/utils': [ '8.66.0' ],
2225 silly audit   '@typescript-eslint/scope-manager': [ '8.66.0' ],
2225 silly audit   '@typescript-eslint/type-utils': [ '8.66.0' ],
2225 silly audit   '@typescript-eslint/visitor-keys': [ '8.66.0' ],
2225 silly audit   'ts-api-utils': [ '2.5.0' ],
2225 silly audit   '@typescript-eslint/types': [ '8.66.0' ],
2225 silly audit   '@typescript-eslint/project-service': [ '8.66.0' ],
2225 silly audit   '@typescript-eslint/tsconfig-utils': [ '8.66.0' ],
2225 silly audit   'has-bigints': [ '1.1.0' ],
2225 silly audit   'which-boxed-primitive': [ '1.1.1' ],
2225 silly audit   '@unrs/resolver-binding-android-arm-eabi': [ '1.12.2' ],
2225 silly audit   '@unrs/resolver-binding-android-arm64': [ '1.12.2' ],
2225 silly audit   '@unrs/resolver-binding-darwin-arm64': [ '1.12.2' ],
2225 silly audit   '@unrs/resolver-binding-darwin-x64': [ '1.12.2' ],
2225 silly audit   '@unrs/resolver-binding-freebsd-x64': [ '1.12.2' ],
2225 silly audit   '@unrs/resolver-binding-linux-arm-gnueabihf': [ '1.12.2' ],
2225 silly audit   '@unrs/resolver-binding-linux-arm-musleabihf': [ '1.12.2' ],
2225 silly audit   '@unrs/resolver-binding-linux-arm64-gnu': [ '1.12.2' ],
2225 silly audit   '@unrs/resolver-binding-linux-arm64-musl': [ '1.12.2' ],
2225 silly audit   '@unrs/resolver-binding-linux-loong64-gnu': [ '1.12.2' ],
2225 silly audit   '@unrs/resolver-binding-linux-loong64-musl': [ '1.12.2' ],
2225 silly audit   '@unrs/resolver-binding-linux-ppc64-gnu': [ '1.12.2' ],
2225 silly audit   '@unrs/resolver-binding-linux-riscv64-gnu': [ '1.12.2' ],
2225 silly audit   '@unrs/resolver-binding-linux-riscv64-musl': [ '1.12.2' ],
2225 silly audit   '@unrs/resolver-binding-linux-s390x-gnu': [ '1.12.2' ],
2225 silly audit   '@unrs/resolver-binding-linux-x64-gnu': [ '1.12.2' ],
2225 silly audit   '@unrs/resolver-binding-linux-x64-musl': [ '1.12.2' ],
2225 silly audit   '@unrs/resolver-binding-openharmony-arm64': [ '1.12.2' ],
2225 silly audit   '@unrs/resolver-binding-wasm32-wasi': [ '1.12.2' ],
2225 silly audit   '@unrs/resolver-binding-win32-arm64-msvc': [ '1.12.2' ],
2225 silly audit   '@unrs/resolver-binding-win32-ia32-msvc': [ '1.12.2' ],
2225 silly audit   '@unrs/resolver-binding-win32-x64-msvc': [ '1.12.2' ],
2225 silly audit   'napi-postinstall': [ '0.3.4' ],
2225 silly audit   '@emnapi/core': [ '1.10.0' ],
2225 silly audit   '@napi-rs/wasm-runtime': [ '1.2.2' ],
2225 silly audit   '@emnapi/wasi-threads': [ '1.2.1' ],
2225 silly audit   '@tybys/wasm-util': [ '0.10.3' ],
2225 silly audit   escalade: [ '3.2.0' ],
2225 silly audit   punycode: [ '2.3.1' ],
2225 silly audit   isexe: [ '2.0.0' ],
2225 silly audit   'is-bigint': [ '1.1.0' ],
2225 silly audit   'is-boolean-object': [ '1.2.2' ],
2225 silly audit   'is-number-object': [ '1.1.1' ],
2225 silly audit   'is-async-function': [ '2.1.1' ],
2225 silly audit   'is-finalizationregistry': [ '1.1.1' ],
2225 silly audit   'is-generator-function': [ '1.1.2' ],
2225 silly audit   'which-collection': [ '1.0.2' ],
2225 silly audit   'async-function': [ '1.0.0' ],
2225 silly audit   'generator-function': [ '2.0.1' ],
2225 silly audit   'is-map': [ '2.0.3' ],
2225 silly audit   'is-weakmap': [ '2.0.2' ],
2225 silly audit   'is-weakset': [ '2.0.4' ]
2225 silly audit }
2226 verbose reify failed optional dependency /home/sandbox/node_modules/@unrs/resolver-binding-win32-x64-msvc
2227 silly reify mark deleted [ '/home/sandbox/node_modules/@unrs/resolver-binding-win32-x64-msvc' ]
2228 verbose reify failed optional dependency /home/sandbox/node_modules/@unrs/resolver-binding-win32-ia32-msvc
2229 silly reify mark deleted [ '/home/sandbox/node_modules/@unrs/resolver-binding-win32-ia32-msvc' ]
2230 verbose reify failed optional dependency /home/sandbox/node_modules/@unrs/resolver-binding-win32-arm64-msvc
2231 silly reify mark deleted [
2231 silly reify   '/home/sandbox/node_modules/@unrs/resolver-binding-win32-arm64-msvc'
2231 silly reify ]
2232 verbose reify failed optional dependency /home/sandbox/node_modules/@unrs/resolver-binding-wasm32-wasi
2233 silly reify mark deleted [ '/home/sandbox/node_modules/@unrs/resolver-binding-wasm32-wasi' ]
2234 verbose reify failed optional dependency /home/sandbox/node_modules/@napi-rs/wasm-runtime
2235 silly reify mark deleted [ '/home/sandbox/node_modules/@napi-rs/wasm-runtime' ]
2236 verbose reify failed optional dependency /home/sandbox/node_modules/@emnapi/core
2237 silly reify mark deleted [ '/home/sandbox/node_modules/@emnapi/core' ]
2238 verbose reify failed optional dependency /home/sandbox/node_modules/@unrs/resolver-binding-wasm32-wasi/node_modules/@emnapi/runtime
2239 silly reify mark deleted [
2239 silly reify   '/home/sandbox/node_modules/@unrs/resolver-binding-wasm32-wasi/node_modules/@emnapi/runtime'
2239 silly reify ]
2240 verbose reify failed optional dependency /home/sandbox/node_modules/@tybys/wasm-util
2241 silly reify mark deleted [ '/home/sandbox/node_modules/@tybys/wasm-util' ]
2242 verbose reify failed optional dependency /home/sandbox/node_modules/@emnapi/wasi-threads
2243 silly reify mark deleted [ '/home/sandbox/node_modules/@emnapi/wasi-threads' ]
2244 verbose reify failed optional dependency /home/sandbox/node_modules/@unrs/resolver-binding-openharmony-arm64
2245 silly reify mark deleted [
2245 silly reify   '/home/sandbox/node_modules/@unrs/resolver-binding-openharmony-arm64'
2245 silly reify ]
2246 verbose reify failed optional dependency /home/sandbox/node_modules/@unrs/resolver-binding-linux-x64-musl
2247 silly reify mark deleted [ '/home/sandbox/node_modules/@unrs/resolver-binding-linux-x64-musl' ]
2248 verbose reify failed optional dependency /home/sandbox/node_modules/@unrs/resolver-binding-linux-s390x-gnu
2249 silly reify mark deleted [ '/home/sandbox/node_modules/@unrs/resolver-binding-linux-s390x-gnu' ]
2250 verbose reify failed optional dependency /home/sandbox/node_modules/@unrs/resolver-binding-linux-riscv64-musl
2251 silly reify mark deleted [
2251 silly reify   '/home/sandbox/node_modules/@unrs/resolver-binding-linux-riscv64-musl'
2251 silly reify ]
2252 verbose reify failed optional dependency /home/sandbox/node_modules/@unrs/resolver-binding-linux-riscv64-gnu
2253 silly reify mark deleted [
2253 silly reify   '/home/sandbox/node_modules/@unrs/resolver-binding-linux-riscv64-gnu'
2253 silly reify ]
2254 verbose reify failed optional dependency /home/sandbox/node_modules/@unrs/resolver-binding-linux-ppc64-gnu
2255 silly reify mark deleted [ '/home/sandbox/node_modules/@unrs/resolver-binding-linux-ppc64-gnu' ]
2256 verbose reify failed optional dependency /home/sandbox/node_modules/@unrs/resolver-binding-linux-loong64-musl
2257 silly reify mark deleted [
2257 silly reify   '/home/sandbox/node_modules/@unrs/resolver-binding-linux-loong64-musl'
2257 silly reify ]
2258 verbose reify failed optional dependency /home/sandbox/node_modules/@unrs/resolver-binding-linux-loong64-gnu
2259 silly reify mark deleted [
2259 silly reify   '/home/sandbox/node_modules/@unrs/resolver-binding-linux-loong64-gnu'
2259 silly reify ]
2260 verbose reify failed optional dependency /home/sandbox/node_modules/@unrs/resolver-binding-linux-arm64-musl
2261 silly reify mark deleted [
2261 silly reify   '/home/sandbox/node_modules/@unrs/resolver-binding-linux-arm64-musl'
2261 silly reify ]
2262 verbose reify failed optional dependency /home/sandbox/node_modules/@unrs/resolver-binding-linux-arm64-gnu
2263 silly reify mark deleted [ '/home/sandbox/node_modules/@unrs/resolver-binding-linux-arm64-gnu' ]
2264 verbose reify failed optional dependency /home/sandbox/node_modules/@unrs/resolver-binding-linux-arm-musleabihf
2265 silly reify mark deleted [
2265 silly reify   '/home/sandbox/node_modules/@unrs/resolver-binding-linux-arm-musleabihf'
2265 silly reify ]
2266 verbose reify failed optional dependency /home/sandbox/node_modules/@unrs/resolver-binding-linux-arm-gnueabihf
2267 silly reify mark deleted [
2267 silly reify   '/home/sandbox/node_modules/@unrs/resolver-binding-linux-arm-gnueabihf'
2267 silly reify ]
2268 verbose reify failed optional dependency /home/sandbox/node_modules/@unrs/resolver-binding-freebsd-x64
2269 silly reify mark deleted [ '/home/sandbox/node_modules/@unrs/resolver-binding-freebsd-x64' ]
2270 verbose reify failed optional dependency /home/sandbox/node_modules/@unrs/resolver-binding-darwin-x64
2271 silly reify mark deleted [ '/home/sandbox/node_modules/@unrs/resolver-binding-darwin-x64' ]
2272 verbose reify failed optional dependency /home/sandbox/node_modules/@unrs/resolver-binding-darwin-arm64
2273 silly reify mark deleted [ '/home/sandbox/node_modules/@unrs/resolver-binding-darwin-arm64' ]
2274 verbose reify failed optional dependency /home/sandbox/node_modules/@unrs/resolver-binding-android-arm64
2275 silly reify mark deleted [ '/home/sandbox/node_modules/@unrs/resolver-binding-android-arm64' ]
2276 verbose reify failed optional dependency /home/sandbox/node_modules/@unrs/resolver-binding-android-arm-eabi
2277 silly reify mark deleted [
2277 silly reify   '/home/sandbox/node_modules/@unrs/resolver-binding-android-arm-eabi'
2277 silly reify ]
2278 verbose reify failed optional dependency /home/sandbox/node_modules/@img/sharp-win32-x64
2279 silly reify mark deleted [ '/home/sandbox/node_modules/@img/sharp-win32-x64' ]
2280 verbose reify failed optional dependency /home/sandbox/node_modules/@img/sharp-win32-ia32
2281 silly reify mark deleted [ '/home/sandbox/node_modules/@img/sharp-win32-ia32' ]
2282 verbose reify failed optional dependency /home/sandbox/node_modules/@img/sharp-win32-arm64
2283 silly reify mark deleted [ '/home/sandbox/node_modules/@img/sharp-win32-arm64' ]
2284 verbose reify failed optional dependency /home/sandbox/node_modules/@img/sharp-wasm32
2285 silly reify mark deleted [ '/home/sandbox/node_modules/@img/sharp-wasm32' ]
2286 verbose reify failed optional dependency /home/sandbox/node_modules/@img/sharp-linuxmusl-x64
2287 silly reify mark deleted [ '/home/sandbox/node_modules/@img/sharp-linuxmusl-x64' ]
2288 verbose reify failed optional dependency /home/sandbox/node_modules/@img/sharp-linuxmusl-arm64
2289 silly reify mark deleted [ '/home/sandbox/node_modules/@img/sharp-linuxmusl-arm64' ]
2290 verbose reify failed optional dependency /home/sandbox/node_modules/@img/sharp-linux-s390x
2291 silly reify mark deleted [ '/home/sandbox/node_modules/@img/sharp-linux-s390x' ]
2292 verbose reify failed optional dependency /home/sandbox/node_modules/@img/sharp-linux-riscv64
2293 silly reify mark deleted [ '/home/sandbox/node_modules/@img/sharp-linux-riscv64' ]
2294 verbose reify failed optional dependency /home/sandbox/node_modules/@img/sharp-linux-ppc64
2295 silly reify mark deleted [ '/home/sandbox/node_modules/@img/sharp-linux-ppc64' ]
2296 verbose reify failed optional dependency /home/sandbox/node_modules/@img/sharp-linux-arm64
2297 silly reify mark deleted [ '/home/sandbox/node_modules/@img/sharp-linux-arm64' ]
2298 verbose reify failed optional dependency /home/sandbox/node_modules/@img/sharp-linux-arm
2299 silly reify mark deleted [ '/home/sandbox/node_modules/@img/sharp-linux-arm' ]
2300 verbose reify failed optional dependency /home/sandbox/node_modules/@img/sharp-libvips-linuxmusl-x64
2301 silly reify mark deleted [ '/home/sandbox/node_modules/@img/sharp-libvips-linuxmusl-x64' ]
2302 verbose reify failed optional dependency /home/sandbox/node_modules/@img/sharp-libvips-linuxmusl-arm64
2303 silly reify mark deleted [ '/home/sandbox/node_modules/@img/sharp-libvips-linuxmusl-arm64' ]
2304 verbose reify failed optional dependency /home/sandbox/node_modules/@img/sharp-libvips-linux-s390x
2305 silly reify mark deleted [ '/home/sandbox/node_modules/@img/sharp-libvips-linux-s390x' ]
2306 verbose reify failed optional dependency /home/sandbox/node_modules/@img/sharp-libvips-linux-riscv64
2307 silly reify mark deleted [ '/home/sandbox/node_modules/@img/sharp-libvips-linux-riscv64' ]
2308 verbose reify failed optional dependency /home/sandbox/node_modules/@img/sharp-libvips-linux-ppc64
2309 silly reify mark deleted [ '/home/sandbox/node_modules/@img/sharp-libvips-linux-ppc64' ]
2310 verbose reify failed optional dependency /home/sandbox/node_modules/@img/sharp-libvips-linux-arm64
2311 silly reify mark deleted [ '/home/sandbox/node_modules/@img/sharp-libvips-linux-arm64' ]
2312 verbose reify failed optional dependency /home/sandbox/node_modules/@img/sharp-libvips-linux-arm
2313 silly reify mark deleted [ '/home/sandbox/node_modules/@img/sharp-libvips-linux-arm' ]
2314 verbose reify failed optional dependency /home/sandbox/node_modules/@img/sharp-libvips-darwin-x64
2315 silly reify mark deleted [ '/home/sandbox/node_modules/@img/sharp-libvips-darwin-x64' ]
2316 verbose reify failed optional dependency /home/sandbox/node_modules/@img/sharp-libvips-darwin-arm64
2317 silly reify mark deleted [ '/home/sandbox/node_modules/@img/sharp-libvips-darwin-arm64' ]
2318 verbose reify failed optional dependency /home/sandbox/node_modules/@img/sharp-darwin-x64
2319 silly reify mark deleted [ '/home/sandbox/node_modules/@img/sharp-darwin-x64' ]
2320 verbose reify failed optional dependency /home/sandbox/node_modules/@img/sharp-darwin-arm64
2321 silly reify mark deleted [ '/home/sandbox/node_modules/@img/sharp-darwin-arm64' ]
2322 verbose reify failed optional dependency /home/sandbox/node_modules/@next/swc-win32-x64-msvc
2323 silly reify mark deleted [ '/home/sandbox/node_modules/@next/swc-win32-x64-msvc' ]
2324 verbose reify failed optional dependency /home/sandbox/node_modules/@next/swc-win32-arm64-msvc
2325 silly reify mark deleted [ '/home/sandbox/node_modules/@next/swc-win32-arm64-msvc' ]
2326 verbose reify failed optional dependency /home/sandbox/node_modules/@next/swc-linux-x64-musl
2327 silly reify mark deleted [ '/home/sandbox/node_modules/@next/swc-linux-x64-musl' ]
2328 verbose reify failed optional dependency /home/sandbox/node_modules/@next/swc-linux-arm64-musl
2329 silly reify mark deleted [ '/home/sandbox/node_modules/@next/swc-linux-arm64-musl' ]
2330 verbose reify failed optional dependency /home/sandbox/node_modules/@next/swc-linux-arm64-gnu
2331 silly reify mark deleted [ '/home/sandbox/node_modules/@next/swc-linux-arm64-gnu' ]
2332 verbose reify failed optional dependency /home/sandbox/node_modules/@next/swc-darwin-x64
2333 silly reify mark deleted [ '/home/sandbox/node_modules/@next/swc-darwin-x64' ]
2334 verbose reify failed optional dependency /home/sandbox/node_modules/@next/swc-darwin-arm64
2335 silly reify mark deleted [ '/home/sandbox/node_modules/@next/swc-darwin-arm64' ]
2336 http cache is-weakset@https://registry.npmjs.org/is-weakset/-/is-weakset-2.0.4.tgz 0ms (cache hit)
2337 http cache is-weakmap@https://registry.npmjs.org/is-weakmap/-/is-weakmap-2.0.2.tgz 0ms (cache hit)
2338 http cache generator-function@https://registry.npmjs.org/generator-function/-/generator-function-2.0.1.tgz 0ms (cache hit)
2339 http cache async-function@https://registry.npmjs.org/async-function/-/async-function-1.0.0.tgz 0ms (cache hit)
2340 http cache is-map@https://registry.npmjs.org/is-map/-/is-map-2.0.3.tgz 0ms (cache hit)
2341 http cache which-collection@https://registry.npmjs.org/which-collection/-/which-collection-1.0.2.tgz 0ms (cache hit)
2342 http cache is-generator-function@https://registry.npmjs.org/is-generator-function/-/is-generator-function-1.1.2.tgz 0ms (cache hit)
2343 http cache is-finalizationregistry@https://registry.npmjs.org/is-finalizationregistry/-/is-finalizationregistry-1.1.1.tgz 0ms (cache hit)
2344 http cache is-async-function@https://registry.npmjs.org/is-async-function/-/is-async-function-2.1.1.tgz 0ms (cache hit)
2345 http cache is-number-object@https://registry.npmjs.org/is-number-object/-/is-number-object-1.1.1.tgz 0ms (cache hit)
2346 http cache is-boolean-object@https://registry.npmjs.org/is-boolean-object/-/is-boolean-object-1.2.2.tgz 0ms (cache hit)
2347 http cache is-bigint@https://registry.npmjs.org/is-bigint/-/is-bigint-1.1.0.tgz 0ms (cache hit)
2348 http cache isexe@https://registry.npmjs.org/isexe/-/isexe-2.0.0.tgz 0ms (cache hit)
2349 http cache punycode@https://registry.npmjs.org/punycode/-/punycode-2.3.1.tgz 0ms (cache hit)
2350 http cache escalade@https://registry.npmjs.org/escalade/-/escalade-3.2.0.tgz 0ms (cache hit)
2351 http cache @tybys/wasm-util@https://registry.npmjs.org/@tybys/wasm-util/-/wasm-util-0.10.3.tgz 0ms (cache hit)
2352 http cache @emnapi/wasi-threads@https://registry.npmjs.org/@emnapi/wasi-threads/-/wasi-threads-1.2.1.tgz 0ms (cache hit)
2353 http cache @napi-rs/wasm-runtime@https://registry.npmjs.org/@napi-rs/wasm-runtime/-/wasm-runtime-1.2.2.tgz 0ms (cache hit)
2354 http cache @emnapi/core@https://registry.npmjs.org/@emnapi/core/-/core-1.10.0.tgz 0ms (cache hit)
2355 http cache napi-postinstall@https://registry.npmjs.org/napi-postinstall/-/napi-postinstall-0.3.4.tgz 0ms (cache hit)
2356 http cache @unrs/resolver-binding-linux-x64-gnu@https://registry.npmjs.org/@unrs/resolver-binding-linux-x64-gnu/-/resolver-binding-linux-x64-gnu-1.12.2.tgz 0ms (cache hit)
2357 http cache which-boxed-primitive@https://registry.npmjs.org/which-boxed-primitive/-/which-boxed-primitive-1.1.1.tgz 0ms (cache hit)
2358 http cache has-bigints@https://registry.npmjs.org/has-bigints/-/has-bigints-1.1.0.tgz 0ms (cache hit)
2359 http cache @typescript-eslint/tsconfig-utils@https://registry.npmjs.org/@typescript-eslint/tsconfig-utils/-/tsconfig-utils-8.66.0.tgz 0ms (cache hit)
2360 http cache @typescript-eslint/project-service@https://registry.npmjs.org/@typescript-eslint/project-service/-/project-service-8.66.0.tgz 0ms (cache hit)
2361 http cache @typescript-eslint/types@https://registry.npmjs.org/@typescript-eslint/types/-/types-8.66.0.tgz 0ms (cache hit)
2362 http cache ts-api-utils@https://registry.npmjs.org/ts-api-utils/-/ts-api-utils-2.5.0.tgz 0ms (cache hit)
2363 http cache @typescript-eslint/visitor-keys@https://registry.npmjs.org/@typescript-eslint/visitor-keys/-/visitor-keys-8.66.0.tgz 0ms (cache hit)
2364 http cache @typescript-eslint/type-utils@https://registry.npmjs.org/@typescript-eslint/type-utils/-/type-utils-8.66.0.tgz 0ms (cache hit)
2365 http cache @typescript-eslint/scope-manager@https://registry.npmjs.org/@typescript-eslint/scope-manager/-/scope-manager-8.66.0.tgz 0ms (cache hit)
2366 http cache @typescript-eslint/utils@https://registry.npmjs.org/@typescript-eslint/utils/-/utils-8.66.0.tgz 0ms (cache hit)
2367 http cache @typescript-eslint/typescript-estree@https://registry.npmjs.org/@typescript-eslint/typescript-estree/-/typescript-estree-8.66.0.tgz 0ms (cache hit)
2368 http cache @typescript-eslint/parser@https://registry.npmjs.org/@typescript-eslint/parser/-/parser-8.66.0.tgz 0ms (cache hit)
2369 http cache @typescript-eslint/eslint-plugin@https://registry.npmjs.org/@typescript-eslint/eslint-plugin/-/eslint-plugin-8.66.0.tgz 0ms (cache hit)
2370 http cache which-builtin-type@https://registry.npmjs.org/which-builtin-type/-/which-builtin-type-1.2.1.tgz 0ms (cache hit)
2371 http cache reflect.getprototypeof@https://registry.npmjs.org/reflect.getprototypeof/-/reflect.getprototypeof-1.0.10.tgz 0ms (cache hit)
2372 http cache for-each@https://registry.npmjs.org/for-each/-/for-each-0.3.5.tgz 0ms (cache hit)
2373 http cache strip-bom@https://registry.npmjs.org/strip-bom/-/strip-bom-3.0.0.tgz 0ms (cache hit)
2374 http cache minimist@https://registry.npmjs.org/minimist/-/minimist-1.2.8.tgz 0ms (cache hit)
2375 http cache @types/json5@https://registry.npmjs.org/@types/json5/-/json5-0.0.29.tgz 1ms (cache hit)
2376 http cache is-number@https://registry.npmjs.org/is-number/-/is-number-7.0.0.tgz 0ms (cache hit)
2377 http cache has-flag@https://registry.npmjs.org/has-flag/-/has-flag-4.0.0.tgz 0ms (cache hit)
2378 http cache client-only@https://registry.npmjs.org/client-only/-/client-only-0.0.1.tgz 0ms (cache hit)
2379 http cache side-channel-weakmap@https://registry.npmjs.org/side-channel-weakmap/-/side-channel-weakmap-1.0.2.tgz 0ms (cache hit)
2380 http cache side-channel-map@https://registry.npmjs.org/side-channel-map/-/side-channel-map-1.0.1.tgz 0ms (cache hit)
2381 http cache side-channel-list@https://registry.npmjs.org/side-channel-list/-/side-channel-list-1.0.1.tgz 0ms (cache hit)
2382 http cache shebang-regex@https://registry.npmjs.org/shebang-regex/-/shebang-regex-3.0.0.tgz 0ms (cache hit)
2383 http cache @emnapi/runtime@https://registry.npmjs.org/@emnapi/runtime/-/runtime-1.11.3.tgz 0ms (cache hit)
2384 http cache detect-libc@https://registry.npmjs.org/detect-libc/-/detect-libc-2.1.2.tgz 0ms (cache hit)
2385 http cache @img/sharp-linux-x64@https://registry.npmjs.org/@img/sharp-linux-x64/-/sharp-linux-x64-0.34.5.tgz 0ms (cache hit)
2386 http cache @img/sharp-libvips-linux-x64@https://registry.npmjs.org/@img/sharp-libvips-linux-x64/-/sharp-libvips-linux-x64-1.2.4.tgz 0ms (cache hit)
2387 http cache @img/colour@https://registry.npmjs.org/@img/colour/-/colour-1.1.0.tgz 0ms (cache hit)
2388 http cache isarray@https://registry.npmjs.org/isarray/-/isarray-2.0.5.tgz 0ms (cache hit)
2389 http cache queue-microtask@https://registry.npmjs.org/queue-microtask/-/queue-microtask-1.2.3.tgz 0ms (cache hit)
2390 http cache supports-preserve-symlinks-flag@https://registry.npmjs.org/supports-preserve-symlinks-flag/-/supports-preserve-symlinks-flag-1.0.0.tgz 0ms (cache hit)
2391 http cache path-parse@https://registry.npmjs.org/path-parse/-/path-parse-1.0.7.tgz 0ms (cache hit)
2392 http cache node-exports-info@https://registry.npmjs.org/node-exports-info/-/node-exports-info-1.6.2.tgz 0ms (cache hit)
2393 http cache scheduler@https://registry.npmjs.org/scheduler/-/scheduler-0.27.0.tgz 0ms (cache hit)
2394 http cache react-is@https://registry.npmjs.org/react-is/-/react-is-16.13.1.tgz 0ms (cache hit)
2395 http cache object-assign@https://registry.npmjs.org/object-assign/-/object-assign-4.1.1.tgz 0ms (cache hit)
2396 http cache loose-envify@https://registry.npmjs.org/loose-envify/-/loose-envify-1.4.0.tgz 0ms (cache hit)
2397 http cache source-map-js@https://registry.npmjs.org/source-map-js/-/source-map-js-1.2.1.tgz 0ms (cache hit)
2398 http cache nanoid@https://registry.npmjs.org/nanoid/-/nanoid-3.3.17.tgz 0ms (cache hit)
2399 http cache callsites@https://registry.npmjs.org/callsites/-/callsites-3.1.0.tgz 0ms (cache hit)
2400 http cache yocto-queue@https://registry.npmjs.org/yocto-queue/-/yocto-queue-0.1.0.tgz 0ms (cache hit)
2401 http cache p-limit@https://registry.npmjs.org/p-limit/-/p-limit-3.1.0.tgz 0ms (cache hit)
2402 http cache word-wrap@https://registry.npmjs.org/word-wrap/-/word-wrap-1.2.5.tgz 0ms (cache hit)
2403 http cache fast-levenshtein@https://registry.npmjs.org/fast-levenshtein/-/fast-levenshtein-2.0.6.tgz 0ms (cache hit)
2404 http cache deep-is@https://registry.npmjs.org/deep-is/-/deep-is-0.1.4.tgz 0ms (cache hit)
2405 http cache tslib@https://registry.npmjs.org/tslib/-/tslib-2.8.1.tgz 0ms (cache hit)
2406 http cache styled-jsx@https://registry.npmjs.org/styled-jsx/-/styled-jsx-5.1.6.tgz 0ms (cache hit)
2407 http cache sharp@https://registry.npmjs.org/sharp/-/sharp-0.34.5.tgz 0ms (cache hit)
2408 http cache postcss@https://registry.npmjs.org/postcss/-/postcss-8.4.31.tgz 0ms (cache hit)
2409 http cache @swc/helpers@https://registry.npmjs.org/@swc/helpers/-/helpers-0.5.15.tgz 0ms (cache hit)
2410 http cache @next/swc-linux-x64-gnu@https://registry.npmjs.org/@next/swc-linux-x64-gnu/-/swc-linux-x64-gnu-16.0.0.tgz 0ms (cache hit)
2411 http cache @next/env@https://registry.npmjs.org/@next/env/-/env-16.0.0.tgz 0ms (cache hit)
2412 http cache concat-map@https://registry.npmjs.org/concat-map/-/concat-map-0.0.1.tgz 0ms (cache hit)
2413 http cache balanced-match@https://registry.npmjs.org/balanced-match/-/balanced-match-1.0.2.tgz 0ms (cache hit)
2414 http cache brace-expansion@https://registry.npmjs.org/brace-expansion/-/brace-expansion-1.1.18.tgz 0ms (cache hit)
2415 http cache to-regex-range@https://registry.npmjs.org/to-regex-range/-/to-regex-range-5.0.1.tgz 0ms (cache hit)
2416 http cache fill-range@https://registry.npmjs.org/fill-range/-/fill-range-7.1.1.tgz 0ms (cache hit)
2417 http cache picomatch@https://registry.npmjs.org/picomatch/-/picomatch-2.3.2.tgz 0ms (cache hit)
2418 http cache braces@https://registry.npmjs.org/braces/-/braces-3.0.3.tgz 0ms (cache hit)
2419 http cache yallist@https://registry.npmjs.org/yallist/-/yallist-3.1.1.tgz 0ms (cache hit)
2420 http cache p-locate@https://registry.npmjs.org/p-locate/-/p-locate-5.0.0.tgz 0ms (cache hit)
2421 http cache type-check@https://registry.npmjs.org/type-check/-/type-check-0.4.0.tgz 0ms (cache hit)
2422 http cache prelude-ls@https://registry.npmjs.org/prelude-ls/-/prelude-ls-1.2.1.tgz 0ms (cache hit)
2423 http cache language-subtag-registry@https://registry.npmjs.org/language-subtag-registry/-/language-subtag-registry-0.3.23.tgz 0ms (cache hit)
2424 http cache json-buffer@https://registry.npmjs.org/json-buffer/-/json-buffer-3.0.1.tgz 0ms (cache hit)
2425 http cache argparse@https://registry.npmjs.org/argparse/-/argparse-2.0.1.tgz 0ms (cache hit)
2426 http cache set-function-name@https://registry.npmjs.org/set-function-name/-/set-function-name-2.0.2.tgz 0ms (cache hit)
2427 http cache is-extglob@https://registry.npmjs.org/is-extglob/-/is-extglob-2.1.1.tgz 0ms (cache hit)
2428 http cache side-channel@https://registry.npmjs.org/side-channel/-/side-channel-1.1.1.tgz 0ms (cache hit)
2429 http cache resolve-from@https://registry.npmjs.org/resolve-from/-/resolve-from-4.0.0.tgz 0ms (cache hit)
2430 http cache parent-module@https://registry.npmjs.org/parent-module/-/parent-module-1.0.1.tgz 0ms (cache hit)
2431 http cache hermes-estree@https://registry.npmjs.org/hermes-estree/-/hermes-estree-0.25.1.tgz 0ms (cache hit)
2432 http cache resolve-pkg-maps@https://registry.npmjs.org/resolve-pkg-maps/-/resolve-pkg-maps-1.0.0.tgz 0ms (cache hit)
2433 http cache dunder-proto@https://registry.npmjs.org/dunder-proto/-/dunder-proto-1.0.1.tgz 0ms (cache hit)
2434 http cache is-document.all@https://registry.npmjs.org/is-document.all/-/is-document.all-1.0.0.tgz 0ms (cache hit)
2435 http cache functions-have-names@https://registry.npmjs.org/functions-have-names/-/functions-have-names-1.2.3.tgz 0ms (cache hit)
2436 http cache keyv@https://registry.npmjs.org/keyv/-/keyv-4.5.4.tgz 0ms (cache hit)
2437 http cache flatted@https://registry.npmjs.org/flatted/-/flatted-3.4.4.tgz 0ms (cache hit)
2438 http cache path-exists@https://registry.npmjs.org/path-exists/-/path-exists-4.0.0.tgz 0ms (cache hit)
2439 http cache locate-path@https://registry.npmjs.org/locate-path/-/locate-path-6.0.0.tgz 0ms (cache hit)
2440 http cache flat-cache@https://registry.npmjs.org/flat-cache/-/flat-cache-4.0.1.tgz 0ms (cache hit)
2441 http cache reusify@https://registry.npmjs.org/reusify/-/reusify-1.1.0.tgz 0ms (cache hit)
2442 http cache run-parallel@https://registry.npmjs.org/run-parallel/-/run-parallel-1.2.0.tgz 0ms (cache hit)
2443 http cache fastq@https://registry.npmjs.org/fastq/-/fastq-1.20.1.tgz 0ms (cache hit)
2444 http cache @nodelib/fs.scandir@https://registry.npmjs.org/@nodelib/fs.scandir/-/fs.scandir-2.1.5.tgz 0ms (cache hit)
2445 http cache micromatch@https://registry.npmjs.org/micromatch/-/micromatch-4.0.8.tgz 0ms (cache hit)
2446 http cache merge2@https://registry.npmjs.org/merge2/-/merge2-1.4.1.tgz 0ms (cache hit)
2447 http cache @nodelib/fs.walk@https://registry.npmjs.org/@nodelib/fs.walk/-/fs.walk-1.2.8.tgz 0ms (cache hit)
2448 http cache @nodelib/fs.stat@https://registry.npmjs.org/@nodelib/fs.stat/-/fs.stat-2.0.5.tgz 0ms (cache hit)
2449 http cache acorn-jsx@https://registry.npmjs.org/acorn-jsx/-/acorn-jsx-5.3.2.tgz 0ms (cache hit)
2450 http cache acorn@https://registry.npmjs.org/acorn/-/acorn-8.18.0.tgz 0ms (cache hit)
2451 http cache esrecurse@https://registry.npmjs.org/esrecurse/-/esrecurse-4.3.0.tgz 0ms (cache hit)
2452 http cache update-browserslist-db@https://registry.npmjs.org/update-browserslist-db/-/update-browserslist-db-1.2.3.tgz 0ms (cache hit)
2453 http cache node-releases@https://registry.npmjs.org/node-releases/-/node-releases-2.0.52.tgz 0ms (cache hit)
2454 http cache electron-to-chromium@https://registry.npmjs.org/electron-to-chromium/-/electron-to-chromium-1.5.401.tgz 0ms (cache hit)
2455 http cache caniuse-lite@https://registry.npmjs.org/caniuse-lite/-/caniuse-lite-1.0.30001806.tgz 0ms (cache hit)
2456 http cache baseline-browser-mapping@https://registry.npmjs.org/baseline-browser-mapping/-/baseline-browser-mapping-2.11.12.tgz 0ms (cache hit)
2457 http cache @jridgewell/resolve-uri@https://registry.npmjs.org/@jridgewell/resolve-uri/-/resolve-uri-3.1.2.tgz 0ms (cache hit)
2458 http cache @jridgewell/sourcemap-codec@https://registry.npmjs.org/@jridgewell/sourcemap-codec/-/sourcemap-codec-1.5.5.tgz 0ms (cache hit)
2459 http cache @babel/helper-string-parser@https://registry.npmjs.org/@babel/helper-string-parser/-/helper-string-parser-7.29.7.tgz 0ms (cache hit)
2460 http cache @babel/helper-globals@https://registry.npmjs.org/@babel/helper-globals/-/helper-globals-7.29.7.tgz 0ms (cache hit)
2461 http cache @babel/helper-module-imports@https://registry.npmjs.org/@babel/helper-module-imports/-/helper-module-imports-7.29.7.tgz 0ms (cache hit)
2462 http cache lru-cache@https://registry.npmjs.org/lru-cache/-/lru-cache-5.1.1.tgz 0ms (cache hit)
2463 http cache browserslist@https://registry.npmjs.org/browserslist/-/browserslist-4.28.7.tgz 0ms (cache hit)
2464 http cache @babel/helper-validator-option@https://registry.npmjs.org/@babel/helper-validator-option/-/helper-validator-option-7.29.7.tgz 0ms (cache hit)
2465 http cache @babel/compat-data@https://registry.npmjs.org/@babel/compat-data/-/compat-data-7.29.7.tgz 0ms (cache hit)
2466 http cache jsesc@https://registry.npmjs.org/jsesc/-/jsesc-3.1.0.tgz 0ms (cache hit)
2467 http cache @jridgewell/trace-mapping@https://registry.npmjs.org/@jridgewell/trace-mapping/-/trace-mapping-0.3.31.tgz 0ms (cache hit)
2468 http cache @jridgewell/gen-mapping@https://registry.npmjs.org/@jridgewell/gen-mapping/-/gen-mapping-0.3.13.tgz 0ms (cache hit)
2469 http cache picocolors@https://registry.npmjs.org/picocolors/-/picocolors-1.1.1.tgz 0ms (cache hit)
2470 http cache js-tokens@https://registry.npmjs.org/js-tokens/-/js-tokens-4.0.0.tgz 0ms (cache hit)
2471 http cache @babel/helper-validator-identifier@https://registry.npmjs.org/@babel/helper-validator-identifier/-/helper-validator-identifier-7.29.7.tgz 0ms (cache hit)
2472 http cache json5@https://registry.npmjs.org/json5/-/json5-2.2.3.tgz 0ms (cache hit)
2473 http cache gensync@https://registry.npmjs.org/gensync/-/gensync-1.0.0-beta.2.tgz 0ms (cache hit)
2474 http cache convert-source-map@https://registry.npmjs.org/convert-source-map/-/convert-source-map-2.0.0.tgz 0ms (cache hit)
2475 http cache @jridgewell/remapping@https://registry.npmjs.org/@jridgewell/remapping/-/remapping-2.3.5.tgz 0ms (cache hit)
2476 http cache @babel/types@https://registry.npmjs.org/@babel/types/-/types-7.29.8.tgz 0ms (cache hit)
2477 http cache @babel/traverse@https://registry.npmjs.org/@babel/traverse/-/traverse-7.29.8.tgz 0ms (cache hit)
2478 http cache @babel/template@https://registry.npmjs.org/@babel/template/-/template-7.29.7.tgz 0ms (cache hit)
2479 http cache @babel/helpers@https://registry.npmjs.org/@babel/helpers/-/helpers-7.29.7.tgz 0ms (cache hit)
2480 http cache @babel/helper-module-transforms@https://registry.npmjs.org/@babel/helper-module-transforms/-/helper-module-transforms-7.29.7.tgz 0ms (cache hit)
2481 http cache @babel/helper-compilation-targets@https://registry.npmjs.org/@babel/helper-compilation-targets/-/helper-compilation-targets-7.29.7.tgz 0ms (cache hit)
2482 http cache @babel/generator@https://registry.npmjs.org/@babel/generator/-/generator-7.29.8.tgz 0ms (cache hit)
2483 http cache @babel/code-frame@https://registry.npmjs.org/@babel/code-frame/-/code-frame-7.29.7.tgz 0ms (cache hit)
2484 http cache zod-validation-error@https://registry.npmjs.org/zod-validation-error/-/zod-validation-error-4.0.2.tgz 0ms (cache hit)
2485 http cache zod@https://registry.npmjs.org/zod/-/zod-4.4.3.tgz 0ms (cache hit)
2486 http cache hermes-parser@https://registry.npmjs.org/hermes-parser/-/hermes-parser-0.25.1.tgz 0ms (cache hit)
2487 http cache @babel/parser@https://registry.npmjs.org/@babel/parser/-/parser-7.29.8.tgz 0ms (cache hit)
2488 http cache iterator.prototype@https://registry.npmjs.org/iterator.prototype/-/iterator.prototype-1.1.5.tgz 0ms (cache hit)
2489 http cache @babel/core@https://registry.npmjs.org/@babel/core/-/core-7.29.7.tgz 0ms (cache hit)
2490 http cache string.prototype.repeat@https://registry.npmjs.org/string.prototype.repeat/-/string.prototype.repeat-1.0.0.tgz 0ms (cache hit)
2491 http cache string.prototype.matchall@https://registry.npmjs.org/string.prototype.matchall/-/string.prototype.matchall-4.0.12.tgz 0ms (cache hit)
2492 http cache prop-types@https://registry.npmjs.org/prop-types/-/prop-types-15.8.1.tgz 0ms (cache hit)
2493 http cache object.entries@https://registry.npmjs.org/object.entries/-/object.entries-1.1.9.tgz 0ms (cache hit)
2494 http cache estraverse@https://registry.npmjs.org/estraverse/-/estraverse-5.3.0.tgz 0ms (cache hit)
2495 http cache es-iterator-helpers@https://registry.npmjs.org/es-iterator-helpers/-/es-iterator-helpers-1.4.0.tgz 0ms (cache hit)
2496 http cache array.prototype.tosorted@https://registry.npmjs.org/array.prototype.tosorted/-/array.prototype.tosorted-1.1.4.tgz 0ms (cache hit)
2497 http cache array.prototype.findlast@https://registry.npmjs.org/array.prototype.findlast/-/array.prototype.findlast-1.2.5.tgz 0ms (cache hit)
2498 http cache string.prototype.includes@https://registry.npmjs.org/string.prototype.includes/-/string.prototype.includes-2.0.1.tgz 0ms (cache hit)
2499 http cache language-tags@https://registry.npmjs.org/language-tags/-/language-tags-1.0.9.tgz 0ms (cache hit)
2500 http cache jsx-ast-utils@https://registry.npmjs.org/jsx-ast-utils/-/jsx-ast-utils-3.3.5.tgz 0ms (cache hit)
2501 http cache emoji-regex@https://registry.npmjs.org/emoji-regex/-/emoji-regex-9.2.2.tgz 0ms (cache hit)
2502 http cache damerau-levenshtein@https://registry.npmjs.org/damerau-levenshtein/-/damerau-levenshtein-1.0.8.tgz 0ms (cache hit)
2503 http cache axobject-query@https://registry.npmjs.org/axobject-query/-/axobject-query-4.1.0.tgz 0ms (cache hit)
2504 http cache axe-core@https://registry.npmjs.org/axe-core/-/axe-core-4.12.1.tgz 0ms (cache hit)
2505 http cache ast-types-flow@https://registry.npmjs.org/ast-types-flow/-/ast-types-flow-0.0.8.tgz 0ms (cache hit)
2506 http cache aria-query@https://registry.npmjs.org/aria-query/-/aria-query-5.3.2.tgz 0ms (cache hit)
2507 http cache is-symbol@https://registry.npmjs.org/is-symbol/-/is-symbol-1.1.1.tgz 0ms (cache hit)
2508 http cache is-date-object@https://registry.npmjs.org/is-date-object/-/is-date-object-1.1.0.tgz 0ms (cache hit)
2509 http cache es-abstract-get@https://registry.npmjs.org/es-abstract-get/-/es-abstract-get-1.0.0.tgz 0ms (cache hit)
2510 http cache possible-typed-array-names@https://registry.npmjs.org/possible-typed-array-names/-/possible-typed-array-names-1.1.0.tgz 0ms (cache hit)
2511 http cache has-tostringtag@https://registry.npmjs.org/has-tostringtag/-/has-tostringtag-1.0.2.tgz 0ms (cache hit)
2512 http cache which-typed-array@https://registry.npmjs.org/which-typed-array/-/which-typed-array-1.1.22.tgz 0ms (cache hit)
2513 http cache unbox-primitive@https://registry.npmjs.org/unbox-primitive/-/unbox-primitive-1.1.0.tgz 0ms (cache hit)
2514 http cache typed-array-length@https://registry.npmjs.org/typed-array-length/-/typed-array-length-1.0.8.tgz 0ms (cache hit)
2515 http cache typed-array-byte-offset@https://registry.npmjs.org/typed-array-byte-offset/-/typed-array-byte-offset-1.0.4.tgz 0ms (cache hit)
2516 http cache typed-array-byte-length@https://registry.npmjs.org/typed-array-byte-length/-/typed-array-byte-length-1.0.3.tgz 0ms (cache hit)
2517 http cache typed-array-buffer@https://registry.npmjs.org/typed-array-buffer/-/typed-array-buffer-1.0.3.tgz 0ms (cache hit)
2518 http cache string.prototype.trim@https://registry.npmjs.org/string.prototype.trim/-/string.prototype.trim-1.2.11.tgz 0ms (cache hit)
2519 http cache stop-iteration-iterator@https://registry.npmjs.org/stop-iteration-iterator/-/stop-iteration-iterator-1.1.0.tgz 0ms (cache hit)
2520 http cache set-proto@https://registry.npmjs.org/set-proto/-/set-proto-1.0.0.tgz 0ms (cache hit)
2521 http cache safe-regex-test@https://registry.npmjs.org/safe-regex-test/-/safe-regex-test-1.1.0.tgz 0ms (cache hit)
2522 http cache safe-push-apply@https://registry.npmjs.org/safe-push-apply/-/safe-push-apply-1.0.0.tgz 0ms (cache hit)
2523 http cache safe-array-concat@https://registry.npmjs.org/safe-array-concat/-/safe-array-concat-1.1.4.tgz 0ms (cache hit)
2524 http cache regexp.prototype.flags@https://registry.npmjs.org/regexp.prototype.flags/-/regexp.prototype.flags-1.5.4.tgz 0ms (cache hit)
2525 http cache own-keys@https://registry.npmjs.org/own-keys/-/own-keys-1.0.2.tgz 0ms (cache hit)
2526 http cache object.assign@https://registry.npmjs.org/object.assign/-/object.assign-4.1.7.tgz 0ms (cache hit)
2527 http cache object-inspect@https://registry.npmjs.org/object-inspect/-/object-inspect-1.13.4.tgz 0ms (cache hit)
2528 http cache is-weakref@https://registry.npmjs.org/is-weakref/-/is-weakref-1.1.1.tgz 0ms (cache hit)
2529 http cache is-typed-array@https://registry.npmjs.org/is-typed-array/-/is-typed-array-1.1.15.tgz 0ms (cache hit)
2530 http cache is-shared-array-buffer@https://registry.npmjs.org/is-shared-array-buffer/-/is-shared-array-buffer-1.0.4.tgz 0ms (cache hit)
2531 http cache is-set@https://registry.npmjs.org/is-set/-/is-set-2.0.3.tgz 0ms (cache hit)
2532 http cache is-regex@https://registry.npmjs.org/is-regex/-/is-regex-1.2.1.tgz 0ms (cache hit)
2533 http cache is-negative-zero@https://registry.npmjs.org/is-negative-zero/-/is-negative-zero-2.0.3.tgz 0ms (cache hit)
2534 http cache is-data-view@https://registry.npmjs.org/is-data-view/-/is-data-view-1.0.2.tgz 0ms (cache hit)
2535 http cache is-callable@https://registry.npmjs.org/is-callable/-/is-callable-1.2.7.tgz 0ms (cache hit)
2536 http cache is-array-buffer@https://registry.npmjs.org/is-array-buffer/-/is-array-buffer-3.0.5.tgz 0ms (cache hit)
2537 http cache internal-slot@https://registry.npmjs.org/internal-slot/-/internal-slot-1.1.0.tgz 0ms (cache hit)
2538 http cache has-symbols@https://registry.npmjs.org/has-symbols/-/has-symbols-1.1.0.tgz 0ms (cache hit)
2539 http cache has-proto@https://registry.npmjs.org/has-proto/-/has-proto-1.2.0.tgz 0ms (cache hit)
2540 http cache globalthis@https://registry.npmjs.org/globalthis/-/globalthis-1.0.4.tgz 0ms (cache hit)
2541 http cache get-symbol-description@https://registry.npmjs.org/get-symbol-description/-/get-symbol-description-1.1.0.tgz 0ms (cache hit)
2542 http cache get-proto@https://registry.npmjs.org/get-proto/-/get-proto-1.0.1.tgz 0ms (cache hit)
2543 http cache function.prototype.name@https://registry.npmjs.org/function.prototype.name/-/function.prototype.name-1.2.0.tgz 0ms (cache hit)
2544 http cache es-to-primitive@https://registry.npmjs.org/es-to-primitive/-/es-to-primitive-1.3.4.tgz 0ms (cache hit)
2545 http cache es-set-tostringtag@https://registry.npmjs.org/es-set-tostringtag/-/es-set-tostringtag-2.1.0.tgz 0ms (cache hit)
2546 http cache data-view-byte-offset@https://registry.npmjs.org/data-view-byte-offset/-/data-view-byte-offset-1.0.1.tgz 0ms (cache hit)
2547 http cache data-view-byte-length@https://registry.npmjs.org/data-view-byte-length/-/data-view-byte-length-1.0.2.tgz 0ms (cache hit)
2548 http cache data-view-buffer@https://registry.npmjs.org/data-view-buffer/-/data-view-buffer-1.0.2.tgz 1ms (cache hit)
2549 http cache available-typed-arrays@https://registry.npmjs.org/available-typed-arrays/-/available-typed-arrays-1.0.7.tgz 0ms (cache hit)
2550 http cache arraybuffer.prototype.slice@https://registry.npmjs.org/arraybuffer.prototype.slice/-/arraybuffer.prototype.slice-1.0.4.tgz 0ms (cache hit)
2551 http cache array-buffer-byte-length@https://registry.npmjs.org/array-buffer-byte-length/-/array-buffer-byte-length-1.0.2.tgz 0ms (cache hit)
2552 http cache gopd@https://registry.npmjs.org/gopd/-/gopd-1.2.0.tgz 0ms (cache hit)
2553 http cache object-keys@https://registry.npmjs.org/object-keys/-/object-keys-1.1.1.tgz 0ms (cache hit)
2554 http cache has-property-descriptors@https://registry.npmjs.org/has-property-descriptors/-/has-property-descriptors-1.0.2.tgz 0ms (cache hit)
2555 http cache define-data-property@https://registry.npmjs.org/define-data-property/-/define-data-property-1.1.4.tgz 0ms (cache hit)
2556 http cache function-bind@https://registry.npmjs.org/function-bind/-/function-bind-1.1.2.tgz 0ms (cache hit)
2557 http cache set-function-length@https://registry.npmjs.org/set-function-length/-/set-function-length-1.2.2.tgz 0ms (cache hit)
2558 http cache es-define-property@https://registry.npmjs.org/es-define-property/-/es-define-property-1.0.1.tgz 0ms (cache hit)
2559 http cache call-bind-apply-helpers@https://registry.npmjs.org/call-bind-apply-helpers/-/call-bind-apply-helpers-1.0.2.tgz 0ms (cache hit)
2560 http cache es-shim-unscopables@https://registry.npmjs.org/es-shim-unscopables/-/es-shim-unscopables-1.1.0.tgz 0ms (cache hit)
2561 http cache es-errors@https://registry.npmjs.org/es-errors/-/es-errors-1.3.0.tgz 0ms (cache hit)
2562 http cache math-intrinsics@https://registry.npmjs.org/math-intrinsics/-/math-intrinsics-1.1.0.tgz 0ms (cache hit)
2563 http cache is-string@https://registry.npmjs.org/is-string/-/is-string-1.1.1.tgz 0ms (cache hit)
2564 http cache get-intrinsic@https://registry.npmjs.org/get-intrinsic/-/get-intrinsic-1.3.0.tgz 0ms (cache hit)
2565 http cache es-object-atoms@https://registry.npmjs.org/es-object-atoms/-/es-object-atoms-1.1.2.tgz 0ms (cache hit)
2566 http cache es-abstract@https://registry.npmjs.org/es-abstract/-/es-abstract-1.24.2.tgz 0ms (cache hit)
2567 http cache define-properties@https://registry.npmjs.org/define-properties/-/define-properties-1.2.1.tgz 0ms (cache hit)
2568 http cache call-bound@https://registry.npmjs.org/call-bound/-/call-bound-1.0.4.tgz 0ms (cache hit)
2569 http cache call-bind@https://registry.npmjs.org/call-bind/-/call-bind-1.0.9.tgz 0ms (cache hit)
2570 http cache tsconfig-paths@https://registry.npmjs.org/tsconfig-paths/-/tsconfig-paths-3.15.0.tgz 0ms (cache hit)
2571 http cache string.prototype.trimend@https://registry.npmjs.org/string.prototype.trimend/-/string.prototype.trimend-1.0.10.tgz 0ms (cache hit)
2572 http cache semver@https://registry.npmjs.org/semver/-/semver-6.3.1.tgz 0ms (cache hit)
2573 http cache object.values@https://registry.npmjs.org/object.values/-/object.values-1.2.1.tgz 0ms (cache hit)
2574 http cache object.groupby@https://registry.npmjs.org/object.groupby/-/object.groupby-1.0.3.tgz 0ms (cache hit)
2575 http cache object.fromentries@https://registry.npmjs.org/object.fromentries/-/object.fromentries-2.0.8.tgz 0ms (cache hit)
2576 http cache hasown@https://registry.npmjs.org/hasown/-/hasown-2.0.4.tgz 0ms (cache hit)
2577 http cache eslint-module-utils@https://registry.npmjs.org/eslint-module-utils/-/eslint-module-utils-2.14.0.tgz 0ms (cache hit)
2578 http cache doctrine@https://registry.npmjs.org/doctrine/-/doctrine-2.1.0.tgz 0ms (cache hit)
2579 http cache array.prototype.flatmap@https://registry.npmjs.org/array.prototype.flatmap/-/array.prototype.flatmap-1.3.3.tgz 0ms (cache hit)
2580 http cache array.prototype.flat@https://registry.npmjs.org/array.prototype.flat/-/array.prototype.flat-1.3.3.tgz 0ms (cache hit)
2581 http cache array.prototype.findlastindex@https://registry.npmjs.org/array.prototype.findlastindex/-/array.prototype.findlastindex-1.2.6.tgz 0ms (cache hit)
2582 http cache array-includes@https://registry.npmjs.org/array-includes/-/array-includes-3.1.9.tgz 0ms (cache hit)
2583 http cache @rtsao/scc@https://registry.npmjs.org/@rtsao/scc/-/scc-1.1.0.tgz 0ms (cache hit)
2584 http cache unrs-resolver@https://registry.npmjs.org/unrs-resolver/-/unrs-resolver-1.12.2.tgz 0ms (cache hit)
2585 http cache tinyglobby@https://registry.npmjs.org/tinyglobby/-/tinyglobby-0.2.17.tgz 0ms (cache hit)
2586 http cache stable-hash@https://registry.npmjs.org/stable-hash/-/stable-hash-0.0.5.tgz 0ms (cache hit)
2587 http cache is-bun-module@https://registry.npmjs.org/is-bun-module/-/is-bun-module-2.0.0.tgz 0ms (cache hit)
2588 http cache get-tsconfig@https://registry.npmjs.org/get-tsconfig/-/get-tsconfig-4.14.1.tgz 0ms (cache hit)
2589 http cache @nolyfill/is-core-module@https://registry.npmjs.org/@nolyfill/is-core-module/-/is-core-module-1.0.39.tgz 0ms (cache hit)
2590 http cache resolve@https://registry.npmjs.org/resolve/-/resolve-2.0.0-next.7.tgz 0ms (cache hit)
2591 http cache is-core-module@https://registry.npmjs.org/is-core-module/-/is-core-module-2.16.2.tgz 0ms (cache hit)
2592 http cache fast-glob@https://registry.npmjs.org/fast-glob/-/fast-glob-3.3.1.tgz 0ms (cache hit)
2593 http cache typescript-eslint@https://registry.npmjs.org/typescript-eslint/-/typescript-eslint-8.66.0.tgz 0ms (cache hit)
2594 http cache eslint-plugin-react-hooks@https://registry.npmjs.org/eslint-plugin-react-hooks/-/eslint-plugin-react-hooks-7.1.1.tgz 0ms (cache hit)
2595 http cache eslint-plugin-react@https://registry.npmjs.org/eslint-plugin-react/-/eslint-plugin-react-7.37.5.tgz 0ms (cache hit)
2596 http cache eslint-plugin-jsx-a11y@https://registry.npmjs.org/eslint-plugin-jsx-a11y/-/eslint-plugin-jsx-a11y-6.10.2.tgz 0ms (cache hit)
2597 http cache eslint-plugin-import@https://registry.npmjs.org/eslint-plugin-import/-/eslint-plugin-import-2.32.0.tgz 0ms (cache hit)
2598 http cache eslint-import-resolver-typescript@https://registry.npmjs.org/eslint-import-resolver-typescript/-/eslint-import-resolver-typescript-3.10.1.tgz 0ms (cache hit)
2599 http cache eslint-import-resolver-node@https://registry.npmjs.org/eslint-import-resolver-node/-/eslint-import-resolver-node-0.3.10.tgz 0ms (cache hit)
2600 http cache @next/eslint-plugin-next@https://registry.npmjs.org/@next/eslint-plugin-next/-/eslint-plugin-next-16.0.0.tgz 0ms (cache hit)
2601 http cache ms@https://registry.npmjs.org/ms/-/ms-2.1.3.tgz 0ms (cache hit)
2602 http cache which@https://registry.npmjs.org/which/-/which-2.0.2.tgz 0ms (cache hit)
2603 http cache shebang-command@https://registry.npmjs.org/shebang-command/-/shebang-command-2.0.0.tgz 0ms (cache hit)
2604 http cache path-key@https://registry.npmjs.org/path-key/-/path-key-3.1.1.tgz 0ms (cache hit)
2605 http cache color-name@https://registry.npmjs.org/color-name/-/color-name-1.1.4.tgz 0ms (cache hit)
2606 http cache color-convert@https://registry.npmjs.org/color-convert/-/color-convert-2.0.1.tgz 0ms (cache hit)
2607 http cache supports-color@https://registry.npmjs.org/supports-color/-/supports-color-7.2.0.tgz 0ms (cache hit)
2608 http cache ansi-styles@https://registry.npmjs.org/ansi-styles/-/ansi-styles-4.3.0.tgz 0ms (cache hit)
2609 http cache uri-js@https://registry.npmjs.org/uri-js/-/uri-js-4.4.1.tgz 0ms (cache hit)
2610 http cache json-schema-traverse@https://registry.npmjs.org/json-schema-traverse/-/json-schema-traverse-0.4.1.tgz 0ms (cache hit)
2611 http cache fast-json-stable-stringify@https://registry.npmjs.org/fast-json-stable-stringify/-/fast-json-stable-stringify-2.1.0.tgz 0ms (cache hit)
2612 http cache @humanfs/types@https://registry.npmjs.org/@humanfs/types/-/types-0.15.0.tgz 0ms (cache hit)
2613 http cache @humanfs/core@https://registry.npmjs.org/@humanfs/core/-/core-0.19.2.tgz 0ms (cache hit)
2614 http cache levn@https://registry.npmjs.org/levn/-/levn-0.4.1.tgz 0ms (cache hit)
2615 http cache strip-json-comments@https://registry.npmjs.org/strip-json-comments/-/strip-json-comments-3.1.1.tgz 0ms (cache hit)
2616 http cache js-yaml@https://registry.npmjs.org/js-yaml/-/js-yaml-4.3.1.tgz 0ms (cache hit)
2617 http cache import-fresh@https://registry.npmjs.org/import-fresh/-/import-fresh-3.3.1.tgz 0ms (cache hit)
2618 http cache globals@https://registry.npmjs.org/globals/-/globals-14.0.0.tgz 0ms (cache hit)
2619 http cache @types/json-schema@https://registry.npmjs.org/@types/json-schema/-/json-schema-7.0.15.tgz 0ms (cache hit)
2620 http cache @eslint/object-schema@https://registry.npmjs.org/@eslint/object-schema/-/object-schema-2.1.7.tgz 0ms (cache hit)
2621 http cache optionator@https://registry.npmjs.org/optionator/-/optionator-0.9.4.tgz 0ms (cache hit)
2622 http cache natural-compare@https://registry.npmjs.org/natural-compare/-/natural-compare-1.4.0.tgz 0ms (cache hit)
2623 http cache minimatch@https://registry.npmjs.org/minimatch/-/minimatch-3.1.5.tgz 0ms (cache hit)
2624 http cache lodash.merge@https://registry.npmjs.org/lodash.merge/-/lodash.merge-4.6.2.tgz 0ms (cache hit)
2625 http cache json-stable-stringify-without-jsonify@https://registry.npmjs.org/json-stable-stringify-without-jsonify/-/json-stable-stringify-without-jsonify-1.0.1.tgz 0ms (cache hit)
2626 http cache is-glob@https://registry.npmjs.org/is-glob/-/is-glob-4.0.3.tgz 0ms (cache hit)
2627 http cache imurmurhash@https://registry.npmjs.org/imurmurhash/-/imurmurhash-0.1.4.tgz 0ms (cache hit)
2628 http cache ignore@https://registry.npmjs.org/ignore/-/ignore-5.3.2.tgz 0ms (cache hit)
2629 http cache glob-parent@https://registry.npmjs.org/glob-parent/-/glob-parent-6.0.2.tgz 0ms (cache hit)
2630 http cache find-up@https://registry.npmjs.org/find-up/-/find-up-5.0.0.tgz 0ms (cache hit)
2631 http cache file-entry-cache@https://registry.npmjs.org/file-entry-cache/-/file-entry-cache-8.0.0.tgz 0ms (cache hit)
2632 http cache fast-deep-equal@https://registry.npmjs.org/fast-deep-equal/-/fast-deep-equal-3.1.3.tgz 0ms (cache hit)
2633 http cache esutils@https://registry.npmjs.org/esutils/-/esutils-2.0.3.tgz 0ms (cache hit)
2634 http cache esquery@https://registry.npmjs.org/esquery/-/esquery-1.7.0.tgz 0ms (cache hit)
2635 http cache espree@https://registry.npmjs.org/espree/-/espree-10.4.0.tgz 0ms (cache hit)
2636 http cache eslint-visitor-keys@https://registry.npmjs.org/eslint-visitor-keys/-/eslint-visitor-keys-4.2.1.tgz 0ms (cache hit)
2637 http cache eslint-scope@https://registry.npmjs.org/eslint-scope/-/eslint-scope-8.4.0.tgz 0ms (cache hit)
2638 http cache escape-string-regexp@https://registry.npmjs.org/escape-string-regexp/-/escape-string-regexp-4.0.0.tgz 0ms (cache hit)
2639 http cache debug@https://registry.npmjs.org/debug/-/debug-4.4.3.tgz 0ms (cache hit)
2640 http cache cross-spawn@https://registry.npmjs.org/cross-spawn/-/cross-spawn-7.0.6.tgz 0ms (cache hit)
2641 http cache chalk@https://registry.npmjs.org/chalk/-/chalk-4.1.2.tgz 0ms (cache hit)
2642 http cache ajv@https://registry.npmjs.org/ajv/-/ajv-6.15.0.tgz 0ms (cache hit)
2643 http cache @types/estree@https://registry.npmjs.org/@types/estree/-/estree-1.0.9.tgz 0ms (cache hit)
2644 http cache @humanwhocodes/retry@https://registry.npmjs.org/@humanwhocodes/retry/-/retry-0.4.3.tgz 0ms (cache hit)
2645 http cache @humanwhocodes/module-importer@https://registry.npmjs.org/@humanwhocodes/module-importer/-/module-importer-1.0.1.tgz 0ms (cache hit)
2646 http cache @humanfs/node@https://registry.npmjs.org/@humanfs/node/-/node-0.16.8.tgz 0ms (cache hit)
2647 http cache @eslint/plugin-kit@https://registry.npmjs.org/@eslint/plugin-kit/-/plugin-kit-0.4.1.tgz 0ms (cache hit)
2648 http cache @eslint/js@https://registry.npmjs.org/@eslint/js/-/js-9.39.5.tgz 0ms (cache hit)
2649 http cache @eslint/eslintrc@https://registry.npmjs.org/@eslint/eslintrc/-/eslintrc-3.3.6.tgz 0ms (cache hit)
2650 http cache @eslint/core@https://registry.npmjs.org/@eslint/core/-/core-0.17.0.tgz 0ms (cache hit)
2651 http cache @eslint/config-helpers@https://registry.npmjs.org/@eslint/config-helpers/-/config-helpers-0.4.2.tgz 0ms (cache hit)
2652 http cache @eslint/config-array@https://registry.npmjs.org/@eslint/config-array/-/config-array-0.21.2.tgz 0ms (cache hit)
2653 http cache @eslint-community/regexpp@https://registry.npmjs.org/@eslint-community/regexpp/-/regexpp-4.12.2.tgz 0ms (cache hit)
2654 http cache @eslint-community/eslint-utils@https://registry.npmjs.org/@eslint-community/eslint-utils/-/eslint-utils-4.10.1.tgz 0ms (cache hit)
2655 http cache csstype@https://registry.npmjs.org/csstype/-/csstype-3.2.3.tgz 0ms (cache hit)
2656 http cache undici-types@https://registry.npmjs.org/undici-types/-/undici-types-6.21.0.tgz 0ms (cache hit)
2657 http cache typescript@https://registry.npmjs.org/typescript/-/typescript-5.9.3.tgz 0ms (cache hit)
2658 http cache react-dom@https://registry.npmjs.org/react-dom/-/react-dom-19.2.0.tgz 0ms (cache hit)
2659 http cache react@https://registry.npmjs.org/react/-/react-19.2.0.tgz 0ms (cache hit)
2660 http cache next@https://registry.npmjs.org/next/-/next-16.0.0.tgz 0ms (cache hit)
2661 http cache eslint-config-next@https://registry.npmjs.org/eslint-config-next/-/eslint-config-next-16.0.0.tgz 0ms (cache hit)
2662 http cache eslint@https://registry.npmjs.org/eslint/-/eslint-9.39.5.tgz 0ms (cache hit)
2663 http cache @types/react-dom@https://registry.npmjs.org/@types/react-dom/-/react-dom-19.2.4.tgz 0ms (cache hit)
2664 http cache @types/react@https://registry.npmjs.org/@types/react/-/react-19.2.18.tgz 0ms (cache hit)
2665 http cache @types/node@https://registry.npmjs.org/@types/node/-/node-22.20.1.tgz 0ms (cache hit)
2666 http cache @emnapi/runtime@https://registry.npmjs.org/@emnapi/runtime/-/runtime-1.10.0.tgz 0ms (cache hit)
2667 http cache eslint-visitor-keys@https://registry.npmjs.org/eslint-visitor-keys/-/eslint-visitor-keys-5.0.1.tgz 0ms (cache hit)
2668 http cache balanced-match@https://registry.npmjs.org/balanced-match/-/balanced-match-4.0.4.tgz 0ms (cache hit)
2669 http cache brace-expansion@https://registry.npmjs.org/brace-expansion/-/brace-expansion-5.0.9.tgz 0ms (cache hit)
2670 http cache semver@https://registry.npmjs.org/semver/-/semver-7.8.5.tgz 0ms (cache hit)
2671 http cache minimatch@https://registry.npmjs.org/minimatch/-/minimatch-10.2.6.tgz 0ms (cache hit)
2672 http cache ignore@https://registry.npmjs.org/ignore/-/ignore-7.0.6.tgz 0ms (cache hit)
2673 http cache semver@https://registry.npmjs.org/semver/-/semver-7.8.5.tgz 1ms (cache hit)
2674 http cache json5@https://registry.npmjs.org/json5/-/json5-1.0.2.tgz 0ms (cache hit)
2675 http cache debug@https://registry.npmjs.org/debug/-/debug-3.2.7.tgz 0ms (cache hit)
2676 http cache picomatch@https://registry.npmjs.org/picomatch/-/picomatch-4.0.5.tgz 0ms (cache hit)
2677 http cache fdir@https://registry.npmjs.org/fdir/-/fdir-6.5.0.tgz 0ms (cache hit)
2678 http cache semver@https://registry.npmjs.org/semver/-/semver-7.8.5.tgz 0ms (cache hit)
2679 http cache glob-parent@https://registry.npmjs.org/glob-parent/-/glob-parent-5.1.2.tgz 0ms (cache hit)
2680 http cache debug@https://registry.npmjs.org/debug/-/debug-3.2.7.tgz 0ms (cache hit)
2681 http cache debug@https://registry.npmjs.org/debug/-/debug-3.2.7.tgz 0ms (cache hit)
2682 http cache eslint-visitor-keys@https://registry.npmjs.org/eslint-visitor-keys/-/eslint-visitor-keys-3.4.3.tgz 0ms (cache hit)
2683 http cache globals@https://registry.npmjs.org/globals/-/globals-16.4.0.tgz 0ms (cache hit)
2684 http cache string.prototype.trimstart@https://registry.npmjs.org/string.prototype.trimstart/-/string.prototype.trimstart-1.0.8.tgz 0ms (cache hit)
2685 silly tarball no local data for is-weakset@https://registry.npmjs.org/is-weakset/-/is-weakset-2.0.4.tgz. Extracting by manifest.
2686 silly tarball no local data for is-weakmap@https://registry.npmjs.org/is-weakmap/-/is-weakmap-2.0.2.tgz. Extracting by manifest.
2687 silly tarball no local data for generator-function@https://registry.npmjs.org/generator-function/-/generator-function-2.0.1.tgz. Extracting by manifest.
2688 silly tarball no local data for async-function@https://registry.npmjs.org/async-function/-/async-function-1.0.0.tgz. Extracting by manifest.
2689 silly tarball no local data for is-map@https://registry.npmjs.org/is-map/-/is-map-2.0.3.tgz. Extracting by manifest.
2690 silly tarball no local data for which-collection@https://registry.npmjs.org/which-collection/-/which-collection-1.0.2.tgz. Extracting by manifest.
2691 silly tarball no local data for is-generator-function@https://registry.npmjs.org/is-generator-function/-/is-generator-function-1.1.2.tgz. Extracting by manifest.
2692 silly tarball no local data for is-finalizationregistry@https://registry.npmjs.org/is-finalizationregistry/-/is-finalizationregistry-1.1.1.tgz. Extracting by manifest.
2693 silly tarball no local data for is-async-function@https://registry.npmjs.org/is-async-function/-/is-async-function-2.1.1.tgz. Extracting by manifest.
2694 silly tarball no local data for is-number-object@https://registry.npmjs.org/is-number-object/-/is-number-object-1.1.1.tgz. Extracting by manifest.
2695 silly tarball no local data for is-boolean-object@https://registry.npmjs.org/is-boolean-object/-/is-boolean-object-1.2.2.tgz. Extracting by manifest.
2696 silly tarball no local data for is-bigint@https://registry.npmjs.org/is-bigint/-/is-bigint-1.1.0.tgz. Extracting by manifest.
2697 silly tarball no local data for isexe@https://registry.npmjs.org/isexe/-/isexe-2.0.0.tgz. Extracting by manifest.
2698 silly tarball no local data for punycode@https://registry.npmjs.org/punycode/-/punycode-2.3.1.tgz. Extracting by manifest.
2699 silly tarball no local data for escalade@https://registry.npmjs.org/escalade/-/escalade-3.2.0.tgz. Extracting by manifest.
2700 silly tarball no local data for @tybys/wasm-util@https://registry.npmjs.org/@tybys/wasm-util/-/wasm-util-0.10.3.tgz. Extracting by manifest.
2701 silly tarball no local data for @emnapi/wasi-threads@https://registry.npmjs.org/@emnapi/wasi-threads/-/wasi-threads-1.2.1.tgz. Extracting by manifest.
2702 silly tarball no local data for @napi-rs/wasm-runtime@https://registry.npmjs.org/@napi-rs/wasm-runtime/-/wasm-runtime-1.2.2.tgz. Extracting by manifest.
2703 silly tarball no local data for @emnapi/core@https://registry.npmjs.org/@emnapi/core/-/core-1.10.0.tgz. Extracting by manifest.
2704 silly tarball no local data for napi-postinstall@https://registry.npmjs.org/napi-postinstall/-/napi-postinstall-0.3.4.tgz. Extracting by manifest.
2705 silly tarball no local data for @unrs/resolver-binding-linux-x64-gnu@https://registry.npmjs.org/@unrs/resolver-binding-linux-x64-gnu/-/resolver-binding-linux-x64-gnu-1.12.2.tgz. Extracting by manifest.
2706 silly tarball no local data for which-boxed-primitive@https://registry.npmjs.org/which-boxed-primitive/-/which-boxed-primitive-1.1.1.tgz. Extracting by manifest.
2707 silly tarball no local data for has-bigints@https://registry.npmjs.org/has-bigints/-/has-bigints-1.1.0.tgz. Extracting by manifest.
2708 silly tarball no local data for @typescript-eslint/tsconfig-utils@https://registry.npmjs.org/@typescript-eslint/tsconfig-utils/-/tsconfig-utils-8.66.0.tgz. Extracting by manifest.
2709 silly tarball no local data for @typescript-eslint/project-service@https://registry.npmjs.org/@typescript-eslint/project-service/-/project-service-8.66.0.tgz. Extracting by manifest.
2710 silly tarball no local data for @typescript-eslint/types@https://registry.npmjs.org/@typescript-eslint/types/-/types-8.66.0.tgz. Extracting by manifest.
2711 silly tarball no local data for ts-api-utils@https://registry.npmjs.org/ts-api-utils/-/ts-api-utils-2.5.0.tgz. Extracting by manifest.
2712 silly tarball no local data for @typescript-eslint/visitor-keys@https://registry.npmjs.org/@typescript-eslint/visitor-keys/-/visitor-keys-8.66.0.tgz. Extracting by manifest.
2713 silly tarball no local data for @typescript-eslint/type-utils@https://registry.npmjs.org/@typescript-eslint/type-utils/-/type-utils-8.66.0.tgz. Extracting by manifest.
2714 silly tarball no local data for @typescript-eslint/scope-manager@https://registry.npmjs.org/@typescript-eslint/scope-manager/-/scope-manager-8.66.0.tgz. Extracting by manifest.
2715 silly tarball no local data for @typescript-eslint/utils@https://registry.npmjs.org/@typescript-eslint/utils/-/utils-8.66.0.tgz. Extracting by manifest.
2716 silly tarball no local data for @typescript-eslint/typescript-estree@https://registry.npmjs.org/@typescript-eslint/typescript-estree/-/typescript-estree-8.66.0.tgz. Extracting by manifest.
2717 silly tarball no local data for @typescript-eslint/parser@https://registry.npmjs.org/@typescript-eslint/parser/-/parser-8.66.0.tgz. Extracting by manifest.
2718 silly tarball no local data for @typescript-eslint/eslint-plugin@https://registry.npmjs.org/@typescript-eslint/eslint-plugin/-/eslint-plugin-8.66.0.tgz. Extracting by manifest.
2719 silly tarball no local data for which-builtin-type@https://registry.npmjs.org/which-builtin-type/-/which-builtin-type-1.2.1.tgz. Extracting by manifest.
2720 silly tarball no local data for reflect.getprototypeof@https://registry.npmjs.org/reflect.getprototypeof/-/reflect.getprototypeof-1.0.10.tgz. Extracting by manifest.
2721 silly tarball no local data for for-each@https://registry.npmjs.org/for-each/-/for-each-0.3.5.tgz. Extracting by manifest.
2722 silly tarball no local data for strip-bom@https://registry.npmjs.org/strip-bom/-/strip-bom-3.0.0.tgz. Extracting by manifest.
2723 silly tarball no local data for minimist@https://registry.npmjs.org/minimist/-/minimist-1.2.8.tgz. Extracting by manifest.
2724 silly tarball no local data for @types/json5@https://registry.npmjs.org/@types/json5/-/json5-0.0.29.tgz. Extracting by manifest.
2725 silly tarball no local data for is-number@https://registry.npmjs.org/is-number/-/is-number-7.0.0.tgz. Extracting by manifest.
2726 silly tarball no local data for has-flag@https://registry.npmjs.org/has-flag/-/has-flag-4.0.0.tgz. Extracting by manifest.
2727 silly tarball no local data for client-only@https://registry.npmjs.org/client-only/-/client-only-0.0.1.tgz. Extracting by manifest.
2728 silly tarball no local data for side-channel-weakmap@https://registry.npmjs.org/side-channel-weakmap/-/side-channel-weakmap-1.0.2.tgz. Extracting by manifest.
2729 silly tarball no local data for side-channel-map@https://registry.npmjs.org/side-channel-map/-/side-channel-map-1.0.1.tgz. Extracting by manifest.
2730 silly tarball no local data for side-channel-list@https://registry.npmjs.org/side-channel-list/-/side-channel-list-1.0.1.tgz. Extracting by manifest.
2731 silly tarball no local data for shebang-regex@https://registry.npmjs.org/shebang-regex/-/shebang-regex-3.0.0.tgz. Extracting by manifest.
2732 silly tarball no local data for @emnapi/runtime@https://registry.npmjs.org/@emnapi/runtime/-/runtime-1.11.3.tgz. Extracting by manifest.
2733 silly tarball no local data for detect-libc@https://registry.npmjs.org/detect-libc/-/detect-libc-2.1.2.tgz. Extracting by manifest.
2734 silly tarball no local data for @img/sharp-linux-x64@https://registry.npmjs.org/@img/sharp-linux-x64/-/sharp-linux-x64-0.34.5.tgz. Extracting by manifest.
2735 silly tarball no local data for @img/sharp-libvips-linux-x64@https://registry.npmjs.org/@img/sharp-libvips-linux-x64/-/sharp-libvips-linux-x64-1.2.4.tgz. Extracting by manifest.
2736 silly tarball no local data for @img/colour@https://registry.npmjs.org/@img/colour/-/colour-1.1.0.tgz. Extracting by manifest.
2737 silly tarball no local data for isarray@https://registry.npmjs.org/isarray/-/isarray-2.0.5.tgz. Extracting by manifest.
2738 silly tarball no local data for queue-microtask@https://registry.npmjs.org/queue-microtask/-/queue-microtask-1.2.3.tgz. Extracting by manifest.
2739 silly tarball no local data for supports-preserve-symlinks-flag@https://registry.npmjs.org/supports-preserve-symlinks-flag/-/supports-preserve-symlinks-flag-1.0.0.tgz. Extracting by manifest.
2740 silly tarball no local data for path-parse@https://registry.npmjs.org/path-parse/-/path-parse-1.0.7.tgz. Extracting by manifest.
2741 silly tarball no local data for node-exports-info@https://registry.npmjs.org/node-exports-info/-/node-exports-info-1.6.2.tgz. Extracting by manifest.
2742 silly tarball no local data for scheduler@https://registry.npmjs.org/scheduler/-/scheduler-0.27.0.tgz. Extracting by manifest.
2743 silly tarball no local data for react-is@https://registry.npmjs.org/react-is/-/react-is-16.13.1.tgz. Extracting by manifest.
2744 silly tarball no local data for object-assign@https://registry.npmjs.org/object-assign/-/object-assign-4.1.1.tgz. Extracting by manifest.
2745 silly tarball no local data for loose-envify@https://registry.npmjs.org/loose-envify/-/loose-envify-1.4.0.tgz. Extracting by manifest.
2746 silly tarball no local data for source-map-js@https://registry.npmjs.org/source-map-js/-/source-map-js-1.2.1.tgz. Extracting by manifest.
2747 silly tarball no local data for nanoid@https://registry.npmjs.org/nanoid/-/nanoid-3.3.17.tgz. Extracting by manifest.
2748 silly tarball no local data for callsites@https://registry.npmjs.org/callsites/-/callsites-3.1.0.tgz. Extracting by manifest.
2749 silly tarball no local data for yocto-queue@https://registry.npmjs.org/yocto-queue/-/yocto-queue-0.1.0.tgz. Extracting by manifest.
2750 silly tarball no local data for p-limit@https://registry.npmjs.org/p-limit/-/p-limit-3.1.0.tgz. Extracting by manifest.
2751 silly tarball no local data for word-wrap@https://registry.npmjs.org/word-wrap/-/word-wrap-1.2.5.tgz. Extracting by manifest.
2752 silly tarball no local data for fast-levenshtein@https://registry.npmjs.org/fast-levenshtein/-/fast-levenshtein-2.0.6.tgz. Extracting by manifest.
2753 silly tarball no local data for deep-is@https://registry.npmjs.org/deep-is/-/deep-is-0.1.4.tgz. Extracting by manifest.
2754 silly tarball no local data for tslib@https://registry.npmjs.org/tslib/-/tslib-2.8.1.tgz. Extracting by manifest.
2755 silly tarball no local data for styled-jsx@https://registry.npmjs.org/styled-jsx/-/styled-jsx-5.1.6.tgz. Extracting by manifest.
2756 silly tarball no local data for sharp@https://registry.npmjs.org/sharp/-/sharp-0.34.5.tgz. Extracting by manifest.
2757 silly tarball no local data for postcss@https://registry.npmjs.org/postcss/-/postcss-8.4.31.tgz. Extracting by manifest.
2758 silly tarball no local data for @swc/helpers@https://registry.npmjs.org/@swc/helpers/-/helpers-0.5.15.tgz. Extracting by manifest.
2759 silly tarball no local data for @next/swc-linux-x64-gnu@https://registry.npmjs.org/@next/swc-linux-x64-gnu/-/swc-linux-x64-gnu-16.0.0.tgz. Extracting by manifest.
2760 silly tarball no local data for @next/env@https://registry.npmjs.org/@next/env/-/env-16.0.0.tgz. Extracting by manifest.
2761 silly tarball no local data for concat-map@https://registry.npmjs.org/concat-map/-/concat-map-0.0.1.tgz. Extracting by manifest.
2762 silly tarball no local data for balanced-match@https://registry.npmjs.org/balanced-match/-/balanced-match-1.0.2.tgz. Extracting by manifest.
2763 silly tarball no local data for brace-expansion@https://registry.npmjs.org/brace-expansion/-/brace-expansion-1.1.18.tgz. Extracting by manifest.
2764 silly tarball no local data for to-regex-range@https://registry.npmjs.org/to-regex-range/-/to-regex-range-5.0.1.tgz. Extracting by manifest.
2765 silly tarball no local data for fill-range@https://registry.npmjs.org/fill-range/-/fill-range-7.1.1.tgz. Extracting by manifest.
2766 silly tarball no local data for picomatch@https://registry.npmjs.org/picomatch/-/picomatch-2.3.2.tgz. Extracting by manifest.
2767 silly tarball no local data for braces@https://registry.npmjs.org/braces/-/braces-3.0.3.tgz. Extracting by manifest.
2768 silly tarball no local data for yallist@https://registry.npmjs.org/yallist/-/yallist-3.1.1.tgz. Extracting by manifest.
2769 silly tarball no local data for p-locate@https://registry.npmjs.org/p-locate/-/p-locate-5.0.0.tgz. Extracting by manifest.
2770 silly tarball no local data for type-check@https://registry.npmjs.org/type-check/-/type-check-0.4.0.tgz. Extracting by manifest.
2771 silly tarball no local data for prelude-ls@https://registry.npmjs.org/prelude-ls/-/prelude-ls-1.2.1.tgz. Extracting by manifest.
2772 silly tarball no local data for language-subtag-registry@https://registry.npmjs.org/language-subtag-registry/-/language-subtag-registry-0.3.23.tgz. Extracting by manifest.
2773 silly tarball no local data for json-buffer@https://registry.npmjs.org/json-buffer/-/json-buffer-3.0.1.tgz. Extracting by manifest.
2774 silly tarball no local data for argparse@https://registry.npmjs.org/argparse/-/argparse-2.0.1.tgz. Extracting by manifest.
2775 silly tarball no local data for set-function-name@https://registry.npmjs.org/set-function-name/-/set-function-name-2.0.2.tgz. Extracting by manifest.
2776 silly tarball no local data for is-extglob@https://registry.npmjs.org/is-extglob/-/is-extglob-2.1.1.tgz. Extracting by manifest.
2777 silly tarball no local data for side-channel@https://registry.npmjs.org/side-channel/-/side-channel-1.1.1.tgz. Extracting by manifest.
2778 silly tarball no local data for resolve-from@https://registry.npmjs.org/resolve-from/-/resolve-from-4.0.0.tgz. Extracting by manifest.
2779 silly tarball no local data for parent-module@https://registry.npmjs.org/parent-module/-/parent-module-1.0.1.tgz. Extracting by manifest.
2780 silly tarball no local data for hermes-estree@https://registry.npmjs.org/hermes-estree/-/hermes-estree-0.25.1.tgz. Extracting by manifest.
2781 silly tarball no local data for resolve-pkg-maps@https://registry.npmjs.org/resolve-pkg-maps/-/resolve-pkg-maps-1.0.0.tgz. Extracting by manifest.
2782 silly tarball no local data for dunder-proto@https://registry.npmjs.org/dunder-proto/-/dunder-proto-1.0.1.tgz. Extracting by manifest.
2783 silly tarball no local data for is-document.all@https://registry.npmjs.org/is-document.all/-/is-document.all-1.0.0.tgz. Extracting by manifest.
2784 silly tarball no local data for functions-have-names@https://registry.npmjs.org/functions-have-names/-/functions-have-names-1.2.3.tgz. Extracting by manifest.
2785 silly tarball no local data for keyv@https://registry.npmjs.org/keyv/-/keyv-4.5.4.tgz. Extracting by manifest.
2786 silly tarball no local data for flatted@https://registry.npmjs.org/flatted/-/flatted-3.4.4.tgz. Extracting by manifest.
2787 silly tarball no local data for path-exists@https://registry.npmjs.org/path-exists/-/path-exists-4.0.0.tgz. Extracting by manifest.
2788 silly tarball no local data for locate-path@https://registry.npmjs.org/locate-path/-/locate-path-6.0.0.tgz. Extracting by manifest.
2789 silly tarball no local data for flat-cache@https://registry.npmjs.org/flat-cache/-/flat-cache-4.0.1.tgz. Extracting by manifest.
2790 silly tarball no local data for reusify@https://registry.npmjs.org/reusify/-/reusify-1.1.0.tgz. Extracting by manifest.
2791 silly tarball no local data for run-parallel@https://registry.npmjs.org/run-parallel/-/run-parallel-1.2.0.tgz. Extracting by manifest.
2792 silly tarball no local data for fastq@https://registry.npmjs.org/fastq/-/fastq-1.20.1.tgz. Extracting by manifest.
2793 silly tarball no local data for @nodelib/fs.scandir@https://registry.npmjs.org/@nodelib/fs.scandir/-/fs.scandir-2.1.5.tgz. Extracting by manifest.
2794 silly tarball no local data for micromatch@https://registry.npmjs.org/micromatch/-/micromatch-4.0.8.tgz. Extracting by manifest.
2795 silly tarball no local data for merge2@https://registry.npmjs.org/merge2/-/merge2-1.4.1.tgz. Extracting by manifest.
2796 silly tarball no local data for @nodelib/fs.walk@https://registry.npmjs.org/@nodelib/fs.walk/-/fs.walk-1.2.8.tgz. Extracting by manifest.
2797 silly tarball no local data for @nodelib/fs.stat@https://registry.npmjs.org/@nodelib/fs.stat/-/fs.stat-2.0.5.tgz. Extracting by manifest.
2798 silly tarball no local data for acorn-jsx@https://registry.npmjs.org/acorn-jsx/-/acorn-jsx-5.3.2.tgz. Extracting by manifest.
2799 silly tarball no local data for acorn@https://registry.npmjs.org/acorn/-/acorn-8.18.0.tgz. Extracting by manifest.
2800 silly tarball no local data for esrecurse@https://registry.npmjs.org/esrecurse/-/esrecurse-4.3.0.tgz. Extracting by manifest.
2801 silly tarball no local data for update-browserslist-db@https://registry.npmjs.org/update-browserslist-db/-/update-browserslist-db-1.2.3.tgz. Extracting by manifest.
2802 silly tarball no local data for node-releases@https://registry.npmjs.org/node-releases/-/node-releases-2.0.52.tgz. Extracting by manifest.
2803 silly tarball no local data for electron-to-chromium@https://registry.npmjs.org/electron-to-chromium/-/electron-to-chromium-1.5.401.tgz. Extracting by manifest.
2804 silly tarball no local data for caniuse-lite@https://registry.npmjs.org/caniuse-lite/-/caniuse-lite-1.0.30001806.tgz. Extracting by manifest.
2805 silly tarball no local data for baseline-browser-mapping@https://registry.npmjs.org/baseline-browser-mapping/-/baseline-browser-mapping-2.11.12.tgz. Extracting by manifest.
2806 silly tarball no local data for @jridgewell/resolve-uri@https://registry.npmjs.org/@jridgewell/resolve-uri/-/resolve-uri-3.1.2.tgz. Extracting by manifest.
2807 silly tarball no local data for @jridgewell/sourcemap-codec@https://registry.npmjs.org/@jridgewell/sourcemap-codec/-/sourcemap-codec-1.5.5.tgz. Extracting by manifest.
2808 silly tarball no local data for @babel/helper-string-parser@https://registry.npmjs.org/@babel/helper-string-parser/-/helper-string-parser-7.29.7.tgz. Extracting by manifest.
2809 silly tarball no local data for @babel/helper-globals@https://registry.npmjs.org/@babel/helper-globals/-/helper-globals-7.29.7.tgz. Extracting by manifest.
2810 silly tarball no local data for @babel/helper-module-imports@https://registry.npmjs.org/@babel/helper-module-imports/-/helper-module-imports-7.29.7.tgz. Extracting by manifest.
2811 silly tarball no local data for lru-cache@https://registry.npmjs.org/lru-cache/-/lru-cache-5.1.1.tgz. Extracting by manifest.
2812 silly tarball no local data for browserslist@https://registry.npmjs.org/browserslist/-/browserslist-4.28.7.tgz. Extracting by manifest.
2813 silly tarball no local data for @babel/helper-validator-option@https://registry.npmjs.org/@babel/helper-validator-option/-/helper-validator-option-7.29.7.tgz. Extracting by manifest.
2814 silly tarball no local data for @babel/compat-data@https://registry.npmjs.org/@babel/compat-data/-/compat-data-7.29.7.tgz. Extracting by manifest.
2815 silly tarball no local data for jsesc@https://registry.npmjs.org/jsesc/-/jsesc-3.1.0.tgz. Extracting by manifest.
2816 silly tarball no local data for @jridgewell/trace-mapping@https://registry.npmjs.org/@jridgewell/trace-mapping/-/trace-mapping-0.3.31.tgz. Extracting by manifest.
2817 silly tarball no local data for @jridgewell/gen-mapping@https://registry.npmjs.org/@jridgewell/gen-mapping/-/gen-mapping-0.3.13.tgz. Extracting by manifest.
2818 silly tarball no local data for picocolors@https://registry.npmjs.org/picocolors/-/picocolors-1.1.1.tgz. Extracting by manifest.
2819 silly tarball no local data for js-tokens@https://registry.npmjs.org/js-tokens/-/js-tokens-4.0.0.tgz. Extracting by manifest.
2820 silly tarball no local data for @babel/helper-validator-identifier@https://registry.npmjs.org/@babel/helper-validator-identifier/-/helper-validator-identifier-7.29.7.tgz. Extracting by manifest.
2821 silly tarball no local data for json5@https://registry.npmjs.org/json5/-/json5-2.2.3.tgz. Extracting by manifest.
2822 silly tarball no local data for gensync@https://registry.npmjs.org/gensync/-/gensync-1.0.0-beta.2.tgz. Extracting by manifest.
2823 silly tarball no local data for convert-source-map@https://registry.npmjs.org/convert-source-map/-/convert-source-map-2.0.0.tgz. Extracting by manifest.
2824 silly tarball no local data for @jridgewell/remapping@https://registry.npmjs.org/@jridgewell/remapping/-/remapping-2.3.5.tgz. Extracting by manifest.
2825 silly tarball no local data for @babel/types@https://registry.npmjs.org/@babel/types/-/types-7.29.8.tgz. Extracting by manifest.
2826 silly tarball no local data for @babel/traverse@https://registry.npmjs.org/@babel/traverse/-/traverse-7.29.8.tgz. Extracting by manifest.
2827 silly tarball no local data for @babel/template@https://registry.npmjs.org/@babel/template/-/template-7.29.7.tgz. Extracting by manifest.
2828 silly tarball no local data for @babel/helpers@https://registry.npmjs.org/@babel/helpers/-/helpers-7.29.7.tgz. Extracting by manifest.
2829 silly tarball no local data for @babel/helper-module-transforms@https://registry.npmjs.org/@babel/helper-module-transforms/-/helper-module-transforms-7.29.7.tgz. Extracting by manifest.
2830 silly tarball no local data for @babel/helper-compilation-targets@https://registry.npmjs.org/@babel/helper-compilation-targets/-/helper-compilation-targets-7.29.7.tgz. Extracting by manifest.
2831 silly tarball no local data for @babel/generator@https://registry.npmjs.org/@babel/generator/-/generator-7.29.8.tgz. Extracting by manifest.
2832 silly tarball no local data for @babel/code-frame@https://registry.npmjs.org/@babel/code-frame/-/code-frame-7.29.7.tgz. Extracting by manifest.
2833 silly tarball no local data for zod-validation-error@https://registry.npmjs.org/zod-validation-error/-/zod-validation-error-4.0.2.tgz. Extracting by manifest.
2834 silly tarball no local data for zod@https://registry.npmjs.org/zod/-/zod-4.4.3.tgz. Extracting by manifest.
2835 silly tarball no local data for hermes-parser@https://registry.npmjs.org/hermes-parser/-/hermes-parser-0.25.1.tgz. Extracting by manifest.
2836 silly tarball no local data for @babel/parser@https://registry.npmjs.org/@babel/parser/-/parser-7.29.8.tgz. Extracting by manifest.
2837 silly tarball no local data for iterator.prototype@https://registry.npmjs.org/iterator.prototype/-/iterator.prototype-1.1.5.tgz. Extracting by manifest.
2838 silly tarball no local data for @babel/core@https://registry.npmjs.org/@babel/core/-/core-7.29.7.tgz. Extracting by manifest.
2839 silly tarball no local data for string.prototype.repeat@https://registry.npmjs.org/string.prototype.repeat/-/string.prototype.repeat-1.0.0.tgz. Extracting by manifest.
2840 silly tarball no local data for string.prototype.matchall@https://registry.npmjs.org/string.prototype.matchall/-/string.prototype.matchall-4.0.12.tgz. Extracting by manifest.
2841 silly tarball no local data for prop-types@https://registry.npmjs.org/prop-types/-/prop-types-15.8.1.tgz. Extracting by manifest.
2842 silly tarball no local data for object.entries@https://registry.npmjs.org/object.entries/-/object.entries-1.1.9.tgz. Extracting by manifest.
2843 silly tarball no local data for estraverse@https://registry.npmjs.org/estraverse/-/estraverse-5.3.0.tgz. Extracting by manifest.
2844 silly tarball no local data for es-iterator-helpers@https://registry.npmjs.org/es-iterator-helpers/-/es-iterator-helpers-1.4.0.tgz. Extracting by manifest.
2845 silly tarball no local data for array.prototype.tosorted@https://registry.npmjs.org/array.prototype.tosorted/-/array.prototype.tosorted-1.1.4.tgz. Extracting by manifest.
2846 silly tarball no local data for array.prototype.findlast@https://registry.npmjs.org/array.prototype.findlast/-/array.prototype.findlast-1.2.5.tgz. Extracting by manifest.
2847 silly tarball no local data for string.prototype.includes@https://registry.npmjs.org/string.prototype.includes/-/string.prototype.includes-2.0.1.tgz. Extracting by manifest.
2848 silly tarball no local data for language-tags@https://registry.npmjs.org/language-tags/-/language-tags-1.0.9.tgz. Extracting by manifest.
2849 silly tarball no local data for jsx-ast-utils@https://registry.npmjs.org/jsx-ast-utils/-/jsx-ast-utils-3.3.5.tgz. Extracting by manifest.
2850 silly tarball no local data for emoji-regex@https://registry.npmjs.org/emoji-regex/-/emoji-regex-9.2.2.tgz. Extracting by manifest.
2851 silly tarball no local data for damerau-levenshtein@https://registry.npmjs.org/damerau-levenshtein/-/damerau-levenshtein-1.0.8.tgz. Extracting by manifest.
2852 silly tarball no local data for axobject-query@https://registry.npmjs.org/axobject-query/-/axobject-query-4.1.0.tgz. Extracting by manifest.
2853 silly tarball no local data for axe-core@https://registry.npmjs.org/axe-core/-/axe-core-4.12.1.tgz. Extracting by manifest.
2854 silly tarball no local data for ast-types-flow@https://registry.npmjs.org/ast-types-flow/-/ast-types-flow-0.0.8.tgz. Extracting by manifest.
2855 silly tarball no local data for aria-query@https://registry.npmjs.org/aria-query/-/aria-query-5.3.2.tgz. Extracting by manifest.
2856 silly tarball no local data for is-symbol@https://registry.npmjs.org/is-symbol/-/is-symbol-1.1.1.tgz. Extracting by manifest.
2857 silly tarball no local data for is-date-object@https://registry.npmjs.org/is-date-object/-/is-date-object-1.1.0.tgz. Extracting by manifest.
2858 silly tarball no local data for es-abstract-get@https://registry.npmjs.org/es-abstract-get/-/es-abstract-get-1.0.0.tgz. Extracting by manifest.
2859 silly tarball no local data for possible-typed-array-names@https://registry.npmjs.org/possible-typed-array-names/-/possible-typed-array-names-1.1.0.tgz. Extracting by manifest.
2860 silly tarball no local data for has-tostringtag@https://registry.npmjs.org/has-tostringtag/-/has-tostringtag-1.0.2.tgz. Extracting by manifest.
2861 silly tarball no local data for which-typed-array@https://registry.npmjs.org/which-typed-array/-/which-typed-array-1.1.22.tgz. Extracting by manifest.
2862 silly tarball no local data for unbox-primitive@https://registry.npmjs.org/unbox-primitive/-/unbox-primitive-1.1.0.tgz. Extracting by manifest.
2863 silly tarball no local data for typed-array-length@https://registry.npmjs.org/typed-array-length/-/typed-array-length-1.0.8.tgz. Extracting by manifest.
2864 silly tarball no local data for typed-array-byte-offset@https://registry.npmjs.org/typed-array-byte-offset/-/typed-array-byte-offset-1.0.4.tgz. Extracting by manifest.
2865 silly tarball no local data for typed-array-byte-length@https://registry.npmjs.org/typed-array-byte-length/-/typed-array-byte-length-1.0.3.tgz. Extracting by manifest.
2866 silly tarball no local data for typed-array-buffer@https://registry.npmjs.org/typed-array-buffer/-/typed-array-buffer-1.0.3.tgz. Extracting by manifest.
2867 silly tarball no local data for string.prototype.trim@https://registry.npmjs.org/string.prototype.trim/-/string.prototype.trim-1.2.11.tgz. Extracting by manifest.
2868 silly tarball no local data for stop-iteration-iterator@https://registry.npmjs.org/stop-iteration-iterator/-/stop-iteration-iterator-1.1.0.tgz. Extracting by manifest.
2869 silly tarball no local data for set-proto@https://registry.npmjs.org/set-proto/-/set-proto-1.0.0.tgz. Extracting by manifest.
2870 silly tarball no local data for safe-regex-test@https://registry.npmjs.org/safe-regex-test/-/safe-regex-test-1.1.0.tgz. Extracting by manifest.
2871 silly tarball no local data for safe-push-apply@https://registry.npmjs.org/safe-push-apply/-/safe-push-apply-1.0.0.tgz. Extracting by manifest.
2872 silly tarball no local data for safe-array-concat@https://registry.npmjs.org/safe-array-concat/-/safe-array-concat-1.1.4.tgz. Extracting by manifest.
2873 silly tarball no local data for regexp.prototype.flags@https://registry.npmjs.org/regexp.prototype.flags/-/regexp.prototype.flags-1.5.4.tgz. Extracting by manifest.
2874 silly tarball no local data for own-keys@https://registry.npmjs.org/own-keys/-/own-keys-1.0.2.tgz. Extracting by manifest.
2875 silly tarball no local data for object.assign@https://registry.npmjs.org/object.assign/-/object.assign-4.1.7.tgz. Extracting by manifest.
2876 silly tarball no local data for object-inspect@https://registry.npmjs.org/object-inspect/-/object-inspect-1.13.4.tgz. Extracting by manifest.
2877 silly tarball no local data for is-weakref@https://registry.npmjs.org/is-weakref/-/is-weakref-1.1.1.tgz. Extracting by manifest.
2878 silly tarball no local data for is-typed-array@https://registry.npmjs.org/is-typed-array/-/is-typed-array-1.1.15.tgz. Extracting by manifest.
2879 silly tarball no local data for is-shared-array-buffer@https://registry.npmjs.org/is-shared-array-buffer/-/is-shared-array-buffer-1.0.4.tgz. Extracting by manifest.
2880 silly tarball no local data for is-set@https://registry.npmjs.org/is-set/-/is-set-2.0.3.tgz. Extracting by manifest.
2881 silly tarball no local data for is-regex@https://registry.npmjs.org/is-regex/-/is-regex-1.2.1.tgz. Extracting by manifest.
2882 silly tarball no local data for is-negative-zero@https://registry.npmjs.org/is-negative-zero/-/is-negative-zero-2.0.3.tgz. Extracting by manifest.
2883 silly tarball no local data for is-data-view@https://registry.npmjs.org/is-data-view/-/is-data-view-1.0.2.tgz. Extracting by manifest.
2884 silly tarball no local data for is-callable@https://registry.npmjs.org/is-callable/-/is-callable-1.2.7.tgz. Extracting by manifest.
2885 silly tarball no local data for is-array-buffer@https://registry.npmjs.org/is-array-buffer/-/is-array-buffer-3.0.5.tgz. Extracting by manifest.
2886 silly tarball no local data for internal-slot@https://registry.npmjs.org/internal-slot/-/internal-slot-1.1.0.tgz. Extracting by manifest.
2887 silly tarball no local data for has-symbols@https://registry.npmjs.org/has-symbols/-/has-symbols-1.1.0.tgz. Extracting by manifest.
2888 silly tarball no local data for has-proto@https://registry.npmjs.org/has-proto/-/has-proto-1.2.0.tgz. Extracting by manifest.
2889 silly tarball no local data for globalthis@https://registry.npmjs.org/globalthis/-/globalthis-1.0.4.tgz. Extracting by manifest.
2890 silly tarball no local data for get-symbol-description@https://registry.npmjs.org/get-symbol-description/-/get-symbol-description-1.1.0.tgz. Extracting by manifest.
2891 silly tarball no local data for get-proto@https://registry.npmjs.org/get-proto/-/get-proto-1.0.1.tgz. Extracting by manifest.
2892 silly tarball no local data for function.prototype.name@https://registry.npmjs.org/function.prototype.name/-/function.prototype.name-1.2.0.tgz. Extracting by manifest.
2893 silly tarball no local data for es-to-primitive@https://registry.npmjs.org/es-to-primitive/-/es-to-primitive-1.3.4.tgz. Extracting by manifest.
2894 silly tarball no local data for es-set-tostringtag@https://registry.npmjs.org/es-set-tostringtag/-/es-set-tostringtag-2.1.0.tgz. Extracting by manifest.
2895 silly tarball no local data for data-view-byte-offset@https://registry.npmjs.org/data-view-byte-offset/-/data-view-byte-offset-1.0.1.tgz. Extracting by manifest.
2896 silly tarball no local data for data-view-byte-length@https://registry.npmjs.org/data-view-byte-length/-/data-view-byte-length-1.0.2.tgz. Extracting by manifest.
2897 silly tarball no local data for data-view-buffer@https://registry.npmjs.org/data-view-buffer/-/data-view-buffer-1.0.2.tgz. Extracting by manifest.
2898 silly tarball no local data for available-typed-arrays@https://registry.npmjs.org/available-typed-arrays/-/available-typed-arrays-1.0.7.tgz. Extracting by manifest.
2899 silly tarball no local data for arraybuffer.prototype.slice@https://registry.npmjs.org/arraybuffer.prototype.slice/-/arraybuffer.prototype.slice-1.0.4.tgz. Extracting by manifest.
2900 silly tarball no local data for array-buffer-byte-length@https://registry.npmjs.org/array-buffer-byte-length/-/array-buffer-byte-length-1.0.2.tgz. Extracting by manifest.
2901 silly tarball no local data for gopd@https://registry.npmjs.org/gopd/-/gopd-1.2.0.tgz. Extracting by manifest.
2902 silly tarball no local data for object-keys@https://registry.npmjs.org/object-keys/-/object-keys-1.1.1.tgz. Extracting by manifest.
2903 silly tarball no local data for has-property-descriptors@https://registry.npmjs.org/has-property-descriptors/-/has-property-descriptors-1.0.2.tgz. Extracting by manifest.
2904 silly tarball no local data for define-data-property@https://registry.npmjs.org/define-data-property/-/define-data-property-1.1.4.tgz. Extracting by manifest.
2905 silly tarball no local data for function-bind@https://registry.npmjs.org/function-bind/-/function-bind-1.1.2.tgz. Extracting by manifest.
2906 silly tarball no local data for set-function-length@https://registry.npmjs.org/set-function-length/-/set-function-length-1.2.2.tgz. Extracting by manifest.
2907 silly tarball no local data for es-define-property@https://registry.npmjs.org/es-define-property/-/es-define-property-1.0.1.tgz. Extracting by manifest.
2908 silly tarball no local data for call-bind-apply-helpers@https://registry.npmjs.org/call-bind-apply-helpers/-/call-bind-apply-helpers-1.0.2.tgz. Extracting by manifest.
2909 silly tarball no local data for es-shim-unscopables@https://registry.npmjs.org/es-shim-unscopables/-/es-shim-unscopables-1.1.0.tgz. Extracting by manifest.
2910 silly tarball no local data for es-errors@https://registry.npmjs.org/es-errors/-/es-errors-1.3.0.tgz. Extracting by manifest.
2911 silly tarball no local data for math-intrinsics@https://registry.npmjs.org/math-intrinsics/-/math-intrinsics-1.1.0.tgz. Extracting by manifest.
2912 silly tarball no local data for is-string@https://registry.npmjs.org/is-string/-/is-string-1.1.1.tgz. Extracting by manifest.
2913 silly tarball no local data for get-intrinsic@https://registry.npmjs.org/get-intrinsic/-/get-intrinsic-1.3.0.tgz. Extracting by manifest.
2914 silly tarball no local data for es-object-atoms@https://registry.npmjs.org/es-object-atoms/-/es-object-atoms-1.1.2.tgz. Extracting by manifest.
2915 silly tarball no local data for es-abstract@https://registry.npmjs.org/es-abstract/-/es-abstract-1.24.2.tgz. Extracting by manifest.
2916 silly tarball no local data for define-properties@https://registry.npmjs.org/define-properties/-/define-properties-1.2.1.tgz. Extracting by manifest.
2917 silly tarball no local data for call-bound@https://registry.npmjs.org/call-bound/-/call-bound-1.0.4.tgz. Extracting by manifest.
2918 silly tarball no local data for call-bind@https://registry.npmjs.org/call-bind/-/call-bind-1.0.9.tgz. Extracting by manifest.
2919 silly tarball no local data for tsconfig-paths@https://registry.npmjs.org/tsconfig-paths/-/tsconfig-paths-3.15.0.tgz. Extracting by manifest.
2920 silly tarball no local data for string.prototype.trimend@https://registry.npmjs.org/string.prototype.trimend/-/string.prototype.trimend-1.0.10.tgz. Extracting by manifest.
2921 silly tarball no local data for semver@https://registry.npmjs.org/semver/-/semver-6.3.1.tgz. Extracting by manifest.
2922 silly tarball no local data for object.values@https://registry.npmjs.org/object.values/-/object.values-1.2.1.tgz. Extracting by manifest.
2923 silly tarball no local data for object.groupby@https://registry.npmjs.org/object.groupby/-/object.groupby-1.0.3.tgz. Extracting by manifest.
2924 silly tarball no local data for object.fromentries@https://registry.npmjs.org/object.fromentries/-/object.fromentries-2.0.8.tgz. Extracting by manifest.
2925 silly tarball no local data for hasown@https://registry.npmjs.org/hasown/-/hasown-2.0.4.tgz. Extracting by manifest.
2926 silly tarball no local data for eslint-module-utils@https://registry.npmjs.org/eslint-module-utils/-/eslint-module-utils-2.14.0.tgz. Extracting by manifest.
2927 silly tarball no local data for doctrine@https://registry.npmjs.org/doctrine/-/doctrine-2.1.0.tgz. Extracting by manifest.
2928 silly tarball no local data for array.prototype.flatmap@https://registry.npmjs.org/array.prototype.flatmap/-/array.prototype.flatmap-1.3.3.tgz. Extracting by manifest.
2929 silly tarball no local data for array.prototype.flat@https://registry.npmjs.org/array.prototype.flat/-/array.prototype.flat-1.3.3.tgz. Extracting by manifest.
2930 silly tarball no local data for array.prototype.findlastindex@https://registry.npmjs.org/array.prototype.findlastindex/-/array.prototype.findlastindex-1.2.6.tgz. Extracting by manifest.
2931 silly tarball no local data for array-includes@https://registry.npmjs.org/array-includes/-/array-includes-3.1.9.tgz. Extracting by manifest.
2932 silly tarball no local data for @rtsao/scc@https://registry.npmjs.org/@rtsao/scc/-/scc-1.1.0.tgz. Extracting by manifest.
2933 silly tarball no local data for unrs-resolver@https://registry.npmjs.org/unrs-resolver/-/unrs-resolver-1.12.2.tgz. Extracting by manifest.
2934 silly tarball no local data for tinyglobby@https://registry.npmjs.org/tinyglobby/-/tinyglobby-0.2.17.tgz. Extracting by manifest.
2935 silly tarball no local data for stable-hash@https://registry.npmjs.org/stable-hash/-/stable-hash-0.0.5.tgz. Extracting by manifest.
2936 silly tarball no local data for is-bun-module@https://registry.npmjs.org/is-bun-module/-/is-bun-module-2.0.0.tgz. Extracting by manifest.
2937 silly tarball no local data for get-tsconfig@https://registry.npmjs.org/get-tsconfig/-/get-tsconfig-4.14.1.tgz. Extracting by manifest.
2938 silly tarball no local data for @nolyfill/is-core-module@https://registry.npmjs.org/@nolyfill/is-core-module/-/is-core-module-1.0.39.tgz. Extracting by manifest.
2939 silly tarball no local data for resolve@https://registry.npmjs.org/resolve/-/resolve-2.0.0-next.7.tgz. Extracting by manifest.
2940 silly tarball no local data for is-core-module@https://registry.npmjs.org/is-core-module/-/is-core-module-2.16.2.tgz. Extracting by manifest.
2941 silly tarball no local data for fast-glob@https://registry.npmjs.org/fast-glob/-/fast-glob-3.3.1.tgz. Extracting by manifest.
2942 silly tarball no local data for typescript-eslint@https://registry.npmjs.org/typescript-eslint/-/typescript-eslint-8.66.0.tgz. Extracting by manifest.
2943 silly tarball no local data for eslint-plugin-react-hooks@https://registry.npmjs.org/eslint-plugin-react-hooks/-/eslint-plugin-react-hooks-7.1.1.tgz. Extracting by manifest.
2944 silly tarball no local data for eslint-plugin-react@https://registry.npmjs.org/eslint-plugin-react/-/eslint-plugin-react-7.37.5.tgz. Extracting by manifest.
2945 silly tarball no local data for eslint-plugin-jsx-a11y@https://registry.npmjs.org/eslint-plugin-jsx-a11y/-/eslint-plugin-jsx-a11y-6.10.2.tgz. Extracting by manifest.
2946 silly tarball no local data for eslint-plugin-import@https://registry.npmjs.org/eslint-plugin-import/-/eslint-plugin-import-2.32.0.tgz. Extracting by manifest.
2947 silly tarball no local data for eslint-import-resolver-typescript@https://registry.npmjs.org/eslint-import-resolver-typescript/-/eslint-import-resolver-typescript-3.10.1.tgz. Extracting by manifest.
2948 silly tarball no local data for eslint-import-resolver-node@https://registry.npmjs.org/eslint-import-resolver-node/-/eslint-import-resolver-node-0.3.10.tgz. Extracting by manifest.
2949 silly tarball no local data for @next/eslint-plugin-next@https://registry.npmjs.org/@next/eslint-plugin-next/-/eslint-plugin-next-16.0.0.tgz. Extracting by manifest.
2950 silly tarball no local data for ms@https://registry.npmjs.org/ms/-/ms-2.1.3.tgz. Extracting by manifest.
2951 silly tarball no local data for which@https://registry.npmjs.org/which/-/which-2.0.2.tgz. Extracting by manifest.
2952 silly tarball no local data for shebang-command@https://registry.npmjs.org/shebang-command/-/shebang-command-2.0.0.tgz. Extracting by manifest.
2953 silly tarball no local data for path-key@https://registry.npmjs.org/path-key/-/path-key-3.1.1.tgz. Extracting by manifest.
2954 silly tarball no local data for color-name@https://registry.npmjs.org/color-name/-/color-name-1.1.4.tgz. Extracting by manifest.
2955 silly tarball no local data for color-convert@https://registry.npmjs.org/color-convert/-/color-convert-2.0.1.tgz. Extracting by manifest.
2956 silly tarball no local data for supports-color@https://registry.npmjs.org/supports-color/-/supports-color-7.2.0.tgz. Extracting by manifest.
2957 silly tarball no local data for ansi-styles@https://registry.npmjs.org/ansi-styles/-/ansi-styles-4.3.0.tgz. Extracting by manifest.
2958 silly tarball no local data for uri-js@https://registry.npmjs.org/uri-js/-/uri-js-4.4.1.tgz. Extracting by manifest.
2959 silly tarball no local data for json-schema-traverse@https://registry.npmjs.org/json-schema-traverse/-/json-schema-traverse-0.4.1.tgz. Extracting by manifest.
2960 silly tarball no local data for fast-json-stable-stringify@https://registry.npmjs.org/fast-json-stable-stringify/-/fast-json-stable-stringify-2.1.0.tgz. Extracting by manifest.
2961 silly tarball no local data for @humanfs/types@https://registry.npmjs.org/@humanfs/types/-/types-0.15.0.tgz. Extracting by manifest.
2962 silly tarball no local data for @humanfs/core@https://registry.npmjs.org/@humanfs/core/-/core-0.19.2.tgz. Extracting by manifest.
2963 silly tarball no local data for levn@https://registry.npmjs.org/levn/-/levn-0.4.1.tgz. Extracting by manifest.
2964 silly tarball no local data for strip-json-comments@https://registry.npmjs.org/strip-json-comments/-/strip-json-comments-3.1.1.tgz. Extracting by manifest.
2965 silly tarball no local data for js-yaml@https://registry.npmjs.org/js-yaml/-/js-yaml-4.3.1.tgz. Extracting by manifest.
2966 silly tarball no local data for import-fresh@https://registry.npmjs.org/import-fresh/-/import-fresh-3.3.1.tgz. Extracting by manifest.
2967 silly tarball no local data for globals@https://registry.npmjs.org/globals/-/globals-14.0.0.tgz. Extracting by manifest.
2968 silly tarball no local data for @types/json-schema@https://registry.npmjs.org/@types/json-schema/-/json-schema-7.0.15.tgz. Extracting by manifest.
2969 silly tarball no local data for @eslint/object-schema@https://registry.npmjs.org/@eslint/object-schema/-/object-schema-2.1.7.tgz. Extracting by manifest.
2970 silly tarball no local data for optionator@https://registry.npmjs.org/optionator/-/optionator-0.9.4.tgz. Extracting by manifest.
2971 silly tarball no local data for natural-compare@https://registry.npmjs.org/natural-compare/-/natural-compare-1.4.0.tgz. Extracting by manifest.
2972 silly tarball no local data for minimatch@https://registry.npmjs.org/minimatch/-/minimatch-3.1.5.tgz. Extracting by manifest.
2973 silly tarball no local data for lodash.merge@https://registry.npmjs.org/lodash.merge/-/lodash.merge-4.6.2.tgz. Extracting by manifest.
2974 silly tarball no local data for json-stable-stringify-without-jsonify@https://registry.npmjs.org/json-stable-stringify-without-jsonify/-/json-stable-stringify-without-jsonify-1.0.1.tgz. Extracting by manifest.
2975 silly tarball no local data for is-glob@https://registry.npmjs.org/is-glob/-/is-glob-4.0.3.tgz. Extracting by manifest.
2976 silly tarball no local data for imurmurhash@https://registry.npmjs.org/imurmurhash/-/imurmurhash-0.1.4.tgz. Extracting by manifest.
2977 silly tarball no local data for ignore@https://registry.npmjs.org/ignore/-/ignore-5.3.2.tgz. Extracting by manifest.
2978 silly tarball no local data for glob-parent@https://registry.npmjs.org/glob-parent/-/glob-parent-6.0.2.tgz. Extracting by manifest.
2979 silly tarball no local data for find-up@https://registry.npmjs.org/find-up/-/find-up-5.0.0.tgz. Extracting by manifest.
2980 silly tarball no local data for file-entry-cache@https://registry.npmjs.org/file-entry-cache/-/file-entry-cache-8.0.0.tgz. Extracting by manifest.
2981 silly tarball no local data for fast-deep-equal@https://registry.npmjs.org/fast-deep-equal/-/fast-deep-equal-3.1.3.tgz. Extracting by manifest.
2982 silly tarball no local data for esutils@https://registry.npmjs.org/esutils/-/esutils-2.0.3.tgz. Extracting by manifest.
2983 silly tarball no local data for esquery@https://registry.npmjs.org/esquery/-/esquery-1.7.0.tgz. Extracting by manifest.
2984 silly tarball no local data for espree@https://registry.npmjs.org/espree/-/espree-10.4.0.tgz. Extracting by manifest.
2985 silly tarball no local data for eslint-visitor-keys@https://registry.npmjs.org/eslint-visitor-keys/-/eslint-visitor-keys-4.2.1.tgz. Extracting by manifest.
2986 silly tarball no local data for eslint-scope@https://registry.npmjs.org/eslint-scope/-/eslint-scope-8.4.0.tgz. Extracting by manifest.
2987 silly tarball no local data for escape-string-regexp@https://registry.npmjs.org/escape-string-regexp/-/escape-string-regexp-4.0.0.tgz. Extracting by manifest.
2988 silly tarball no local data for debug@https://registry.npmjs.org/debug/-/debug-4.4.3.tgz. Extracting by manifest.
2989 silly tarball no local data for cross-spawn@https://registry.npmjs.org/cross-spawn/-/cross-spawn-7.0.6.tgz. Extracting by manifest.
2990 silly tarball no local data for chalk@https://registry.npmjs.org/chalk/-/chalk-4.1.2.tgz. Extracting by manifest.
2991 silly tarball no local data for ajv@https://registry.npmjs.org/ajv/-/ajv-6.15.0.tgz. Extracting by manifest.
2992 silly tarball no local data for @types/estree@https://registry.npmjs.org/@types/estree/-/estree-1.0.9.tgz. Extracting by manifest.
2993 silly tarball no local data for @humanwhocodes/retry@https://registry.npmjs.org/@humanwhocodes/retry/-/retry-0.4.3.tgz. Extracting by manifest.
2994 silly tarball no local data for @humanwhocodes/module-importer@https://registry.npmjs.org/@humanwhocodes/module-importer/-/module-importer-1.0.1.tgz. Extracting by manifest.
2995 silly tarball no local data for @humanfs/node@https://registry.npmjs.org/@humanfs/node/-/node-0.16.8.tgz. Extracting by manifest.
2996 silly tarball no local data for @eslint/plugin-kit@https://registry.npmjs.org/@eslint/plugin-kit/-/plugin-kit-0.4.1.tgz. Extracting by manifest.
2997 silly tarball no local data for @eslint/js@https://registry.npmjs.org/@eslint/js/-/js-9.39.5.tgz. Extracting by manifest.
2998 silly tarball no local data for @eslint/eslintrc@https://registry.npmjs.org/@eslint/eslintrc/-/eslintrc-3.3.6.tgz. Extracting by manifest.
2999 silly tarball no local data for @eslint/core@https://registry.npmjs.org/@eslint/core/-/core-0.17.0.tgz. Extracting by manifest.
3000 silly tarball no local data for @eslint/config-helpers@https://registry.npmjs.org/@eslint/config-helpers/-/config-helpers-0.4.2.tgz. Extracting by manifest.
3001 silly tarball no local data for @eslint/config-array@https://registry.npmjs.org/@eslint/config-array/-/config-array-0.21.2.tgz. Extracting by manifest.
3002 silly tarball no local data for @eslint-community/regexpp@https://registry.npmjs.org/@eslint-community/regexpp/-/regexpp-4.12.2.tgz. Extracting by manifest.
3003 silly tarball no local data for @eslint-community/eslint-utils@https://registry.npmjs.org/@eslint-community/eslint-utils/-/eslint-utils-4.10.1.tgz. Extracting by manifest.
3004 silly tarball no local data for csstype@https://registry.npmjs.org/csstype/-/csstype-3.2.3.tgz. Extracting by manifest.
3005 silly tarball no local data for undici-types@https://registry.npmjs.org/undici-types/-/undici-types-6.21.0.tgz. Extracting by manifest.
3006 silly tarball no local data for typescript@https://registry.npmjs.org/typescript/-/typescript-5.9.3.tgz. Extracting by manifest.
3007 silly tarball no local data for react-dom@https://registry.npmjs.org/react-dom/-/react-dom-19.2.0.tgz. Extracting by manifest.
3008 silly tarball no local data for react@https://registry.npmjs.org/react/-/react-19.2.0.tgz. Extracting by manifest.
3009 silly tarball no local data for next@https://registry.npmjs.org/next/-/next-16.0.0.tgz. Extracting by manifest.
3010 silly tarball no local data for eslint-config-next@https://registry.npmjs.org/eslint-config-next/-/eslint-config-next-16.0.0.tgz. Extracting by manifest.
3011 silly tarball no local data for eslint@https://registry.npmjs.org/eslint/-/eslint-9.39.5.tgz. Extracting by manifest.
3012 silly tarball no local data for @types/react-dom@https://registry.npmjs.org/@types/react-dom/-/react-dom-19.2.4.tgz. Extracting by manifest.
3013 silly tarball no local data for @types/react@https://registry.npmjs.org/@types/react/-/react-19.2.18.tgz. Extracting by manifest.
3014 silly tarball no local data for @types/node@https://registry.npmjs.org/@types/node/-/node-22.20.1.tgz. Extracting by manifest.
3015 silly tarball no local data for @emnapi/runtime@https://registry.npmjs.org/@emnapi/runtime/-/runtime-1.10.0.tgz. Extracting by manifest.
3016 silly tarball no local data for eslint-visitor-keys@https://registry.npmjs.org/eslint-visitor-keys/-/eslint-visitor-keys-5.0.1.tgz. Extracting by manifest.
3017 silly tarball no local data for balanced-match@https://registry.npmjs.org/balanced-match/-/balanced-match-4.0.4.tgz. Extracting by manifest.
3018 silly tarball no local data for brace-expansion@https://registry.npmjs.org/brace-expansion/-/brace-expansion-5.0.9.tgz. Extracting by manifest.
3019 silly tarball no local data for semver@https://registry.npmjs.org/semver/-/semver-7.8.5.tgz. Extracting by manifest.
3020 silly tarball no local data for minimatch@https://registry.npmjs.org/minimatch/-/minimatch-10.2.6.tgz. Extracting by manifest.
3021 silly tarball no local data for ignore@https://registry.npmjs.org/ignore/-/ignore-7.0.6.tgz. Extracting by manifest.
3022 silly tarball no local data for semver@https://registry.npmjs.org/semver/-/semver-7.8.5.tgz. Extracting by manifest.
3023 silly tarball no local data for json5@https://registry.npmjs.org/json5/-/json5-1.0.2.tgz. Extracting by manifest.
3024 silly tarball no local data for debug@https://registry.npmjs.org/debug/-/debug-3.2.7.tgz. Extracting by manifest.
3025 silly tarball no local data for picomatch@https://registry.npmjs.org/picomatch/-/picomatch-4.0.5.tgz. Extracting by manifest.
3026 silly tarball no local data for fdir@https://registry.npmjs.org/fdir/-/fdir-6.5.0.tgz. Extracting by manifest.
3027 silly tarball no local data for semver@https://registry.npmjs.org/semver/-/semver-7.8.5.tgz. Extracting by manifest.
3028 silly tarball no local data for glob-parent@https://registry.npmjs.org/glob-parent/-/glob-parent-5.1.2.tgz. Extracting by manifest.
3029 silly tarball no local data for debug@https://registry.npmjs.org/debug/-/debug-3.2.7.tgz. Extracting by manifest.
3030 silly tarball no local data for debug@https://registry.npmjs.org/debug/-/debug-3.2.7.tgz. Extracting by manifest.
3031 silly tarball no local data for eslint-visitor-keys@https://registry.npmjs.org/eslint-visitor-keys/-/eslint-visitor-keys-3.4.3.tgz. Extracting by manifest.
3032 silly tarball no local data for globals@https://registry.npmjs.org/globals/-/globals-16.4.0.tgz. Extracting by manifest.
3033 silly tarball no local data for string.prototype.trimstart@https://registry.npmjs.org/string.prototype.trimstart/-/string.prototype.trimstart-1.0.8.tgz. Extracting by manifest.
3034 http fetch POST 200 https://registry.npmjs.org/-/npm/v1/security/advisories/bulk 462ms
3035 silly audit report {
3035 silly audit report   next: [
3035 silly audit report     {
3035 silly audit report       id: 1117930,
3035 silly audit report       url: 'https://github.com/advisories/GHSA-8h8q-6873-q5fj',
3035 silly audit report       title: 'Next.js Vulnerable to Denial of Service with Server Components',
3035 silly audit report       severity: 'high',
3035 silly audit report       vulnerable_versions: '>=16.0.0 <16.2.5',
3035 silly audit report       cwe: [Array],
3035 silly audit report       cvss: [Object]
3035 silly audit report     },
3035 silly audit report     {
3035 silly audit report       id: 1111368,
3035 silly audit report       url: 'https://github.com/advisories/GHSA-9qr9-h5gf-34mp',
3035 silly audit report       title: 'Next.js is vulnerable to RCE in React flight protocol',
3035 silly audit report       severity: 'critical',
3035 silly audit report       vulnerable_versions: '>=16.0.0-canary.0 <16.0.7',
3035 silly audit report       cwe: [Array],
3035 silly audit report       cvss: [Object]
3035 silly audit report     },
3035 silly audit report     {
3035 silly audit report       id: 1111374,
3035 silly audit report       url: 'https://github.com/advisories/GHSA-w37m-7fhw-fmv9',
3035 silly audit report       title: 'Next Server Actions Source Code Exposure ',
3035 silly audit report       severity: 'moderate',
3035 silly audit report       vulnerable_versions: '>=16.0.0-beta.0 <16.0.9',
3035 silly audit report       cwe: [Array],
3035 silly audit report       cvss: [Object]
3035 silly audit report     },
3035 silly audit report     {
3035 silly audit report       id: 1111383,
3035 silly audit report       url: 'https://github.com/advisories/GHSA-mwv6-3258-q52c',
3035 silly audit report       title: 'Next Vulnerable to Denial of Service with Server Components',
3035 silly audit report       severity: 'high',
3035 silly audit report       vulnerable_versions: '>=16.0.0-beta.0 <16.0.9',
3035 silly audit report       cwe: [Array],
3035 silly audit report       cvss: [Object]
3035 silly audit report     },
3035 silly audit report     {
3035 silly audit report       id: 1118938,
3035 silly audit report       url: 'https://github.com/advisories/GHSA-26hh-7cqf-hhc6',
3035 silly audit report       title: 'Next.js has a Middleware / Proxy bypass in App Router applications via segment-prefetch routes - Incomplete Fix Follow-Up',
3035 silly audit report       severity: 'high',
3035 silly audit report       vulnerable_versions: '>=16.0.0 <16.2.6',
3035 silly audit report       cwe: [Array],
3035 silly audit report       cvss: [Object]
3035 silly audit report     },
3035 silly audit report     {
3035 silly audit report       id: 1118941,
3035 silly audit report       url: 'https://github.com/advisories/GHSA-3g8h-86w9-wvmq',
3035 silly audit report       title: "Next.js's Middleware / Proxy redirects can be cache-poisoned",
3035 silly audit report       severity: 'low',
3035 silly audit report       vulnerable_versions: '>=16.0.0 <16.2.5',
3035 silly audit report       cwe: [Array],
3035 silly audit report       cvss: [Object]
3035 silly audit report     },
3035 silly audit report     {
3035 silly audit report       id: 1118943,
3035 silly audit report       url: 'https://github.com/advisories/GHSA-ffhc-5mcf-pf4q',
3035 silly audit report       title: 'Next.js vulnerable to cross-site scripting in App Router applications using CSP nonces',
3035 silly audit report       severity: 'moderate',
3035 silly audit report       vulnerable_versions: '>=16.0.0 <16.2.5',
3035 silly audit report       cwe: [Array],
3035 silly audit report       cvss: [Object]
3035 silly audit report     },
3035 silly audit report     {
3035 silly audit report       id: 1118945,
3035 silly audit report       url: 'https://github.com/advisories/GHSA-vfv6-92ff-j949',
3035 silly audit report       title: 'Next.js vulnerable to cache poisoning via collisions in React Server Component cache-busting',
3035 silly audit report       severity: 'low',
3035 silly audit report       vulnerable_versions: '>=16.0.0 <16.2.5',
3035 silly audit report       cwe: [Array],
3035 silly audit report       cvss: [Object]
3035 silly audit report     },
3035 silly audit report     {
3035 silly audit report       id: 1118947,
3035 silly audit report       url: 'https://github.com/advisories/GHSA-gx5p-jg67-6x7h',
3035 silly audit report       title: 'Next.js has cross-site scripting in beforeInteractive scripts with untrusted input',
3035 silly audit report       severity: 'moderate',
3035 silly audit report       vulnerable_versions: '>=16.0.0 <16.2.5',
3035 silly audit report       cwe: [Array],
3035 silly audit report       cvss: [Object]
3035 silly audit report     },
3035 silly audit report     {
3035 silly audit report       id: 1118949,
3035 silly audit report       url: 'https://github.com/advisories/GHSA-mg66-mrh9-m8jx',
3035 silly audit report       title: 'Next.js vulnerable to Denial of Service via connection exhaustion in applications using Cache Components',
3035 silly audit report       severity: 'high',
3035 silly audit report       vulnerable_versions: '>=16.0.0 <16.2.5',
3035 silly audit report       cwe: [Array],
3035 silly audit report       cvss: [Object]
3035 silly audit report     },
3035 silly audit report     {
3035 silly audit report       id: 1118951,
3035 silly audit report       url: 'https://github.com/advisories/GHSA-h64f-5h5j-jqjh',
3035 silly audit report       title: 'Next.js has a Denial of Service in the Image Optimization API',
3035 silly audit report       severity: 'moderate',
3035 silly audit report       vulnerable_versions: '>=16.0.0 <16.2.5',
3035 silly audit report       cwe: [Array],
3035 silly audit report       cvss: [Object]
3035 silly audit report     },
3035 silly audit report     {
3035 silly audit report       id: 1118953,
3035 silly audit report       url: 'https://github.com/advisories/GHSA-c4j6-fc7j-m34r',
3035 silly audit report       title: 'Next.js vulnerable to server-side request forgery in applications using WebSocket upgrades',
3035 silly audit report       severity: 'high',
3035 silly audit report       vulnerable_versions: '>=16.0.0 <16.2.5',
3035 silly audit report       cwe: [Array],
3035 silly audit report       cvss: [Object]
3035 silly audit report     },
3035 silly audit report     {
3035 silly audit report       id: 1118955,
3035 silly audit report       url: 'https://github.com/advisories/GHSA-492v-c6pp-mqqv',
3035 silly audit report       title: 'Next.js has a Middleware / Proxy bypass through dynamic route parameter injection',
3035 silly audit report       severity: 'high',
3035 silly audit report       vulnerable_versions: '>=16.0.0 <16.2.5',
3035 silly audit report       cwe: [Array],
3035 silly audit report       cvss: [Object]
3035 silly audit report     },
3035 silly audit report     {
3035 silly audit report       id: 1118957,
3035 silly audit report       url: 'https://github.com/advisories/GHSA-wfc6-r584-vfw7',
3035 silly audit report       title: 'Next.js vulnerable to cache poisoning in React Server Component responses',
3035 silly audit report       severity: 'moderate',
3035 silly audit report       vulnerable_versions: '>=16.0.0 <16.2.5',
3035 silly audit report       cwe: [Array],
3035 silly audit report       cvss: [Object]
3035 silly audit report     },
3035 silly audit report     {
3035 silly audit report       id: 1118959,
3035 silly audit report       url: 'https://github.com/advisories/GHSA-267c-6grr-h53f',
3035 silly audit report       title: 'Next.js has a Middleware / Proxy bypass in App Router applications via segment-prefetch routes',
3035 silly audit report       severity: 'high',
3035 silly audit report       vulnerable_versions: '>=16.0.0 <16.2.5',
3035 silly audit report       cwe: [Array],
3035 silly audit report       cvss: [Object]
3035 silly audit report     },
3035 silly audit report     {
3035 silly audit report       id: 1118961,
3035 silly audit report       url: 'https://github.com/advisories/GHSA-36qx-fr4f-26g5',
3035 silly audit report       title: 'Next.js has a Middleware / Proxy bypass in Pages Router applications using i18n',
3035 silly audit report       severity: 'high',
3035 silly audit report       vulnerable_versions: '>=16.0.0 <16.2.5',
3035 silly audit report       cwe: [Array],
3035 silly audit report       cvss: [Object]
3035 silly audit report     },
3035 silly audit report     {
3035 silly audit report       id: 1112592,
3035 silly audit report       url: 'https://github.com/advisories/GHSA-9g9p-9gw9-jx7f',
3035 silly audit report       title: 'Next.js self-hosted applications vulnerable to DoS via Image Optimizer remotePatterns configuration',
3035 silly audit report       severity: 'moderate',
3035 silly audit report       vulnerable_versions: '>=15.6.0-canary.0 <16.1.5',
3035 silly audit report       cwe: [Array],
3035 silly audit report       cvss: [Object]
3035 silly audit report     },
3035 silly audit report     {
3035 silly audit report       id: 1112646,
3035 silly audit report       url: 'https://github.com/advisories/GHSA-h25m-26qc-wcjf',
3035 silly audit report       title: 'Next.js HTTP request deserialization can lead to DoS when using insecure React Server Components',
3035 silly audit report       severity: 'high',
3035 silly audit report       vulnerable_versions: '>=16.0.0-beta.0 <16.0.11',
3035 silly audit report       cwe: [Array],
3035 silly audit report       cvss: [Object]
3035 silly audit report     },
3035 silly audit report     {
3035 silly audit report       id: 1114898,
3035 silly audit report       url: 'https://github.com/advisories/GHSA-ggv3-7p47-pfv8',
3035 silly audit report       title: 'Next.js: HTTP request smuggling in rewrites',
3035 silly audit report       severity: 'moderate',
3035 silly audit report       vulnerable_versions: '>=16.0.0-beta.0 <16.1.7',
3035 silly audit report       cwe: [Array],
3035 silly audit report       cvss: [Object]
3035 silly audit report     },
3035 silly audit report     {
3035 silly audit report       id: 1114941,
3035 silly audit report       url: 'https://github.com/advisories/GHSA-3x4c-7xq6-9pq8',
3035 silly audit report       title: 'Next.js: Unbounded next/image disk cache growth can exhaust storage',
3035 silly audit report       severity: 'moderate',
3035 silly audit report       vulnerable_versions: '>=16.0.0-beta.0 <16.1.7',
3035 silly audit report       cwe: [Array],
3035 silly audit report       cvss: [Object]
3035 silly audit report     },
3035 silly audit report     {
3035 silly audit report       id: 1116305,
3035 silly audit report       url: 'https://github.com/advisories/GHSA-5f7q-jpqc-wp7h',
3035 silly audit report       title: 'Next.js has Unbounded Memory Consumption via PPR Resume Endpoint ',
3035 silly audit report       severity: 'moderate',
3035 silly audit report       vulnerable_versions: '>=16.0.0-beta.0 <16.1.5',
3035 silly audit report       cwe: [Array],
3035 silly audit report       cvss: [Object]
3035 silly audit report     },
3035 silly audit report     {
3035 silly audit report       id: 1116375,
3035 silly audit report       url: 'https://github.com/advisories/GHSA-q4gf-8mx6-v5v3',
3035 silly audit report       title: 'Next.js has a Denial of Service with Server Components',
3035 silly audit report       severity: 'high',
3035 silly audit report       vulnerable_versions: '>=16.0.0-beta.0 <16.2.3',
3035 silly audit report       cwe: [Array],
3035 silly audit report       cvss: [Object]
3035 silly audit report     },
3035 silly audit report     {
3035 silly audit report       id: 1124184,
3035 silly audit report       url: 'https://github.com/advisories/GHSA-89xv-2m56-2m9x',
3035 silly audit report       title: 'Next.js: Server-Side Request Forgery in Server Actions on custom servers',
3035 silly audit report       severity: 'high',
3035 silly audit report       vulnerable_versions: '>=16.0.0 <16.2.11',
3035 silly audit report       cwe: [Array],
3035 silly audit report       cvss: [Object]
3035 silly audit report     },
3035 silly audit report     {
3035 silly audit report       id: 1124186,
3035 silly audit report       url: 'https://github.com/advisories/GHSA-68g3-v927-f742',
3035 silly audit report       title: 'Next.js: Cache confusion of response bodies for requests with bodies',
3035 silly audit report       severity: 'moderate',
3035 silly audit report       vulnerable_versions: '>=16.0.0 <16.2.11',
3035 silly audit report       cwe: [Array],
3035 silly audit report       cvss: [Object]
3035 silly audit report     },
3035 silly audit report     {
3035 silly audit report       id: 1124170,
3035 silly audit report       url: 'https://github.com/advisories/GHSA-6gpp-xcg3-4w24',
3035 silly audit report       title: 'Next.js: Middleware / Proxy bypass in App Router applications using Turbopack and single locale',
3035 silly audit report       severity: 'high',
3035 silly audit report       vulnerable_versions: '>=16.0.0 <16.2.11',
3035 silly audit report       cwe: [Array],
3035 silly audit report       cvss: [Object]
3035 silly audit report     },
3035 silly audit report     {
3035 silly audit report       id: 1124171,
3035 silly audit report       url: 'https://github.com/advisories/GHSA-m99w-x7hq-7vfj',
3035 silly audit report       title: 'Next.js: Denial of Service in App Router using Server Actions',
3035 silly audit report       severity: 'high',
3035 silly audit report       vulnerable_versions: '>=16.0.0 <16.2.11',
3035 silly audit report       cwe: [Array],
3035 silly audit report       cvss: [Object]
3035 silly audit report     },
3035 silly audit report     {
3035 silly audit report       id: 1124188,
3035 silly audit report       url: 'https://github.com/advisories/GHSA-4633-3j49-mh5q',
3035 silly audit report       title: 'Next.js: Cache confusion of response bodies for requests with bodies containing invalid UTF-8 byte sequences',
3035 silly audit report       severity: 'moderate',
3035 silly audit report       vulnerable_versions: '>=16.0.0 <16.2.11',
3035 silly audit report       cwe: [Array],
3035 silly audit report       cvss: [Object]
3035 silly audit report     },
3035 silly audit report     {
3035 silly audit report       id: 1124190,
3035 silly audit report       url: 'https://github.com/advisories/GHSA-4c39-4ccg-62r3',
3035 silly audit report       title: 'Next.js: Unbounded Server Action payload in Edge runtime',
3035 silly audit report       severity: 'moderate',
3035 silly audit report       vulnerable_versions: '>=16.0.0 <16.2.11',
3035 silly audit report       cwe: [Array],
3035 silly audit report       cvss: [Object]
3035 silly audit report     },
3035 silly audit report     {
3035 silly audit report       id: 1124192,
3035 silly audit report       url: 'https://github.com/advisories/GHSA-p9j2-gv94-2wf4',
3035 silly audit report       title: 'Next.js: Server-Side Request Forgery in rewrites via attacker-controlled destination hostname',
3035 silly audit report       severity: 'high',
3035 silly audit report       vulnerable_versions: '>=16.0.0 <16.2.11',
3035 silly audit report       cwe: [Array],
3035 silly audit report       cvss: [Object]
3035 silly audit report     },
3035 silly audit report     {
3035 silly audit report       id: 1124194,
3035 silly audit report       url: 'https://github.com/advisories/GHSA-q8wf-6r8g-63ch',
3035 silly audit report       title: 'Next.js: Denial of Service in the Image Optimization API using SVGs',
3035 silly audit report       severity: 'moderate',
3035 silly audit report       vulnerable_versions: '>=16.0.0 <16.2.11',
3035 silly audit report       cwe: [Array],
3035 silly audit report       cvss: [Object]
3035 silly audit report     },
3035 silly audit report     {
3035 silly audit report       id: 1124196,
3035 silly audit report       url: 'https://github.com/advisories/GHSA-955p-x3mx-jcvp',
3035 silly audit report       title: 'Next.js: Unauthenticated disclosure of internal Server Function endpoints',
3035 silly audit report       severity: 'moderate',
3035 silly audit report       vulnerable_versions: '>=16.0.0 <16.2.11',
3035 silly audit report       cwe: [Array],
3035 silly audit report       cvss: [Object]
3035 silly audit report     }
3035 silly audit report   ],
3035 silly audit report   postcss: [
3035 silly audit report     {
3035 silly audit report       id: 1130709,
3035 silly audit report       url: 'https://github.com/advisories/GHSA-fxqj-rqcc-2cmp',
3035 silly audit report       title: 'PostCSS: incomplete fix of GHSA-6g55-p6wh-862q — attacker-controlled sourceMappingURL reads arbitrary .map files when `from` is unset',
3035 silly audit report       severity: 'moderate',
3035 silly audit report       vulnerable_versions: '<=8.5.22',
3035 silly audit report       cwe: [Array],
3035 silly audit report       cvss: [Object]
3035 silly audit report     },
3035 silly audit report     {
3035 silly audit report       id: 1117015,
3035 silly audit report       url: 'https://github.com/advisories/GHSA-qx2v-qp2m-jg93',
3035 silly audit report       title: 'PostCSS has XSS via Unescaped </style> in its CSS Stringify Output',
3035 silly audit report       severity: 'moderate',
3035 silly audit report       vulnerable_versions: '<8.5.10',
3035 silly audit report       cwe: [Array],
3035 silly audit report       cvss: [Object]
3035 silly audit report     },
3035 silly audit report     {
3035 silly audit report       id: 1124252,
3035 silly audit report       url: 'https://github.com/advisories/GHSA-6g55-p6wh-862q',
3035 silly audit report       title: 'PostCSS: Arbitrary file read and information disclosure via attacker-controlled sourceMappingURL in CSS comments',
3035 silly audit report       severity: 'high',
3035 silly audit report       vulnerable_versions: '<=8.5.11',
3035 silly audit report       cwe: [Array],
3035 silly audit report       cvss: [Object]
3035 silly audit report     },
3035 silly audit report     {
3035 silly audit report       id: 1124288,
3035 silly audit report       url: 'https://github.com/advisories/GHSA-r28c-9q8g-f849',
3035 silly audit report       title: 'PostCSS: Path Traversal in Previous Source Map Auto-Loading (sourceMappingURL) leads to Arbitrary .map File Disclosure',
3035 silly audit report       severity: 'high',
3035 silly audit report       vulnerable_versions: '<=8.5.17',
3035 silly audit report       cwe: [Array],
3035 silly audit report       cvss: [Object]
3035 silly audit report     }
3035 silly audit report   ],
3035 silly audit report   sharp: [
3035 silly audit report     {
3035 silly audit report       id: 1124066,
3035 silly audit report       url: 'https://github.com/advisories/GHSA-f88m-g3jw-g9cj',
3035 silly audit report       title: 'sharp inherited vulnerabilities in libvips: CVE-2026-33327, CVE-2026-33328, CVE-2026-35590, CVE-2026-35591',
3035 silly audit report       severity: 'high',
3035 silly audit report       vulnerable_versions: '<0.35.0',
3035 silly audit report       cwe: [Array],
3035 silly audit report       cvss: [Object]
3035 silly audit report     }
3035 silly audit report   ]
3035 silly audit report }
3036 silly packumentCache corgi:https://registry.npmjs.org/next cache-miss
3037 silly packumentCache corgi:https://registry.npmjs.org/postcss cache-miss
3038 silly packumentCache corgi:https://registry.npmjs.org/sharp cache-miss
3039 http fetch GET 200 https://registry.npmjs.org/escalade/-/escalade-3.2.0.tgz 974ms (cache miss)
3040 http fetch GET 200 https://registry.npmjs.org/@typescript-eslint/visitor-keys/-/visitor-keys-8.66.0.tgz 1033ms (cache miss)
3041 http fetch GET 200 https://registry.npmjs.org/isexe/-/isexe-2.0.0.tgz 1231ms (cache miss)
3042 http fetch GET 200 https://registry.npmjs.org/strip-bom/-/strip-bom-3.0.0.tgz 1221ms (cache miss)
3043 http fetch GET 200 https://registry.npmjs.org/is-number/-/is-number-7.0.0.tgz 1221ms (cache miss)
3044 http fetch GET 200 https://registry.npmjs.org/client-only/-/client-only-0.0.1.tgz 1221ms (cache miss)
3045 http fetch GET 200 https://registry.npmjs.org/path-parse/-/path-parse-1.0.7.tgz 1217ms (cache miss)
3046 http fetch GET 200 https://registry.npmjs.org/async-function/-/async-function-1.0.0.tgz 1285ms (cache miss)
3047 http fetch GET 200 https://registry.npmjs.org/has-flag/-/has-flag-4.0.0.tgz 1269ms (cache miss)
3048 http fetch GET 200 https://registry.npmjs.org/callsites/-/callsites-3.1.0.tgz 1263ms (cache miss)
3049 http fetch GET 200 https://registry.npmjs.org/yocto-queue/-/yocto-queue-0.1.0.tgz 1263ms (cache miss)
3050 http fetch GET 200 https://registry.npmjs.org/generator-function/-/generator-function-2.0.1.tgz 1341ms (cache miss)
3051 http fetch GET 200 https://registry.npmjs.org/@typescript-eslint/parser/-/parser-8.66.0.tgz 1328ms (cache miss)
3052 http fetch GET 200 https://registry.npmjs.org/punycode/-/punycode-2.3.1.tgz 1336ms (cache miss)
3053 http fetch GET 200 https://registry.npmjs.org/isarray/-/isarray-2.0.5.tgz 1323ms (cache miss)
3054 http fetch GET 200 https://registry.npmjs.org/side-channel-map/-/side-channel-map-1.0.1.tgz 1331ms (cache miss)
3055 http fetch GET 200 https://registry.npmjs.org/p-limit/-/p-limit-3.1.0.tgz 1325ms (cache miss)
3056 http fetch GET 200 https://registry.npmjs.org/deep-is/-/deep-is-0.1.4.tgz 1324ms (cache miss)
3057 http fetch GET 200 https://registry.npmjs.org/@types/json5/-/json5-0.0.29.tgz 1376ms (cache miss)
3058 http fetch GET 200 https://registry.npmjs.org/supports-preserve-symlinks-flag/-/supports-preserve-symlinks-flag-1.0.0.tgz 1370ms (cache miss)
3059 http fetch GET 200 https://registry.npmjs.org/@img/colour/-/colour-1.1.0.tgz 1372ms (cache miss)
3060 http fetch GET 200 https://registry.npmjs.org/nanoid/-/nanoid-3.3.17.tgz 1368ms (cache miss)
3061 http fetch GET 200 https://registry.npmjs.org/fill-range/-/fill-range-7.1.1.tgz 1357ms (cache miss)
3062 http fetch GET 200 https://registry.npmjs.org/which-collection/-/which-collection-1.0.2.tgz 1423ms (cache miss)
3063 http fetch GET 200 https://registry.npmjs.org/has-bigints/-/has-bigints-1.1.0.tgz 1414ms (cache miss)
3064 http fetch GET 200 https://registry.npmjs.org/shebang-regex/-/shebang-regex-3.0.0.tgz 1407ms (cache miss)
3065 http fetch GET 200 https://registry.npmjs.org/queue-microtask/-/queue-microtask-1.2.3.tgz 1405ms (cache miss)
3066 http fetch GET 200 https://registry.npmjs.org/word-wrap/-/word-wrap-1.2.5.tgz 1402ms (cache miss)
3067 http fetch GET 200 https://registry.npmjs.org/brace-expansion/-/brace-expansion-1.1.18.tgz 1397ms (cache miss)
3068 http fetch GET 200 https://registry.npmjs.org/type-check/-/type-check-0.4.0.tgz 1385ms (cache miss)
3069 http fetch GET 200 https://registry.npmjs.org/p-locate/-/p-locate-5.0.0.tgz 1421ms (cache miss)
3070 http fetch GET 200 https://registry.npmjs.org/is-map/-/is-map-2.0.3.tgz 1468ms (cache miss)
3071 http fetch GET 200 https://registry.npmjs.org/@typescript-eslint/tsconfig-utils/-/tsconfig-utils-8.66.0.tgz 1457ms (cache miss)
3072 http fetch GET 200 https://registry.npmjs.org/for-each/-/for-each-0.3.5.tgz 1452ms (cache miss)
3073 http fetch GET 200 https://registry.npmjs.org/detect-libc/-/detect-libc-2.1.2.tgz 1448ms (cache miss)
3074 http fetch GET 200 https://registry.npmjs.org/object-assign/-/object-assign-4.1.1.tgz 1445ms (cache miss)
3075 http fetch GET 200 https://registry.npmjs.org/loose-envify/-/loose-envify-1.4.0.tgz 1445ms (cache miss)
3076 http fetch GET 200 https://registry.npmjs.org/concat-map/-/concat-map-0.0.1.tgz 1439ms (cache miss)
3077 http fetch GET 200 https://registry.npmjs.org/balanced-match/-/balanced-match-1.0.2.tgz 1439ms (cache miss)
3078 http fetch GET 200 https://registry.npmjs.org/yallist/-/yallist-3.1.1.tgz 1428ms (cache miss)
3079 http fetch GET 200 https://registry.npmjs.org/is-extglob/-/is-extglob-2.1.1.tgz 1426ms (cache miss)
3080 http fetch GET 200 https://registry.npmjs.org/is-weakmap/-/is-weakmap-2.0.2.tgz 1510ms (cache miss)
3081 http fetch GET 200 https://registry.npmjs.org/is-finalizationregistry/-/is-finalizationregistry-1.1.1.tgz 1506ms (cache miss)
3082 http fetch GET 200 https://registry.npmjs.org/react-is/-/react-is-16.13.1.tgz 1488ms (cache miss)
3083 http fetch GET 200 https://registry.npmjs.org/to-regex-range/-/to-regex-range-5.0.1.tgz 1479ms (cache miss)
3084 http fetch GET 200 https://registry.npmjs.org/json-buffer/-/json-buffer-3.0.1.tgz 1472ms (cache miss)
3085 http fetch GET 200 https://registry.npmjs.org/resolve-pkg-maps/-/resolve-pkg-maps-1.0.0.tgz 1471ms (cache miss)
3086 http fetch GET 200 https://registry.npmjs.org/dunder-proto/-/dunder-proto-1.0.1.tgz 1471ms (cache miss)
3087 http fetch GET 200 https://registry.npmjs.org/is-bigint/-/is-bigint-1.1.0.tgz 1564ms (cache miss)
3088 http fetch GET 200 https://registry.npmjs.org/@typescript-eslint/project-service/-/project-service-8.66.0.tgz 1559ms (cache miss)
3089 http fetch GET 200 https://registry.npmjs.org/fast-levenshtein/-/fast-levenshtein-2.0.6.tgz 1545ms (cache miss)
3090 http fetch GET 200 https://registry.npmjs.org/@next/env/-/env-16.0.0.tgz 1543ms (cache miss)
3091 http fetch GET 200 https://registry.npmjs.org/resolve-from/-/resolve-from-4.0.0.tgz 1528ms (cache miss)
3092 http fetch GET 200 https://registry.npmjs.org/parent-module/-/parent-module-1.0.1.tgz 1527ms (cache miss)
3093 http fetch GET 200 https://registry.npmjs.org/functions-have-names/-/functions-have-names-1.2.3.tgz 1526ms (cache miss)
3094 http fetch GET 200 https://registry.npmjs.org/keyv/-/keyv-4.5.4.tgz 1526ms (cache miss)
3095 http fetch GET 200 https://registry.npmjs.org/run-parallel/-/run-parallel-1.2.0.tgz 1525ms (cache miss)
3096 http fetch GET 200 https://registry.npmjs.org/is-number-object/-/is-number-object-1.1.1.tgz 1623ms (cache miss)
3097 http fetch GET 200 https://registry.npmjs.org/path-exists/-/path-exists-4.0.0.tgz 1582ms (cache miss)
3098 http fetch GET 200 https://registry.npmjs.org/node-releases/-/node-releases-2.0.52.tgz 1582ms (cache miss)
3099 http fetch GET 200 https://registry.npmjs.org/acorn-jsx/-/acorn-jsx-5.3.2.tgz 1584ms (cache miss)
3100 http fetch GET 200 https://registry.npmjs.org/@nodelib/fs.walk/-/fs.walk-1.2.8.tgz 1585ms (cache miss)
3101 http fetch GET 200 https://registry.npmjs.org/is-document.all/-/is-document.all-1.0.0.tgz 1719ms (cache miss)
3102 http fetch GET 200 https://registry.npmjs.org/locate-path/-/locate-path-6.0.0.tgz 1718ms (cache miss)
3103 http fetch GET 200 https://registry.npmjs.org/update-browserslist-db/-/update-browserslist-db-1.2.3.tgz 1715ms (cache miss)
3104 http fetch GET 200 https://registry.npmjs.org/is-boolean-object/-/is-boolean-object-1.2.2.tgz 1818ms (cache miss)
3105 http fetch GET 200 https://registry.npmjs.org/set-function-name/-/set-function-name-2.0.2.tgz 1782ms (cache miss)
3106 http fetch GET 200 https://registry.npmjs.org/side-channel/-/side-channel-1.1.1.tgz 1781ms (cache miss)
3107 http fetch GET 200 https://registry.npmjs.org/micromatch/-/micromatch-4.0.8.tgz 1776ms (cache miss)
3108 http fetch GET 200 https://registry.npmjs.org/merge2/-/merge2-1.4.1.tgz 1777ms (cache miss)
3109 http fetch GET 200 https://registry.npmjs.org/lru-cache/-/lru-cache-5.1.1.tgz 1773ms (cache miss)
3110 http fetch GET 200 https://registry.npmjs.org/@babel/helper-module-imports/-/helper-module-imports-7.29.7.tgz 1773ms (cache miss)
3111 http fetch GET 200 https://registry.npmjs.org/@babel/compat-data/-/compat-data-7.29.7.tgz 1772ms (cache miss)
3112 http fetch GET 200 https://registry.npmjs.org/is-weakset/-/is-weakset-2.0.4.tgz 1879ms (cache miss)
3113 http fetch GET 200 https://registry.npmjs.org/which-boxed-primitive/-/which-boxed-primitive-1.1.1.tgz 1866ms (cache miss)
3114 http fetch GET 200 https://registry.npmjs.org/side-channel-list/-/side-channel-list-1.0.1.tgz 1859ms (cache miss)
3115 http fetch GET 200 https://registry.npmjs.org/esrecurse/-/esrecurse-4.3.0.tgz 1826ms (cache miss)
3116 http fetch GET 200 https://registry.npmjs.org/@babel/helper-globals/-/helper-globals-7.29.7.tgz 1825ms (cache miss)
3117 http fetch GET 200 https://registry.npmjs.org/gensync/-/gensync-1.0.0-beta.2.tgz 1821ms (cache miss)
3118 http fetch GET 200 https://registry.npmjs.org/picocolors/-/picocolors-1.1.1.tgz 1823ms (cache miss)
3119 http fetch GET 200 https://registry.npmjs.org/is-async-function/-/is-async-function-2.1.1.tgz 1945ms (cache miss)
3120 http fetch GET 200 https://registry.npmjs.org/side-channel-weakmap/-/side-channel-weakmap-1.0.2.tgz 1934ms (cache miss)
3121 http fetch GET 200 https://registry.npmjs.org/@babel/helper-validator-option/-/helper-validator-option-7.29.7.tgz 1901ms (cache miss)
3122 http fetch GET 200 https://registry.npmjs.org/convert-source-map/-/convert-source-map-2.0.0.tgz 1899ms (cache miss)
3123 http fetch GET 200 https://registry.npmjs.org/which-builtin-type/-/which-builtin-type-1.2.1.tgz 2022ms (cache miss)
3124 http fetch GET 200 https://registry.npmjs.org/object.entries/-/object.entries-1.1.9.tgz 1995ms (cache miss)
3125 http fetch GET 200 https://registry.npmjs.org/array.prototype.tosorted/-/array.prototype.tosorted-1.1.4.tgz 1993ms (cache miss)
3126 http fetch GET 200 https://registry.npmjs.org/iterator.prototype/-/iterator.prototype-1.1.5.tgz 1997ms (cache miss)
3127 http fetch GET 200 https://registry.npmjs.org/browserslist/-/browserslist-4.28.7.tgz 2119ms (cache miss)
3128 http fetch GET 200 https://registry.npmjs.org/jsesc/-/jsesc-3.1.0.tgz 2119ms (cache miss)
3129 http fetch GET 200 https://registry.npmjs.org/@babel/code-frame/-/code-frame-7.29.7.tgz 2115ms (cache miss)
3130 http fetch GET 200 https://registry.npmjs.org/array.prototype.findlast/-/array.prototype.findlast-1.2.5.tgz 2111ms (cache miss)
3131 http fetch GET 200 https://registry.npmjs.org/braces/-/braces-3.0.3.tgz 2216ms (cache miss)
3132 http fetch GET 200 https://registry.npmjs.org/damerau-levenshtein/-/damerau-levenshtein-1.0.8.tgz 2188ms (cache miss)
3133 http fetch GET 200 https://registry.npmjs.org/estraverse/-/estraverse-5.3.0.tgz 2197ms (cache miss)
3134 http fetch GET 200 https://registry.npmjs.org/ast-types-flow/-/ast-types-flow-0.0.8.tgz 2281ms (cache miss)
3135 http fetch GET 200 https://registry.npmjs.org/string.prototype.includes/-/string.prototype.includes-2.0.1.tgz 2324ms (cache miss)
3136 http fetch GET 200 https://registry.npmjs.org/language-tags/-/language-tags-1.0.9.tgz 2325ms (cache miss)
3137 http fetch GET 200 https://registry.npmjs.org/typed-array-byte-length/-/typed-array-byte-length-1.0.3.tgz 2479ms (cache miss)
3138 http fetch GET 200 https://registry.npmjs.org/typed-array-buffer/-/typed-array-buffer-1.0.3.tgz 2480ms (cache miss)
3139 http fetch GET 200 https://registry.npmjs.org/stop-iteration-iterator/-/stop-iteration-iterator-1.1.0.tgz 2479ms (cache miss)
3140 http fetch GET 200 https://registry.npmjs.org/string.prototype.trim/-/string.prototype.trim-1.2.11.tgz 2479ms (cache miss)
3141 http fetch GET 200 https://registry.npmjs.org/set-proto/-/set-proto-1.0.0.tgz 2480ms (cache miss)
3142 http fetch GET 200 https://registry.npmjs.org/has-tostringtag/-/has-tostringtag-1.0.2.tgz 2483ms (cache miss)
3143 http fetch GET 200 https://registry.npmjs.org/unbox-primitive/-/unbox-primitive-1.1.0.tgz 2483ms (cache miss)
3144 http fetch GET 200 https://registry.npmjs.org/picomatch/-/picomatch-2.3.2.tgz 2537ms (cache miss)
3145 http fetch GET 200 https://registry.npmjs.org/prelude-ls/-/prelude-ls-1.2.1.tgz 2531ms (cache miss)
3146 http fetch GET 200 https://registry.npmjs.org/possible-typed-array-names/-/possible-typed-array-names-1.1.0.tgz 2507ms (cache miss)
3147 http fetch GET 200 https://registry.npmjs.org/is-date-object/-/is-date-object-1.1.0.tgz 2833ms (cache miss)
3148 http fetch GET 200 https://registry.npmjs.org/typed-array-length/-/typed-array-length-1.0.8.tgz 2830ms (cache miss)
3149 http fetch GET 200 https://registry.npmjs.org/own-keys/-/own-keys-1.0.2.tgz 2826ms (cache miss)
3150 http fetch GET 200 https://registry.npmjs.org/is-weakref/-/is-weakref-1.1.1.tgz 2826ms (cache miss)
3151 http fetch GET 200 https://registry.npmjs.org/safe-array-concat/-/safe-array-concat-1.1.4.tgz 2829ms (cache miss)
3152 http fetch GET 200 https://registry.npmjs.org/reusify/-/reusify-1.1.0.tgz 2881ms (cache miss)
3153 http fetch GET 200 https://registry.npmjs.org/@babel/helper-string-parser/-/helper-string-parser-7.29.7.tgz 2877ms (cache miss)
3154 http fetch GET 200 https://registry.npmjs.org/js-tokens/-/js-tokens-4.0.0.tgz 2874ms (cache miss)
3155 http fetch GET 200 https://registry.npmjs.org/is-shared-array-buffer/-/is-shared-array-buffer-1.0.4.tgz 2847ms (cache miss)
3156 http fetch GET 200 https://registry.npmjs.org/is-set/-/is-set-2.0.3.tgz 2848ms (cache miss)
3157 http fetch GET 200 https://registry.npmjs.org/is-data-view/-/is-data-view-1.0.2.tgz 2848ms (cache miss)
3158 http fetch GET 200 https://registry.npmjs.org/safe-regex-test/-/safe-regex-test-1.1.0.tgz 3079ms (cache miss)
3159 http fetch GET 200 https://registry.npmjs.org/tslib/-/tslib-2.8.1.tgz 3146ms (cache miss)
3160 http fetch GET 200 https://registry.npmjs.org/flat-cache/-/flat-cache-4.0.1.tgz 3124ms (cache miss)
3161 http fetch GET 200 https://registry.npmjs.org/is-array-buffer/-/is-array-buffer-3.0.5.tgz 3089ms (cache miss)
3162 http fetch GET 200 https://registry.npmjs.org/has-symbols/-/has-symbols-1.1.0.tgz 3088ms (cache miss)
3163 http fetch GET 200 https://registry.npmjs.org/has-proto/-/has-proto-1.2.0.tgz 3087ms (cache miss)
3164 http fetch GET 200 https://registry.npmjs.org/internal-slot/-/internal-slot-1.1.0.tgz 3089ms (cache miss)
3165 http fetch GET 200 https://registry.npmjs.org/globalthis/-/globalthis-1.0.4.tgz 3088ms (cache miss)
3166 http fetch GET 200 https://registry.npmjs.org/get-symbol-description/-/get-symbol-description-1.1.0.tgz 3088ms (cache miss)
3167 http fetch GET 200 https://registry.npmjs.org/is-symbol/-/is-symbol-1.1.1.tgz 3170ms (cache miss)
3168 http fetch GET 200 https://registry.npmjs.org/typed-array-byte-offset/-/typed-array-byte-offset-1.0.4.tgz 3164ms (cache miss)
3169 http fetch GET 200 https://registry.npmjs.org/prop-types/-/prop-types-15.8.1.tgz 3195ms (cache miss)
3170 http fetch GET 200 https://registry.npmjs.org/is-negative-zero/-/is-negative-zero-2.0.3.tgz 3173ms (cache miss)
3171 http fetch GET 200 https://registry.npmjs.org/is-callable/-/is-callable-1.2.7.tgz 3172ms (cache miss)
3172 http fetch GET 200 https://registry.npmjs.org/es-to-primitive/-/es-to-primitive-1.3.4.tgz 3171ms (cache miss)
3173 http fetch GET 200 https://registry.npmjs.org/es-set-tostringtag/-/es-set-tostringtag-2.1.0.tgz 3170ms (cache miss)
3174 http fetch GET 200 https://registry.npmjs.org/data-view-buffer/-/data-view-buffer-1.0.2.tgz 3170ms (cache miss)
3175 http fetch GET 200 https://registry.npmjs.org/which-typed-array/-/which-typed-array-1.1.22.tgz 3275ms (cache miss)
3176 http fetch GET 200 https://registry.npmjs.org/safe-push-apply/-/safe-push-apply-1.0.0.tgz 3272ms (cache miss)
3177 http fetch GET 200 https://registry.npmjs.org/is-generator-function/-/is-generator-function-1.1.2.tgz 3368ms (cache miss)
3178 http fetch GET 200 https://registry.npmjs.org/flatted/-/flatted-3.4.4.tgz 3324ms (cache miss)
3179 http fetch GET 200 https://registry.npmjs.org/electron-to-chromium/-/electron-to-chromium-1.5.401.tgz 3319ms (cache miss)
3180 http fetch GET 200 https://registry.npmjs.org/is-regex/-/is-regex-1.2.1.tgz 3287ms (cache miss)
3181 http fetch GET 200 https://registry.npmjs.org/data-view-byte-offset/-/data-view-byte-offset-1.0.1.tgz 3284ms (cache miss)
3182 http fetch GET 200 https://registry.npmjs.org/function-bind/-/function-bind-1.1.2.tgz 3281ms (cache miss)
3183 http fetch GET 200 https://registry.npmjs.org/set-function-length/-/set-function-length-1.2.2.tgz 3299ms (cache miss)
3184 http fetch GET 200 https://registry.npmjs.org/available-typed-arrays/-/available-typed-arrays-1.0.7.tgz 3303ms (cache miss)
3185 http fetch GET 200 https://registry.npmjs.org/is-typed-array/-/is-typed-array-1.1.15.tgz 3310ms (cache miss)
3186 http fetch GET 200 https://registry.npmjs.org/gopd/-/gopd-1.2.0.tgz 3303ms (cache miss)
3187 http fetch GET 200 https://registry.npmjs.org/has-property-descriptors/-/has-property-descriptors-1.0.2.tgz 3302ms (cache miss)
3188 http fetch GET 200 https://registry.npmjs.org/define-data-property/-/define-data-property-1.1.4.tgz 3303ms (cache miss)
3189 http fetch GET 200 https://registry.npmjs.org/reflect.getprototypeof/-/reflect.getprototypeof-1.0.10.tgz 3428ms (cache miss)
3190 http fetch GET 200 https://registry.npmjs.org/string.prototype.repeat/-/string.prototype.repeat-1.0.0.tgz 3383ms (cache miss)
3191 http fetch GET 200 https://registry.npmjs.org/function.prototype.name/-/function.prototype.name-1.2.0.tgz 3357ms (cache miss)
3192 http fetch GET 200 https://registry.npmjs.org/data-view-byte-length/-/data-view-byte-length-1.0.2.tgz 3357ms (cache miss)
3193 http fetch GET 200 https://registry.npmjs.org/math-intrinsics/-/math-intrinsics-1.1.0.tgz 3353ms (cache miss)
3194 http fetch GET 200 https://registry.npmjs.org/is-string/-/is-string-1.1.1.tgz 3354ms (cache miss)
3195 http fetch GET 200 https://registry.npmjs.org/define-properties/-/define-properties-1.2.1.tgz 3353ms (cache miss)
3196 http fetch GET 200 https://registry.npmjs.org/es-define-property/-/es-define-property-1.0.1.tgz 3356ms (cache miss)
3197 http fetch GET 200 https://registry.npmjs.org/call-bind-apply-helpers/-/call-bind-apply-helpers-1.0.2.tgz 3356ms (cache miss)
3198 http fetch GET 200 https://registry.npmjs.org/es-shim-unscopables/-/es-shim-unscopables-1.1.0.tgz 3357ms (cache miss)
3199 http fetch GET 200 https://registry.npmjs.org/es-errors/-/es-errors-1.3.0.tgz 3356ms (cache miss)
3200 http fetch GET 200 https://registry.npmjs.org/@babel/helper-validator-identifier/-/helper-validator-identifier-7.29.7.tgz 3433ms (cache miss)
3201 http fetch GET 200 https://registry.npmjs.org/array-buffer-byte-length/-/array-buffer-byte-length-1.0.2.tgz 3400ms (cache miss)
3202 http fetch GET 200 https://registry.npmjs.org/object-keys/-/object-keys-1.1.1.tgz 3401ms (cache miss)
3203 http fetch GET 200 https://registry.npmjs.org/object.values/-/object.values-1.2.1.tgz 3396ms (cache miss)
3204 http fetch GET 200 https://registry.npmjs.org/object.fromentries/-/object.fromentries-2.0.8.tgz 3396ms (cache miss)
3205 http fetch GET 200 https://registry.npmjs.org/call-bind/-/call-bind-1.0.9.tgz 3399ms (cache miss)
3206 http fetch GET 200 https://registry.npmjs.org/call-bound/-/call-bound-1.0.4.tgz 3400ms (cache miss)
3207 http fetch GET 200 https://registry.npmjs.org/string.prototype.trimend/-/string.prototype.trimend-1.0.10.tgz 3399ms (cache miss)
3208 http fetch GET 200 https://registry.npmjs.org/@jridgewell/resolve-uri/-/resolve-uri-3.1.2.tgz 3529ms (cache miss)
3209 http fetch GET 200 https://registry.npmjs.org/get-proto/-/get-proto-1.0.1.tgz 3522ms (cache miss)
3210 http fetch GET 200 https://registry.npmjs.org/get-intrinsic/-/get-intrinsic-1.3.0.tgz 3520ms (cache miss)
3211 http fetch GET 200 https://registry.npmjs.org/es-object-atoms/-/es-object-atoms-1.1.2.tgz 3520ms (cache miss)
3212 http fetch GET 200 https://registry.npmjs.org/semver/-/semver-6.3.1.tgz 3533ms (cache miss)
3213 http fetch GET 200 https://registry.npmjs.org/@rtsao/scc/-/scc-1.1.0.tgz 3546ms (cache miss)
3214 http fetch GET 200 https://registry.npmjs.org/stable-hash/-/stable-hash-0.0.5.tgz 3552ms (cache miss)
3215 http fetch GET 200 https://registry.npmjs.org/array.prototype.flatmap/-/array.prototype.flatmap-1.3.3.tgz 3562ms (cache miss)
3216 http fetch GET 200 https://registry.npmjs.org/array.prototype.findlastindex/-/array.prototype.findlastindex-1.2.6.tgz 3563ms (cache miss)
3217 http fetch GET 200 https://registry.npmjs.org/argparse/-/argparse-2.0.1.tgz 3731ms (cache miss)
3218 http fetch GET 200 https://registry.npmjs.org/hasown/-/hasown-2.0.4.tgz 3721ms (cache miss)
3219 http fetch GET 200 https://registry.npmjs.org/unrs-resolver/-/unrs-resolver-1.12.2.tgz 3734ms (cache miss)
3220 http fetch GET 200 https://registry.npmjs.org/typescript-eslint/-/typescript-eslint-8.66.0.tgz 3732ms (cache miss)
3221 http fetch GET 200 https://registry.npmjs.org/@nolyfill/is-core-module/-/is-core-module-1.0.39.tgz 3735ms (cache miss)
3222 http fetch GET 200 https://registry.npmjs.org/is-bun-module/-/is-bun-module-2.0.0.tgz 3815ms (cache miss)
3223 http fetch GET 200 https://registry.npmjs.org/array.prototype.flat/-/array.prototype.flat-1.3.3.tgz 3819ms (cache miss)
3224 http fetch GET 200 https://registry.npmjs.org/is-core-module/-/is-core-module-2.16.2.tgz 3822ms (cache miss)
3225 http fetch GET 200 https://registry.npmjs.org/path-key/-/path-key-3.1.1.tgz 3815ms (cache miss)
3226 http fetch GET 200 https://registry.npmjs.org/color-name/-/color-name-1.1.4.tgz 3815ms (cache miss)
3227 http fetch GET 200 https://registry.npmjs.org/color-convert/-/color-convert-2.0.1.tgz 3815ms (cache miss)
3228 http fetch GET 200 https://registry.npmjs.org/ms/-/ms-2.1.3.tgz 3821ms (cache miss)
3229 http fetch GET 200 https://registry.npmjs.org/which/-/which-2.0.2.tgz 3817ms (cache miss)
3230 http fetch GET 200 https://registry.npmjs.org/scheduler/-/scheduler-0.27.0.tgz 3977ms (cache miss)
3231 http fetch GET 200 https://registry.npmjs.org/string.prototype.matchall/-/string.prototype.matchall-4.0.12.tgz 3944ms (cache miss)
3232 http fetch GET 200 https://registry.npmjs.org/tinyglobby/-/tinyglobby-0.2.17.tgz 3906ms (cache miss)
3233 http fetch GET 200 https://registry.npmjs.org/levn/-/levn-0.4.1.tgz 3908ms (cache miss)
3234 http fetch GET 200 https://registry.npmjs.org/import-fresh/-/import-fresh-3.3.1.tgz 3908ms (cache miss)
3235 http fetch GET 200 https://registry.npmjs.org/ansi-styles/-/ansi-styles-4.3.0.tgz 3911ms (cache miss)
3236 http fetch GET 200 https://registry.npmjs.org/json-schema-traverse/-/json-schema-traverse-0.4.1.tgz 3911ms (cache miss)
3237 http fetch GET 200 https://registry.npmjs.org/fastq/-/fastq-1.20.1.tgz 4068ms (cache miss)
3238 http fetch GET 200 https://registry.npmjs.org/array-includes/-/array-includes-3.1.9.tgz 4033ms (cache miss)
3239 http fetch GET 200 https://registry.npmjs.org/eslint-import-resolver-node/-/eslint-import-resolver-node-0.3.10.tgz 4031ms (cache miss)
3240 http fetch GET 200 https://registry.npmjs.org/shebang-command/-/shebang-command-2.0.0.tgz 4026ms (cache miss)
3241 http fetch GET 200 https://registry.npmjs.org/globals/-/globals-14.0.0.tgz 4021ms (cache miss)
3242 http fetch GET 200 https://registry.npmjs.org/@eslint/object-schema/-/object-schema-2.1.7.tgz 4021ms (cache miss)
3243 http fetch GET 200 https://registry.npmjs.org/optionator/-/optionator-0.9.4.tgz 4021ms (cache miss)
3244 http fetch GET 200 https://registry.npmjs.org/json-stable-stringify-without-jsonify/-/json-stable-stringify-without-jsonify-1.0.1.tgz 4020ms (cache miss)
3245 http fetch GET 200 https://registry.npmjs.org/@types/json-schema/-/json-schema-7.0.15.tgz 4022ms (cache miss)
3246 http fetch GET 200 https://registry.npmjs.org/strip-json-comments/-/strip-json-comments-3.1.1.tgz 4024ms (cache miss)
3247 http fetch GET 200 https://registry.npmjs.org/es-abstract-get/-/es-abstract-get-1.0.0.tgz 4127ms (cache miss)
3248 http fetch GET 200 https://registry.npmjs.org/@humanfs/types/-/types-0.15.0.tgz 4097ms (cache miss)
3249 http fetch GET 200 https://registry.npmjs.org/supports-color/-/supports-color-7.2.0.tgz 4099ms (cache miss)
3250 http fetch GET 200 https://registry.npmjs.org/minimatch/-/minimatch-3.1.5.tgz 4094ms (cache miss)
3251 http fetch GET 200 https://registry.npmjs.org/lodash.merge/-/lodash.merge-4.6.2.tgz 4095ms (cache miss)
3252 http fetch GET 200 https://registry.npmjs.org/fast-deep-equal/-/fast-deep-equal-3.1.3.tgz 4092ms (cache miss)
3253 http fetch GET 200 https://registry.npmjs.org/esutils/-/esutils-2.0.3.tgz 4092ms (cache miss)
3254 http fetch GET 200 https://registry.npmjs.org/is-glob/-/is-glob-4.0.3.tgz 4099ms (cache miss)
3255 http fetch GET 200 https://registry.npmjs.org/glob-parent/-/glob-parent-6.0.2.tgz 4099ms (cache miss)
3256 http fetch GET 200 https://registry.npmjs.org/find-up/-/find-up-5.0.0.tgz 4099ms (cache miss)
3257 http fetch GET 200 https://registry.npmjs.org/file-entry-cache/-/file-entry-cache-8.0.0.tgz 4098ms (cache miss)
3258 http fetch GET 200 https://registry.npmjs.org/natural-compare/-/natural-compare-1.4.0.tgz 4154ms (cache miss)
3259 http fetch GET 200 https://registry.npmjs.org/imurmurhash/-/imurmurhash-0.1.4.tgz 4155ms (cache miss)
3260 http fetch GET 200 https://registry.npmjs.org/ignore/-/ignore-5.3.2.tgz 4154ms (cache miss)
3261 http fetch GET 200 https://registry.npmjs.org/chalk/-/chalk-4.1.2.tgz 4151ms (cache miss)
3262 http fetch GET 200 https://registry.npmjs.org/@types/estree/-/estree-1.0.9.tgz 4154ms (cache miss)
3263 http fetch GET 200 https://registry.npmjs.org/@humanwhocodes/retry/-/retry-0.4.3.tgz 4153ms (cache miss)
3264 http fetch GET 200 https://registry.npmjs.org/@img/sharp-linux-x64/-/sharp-linux-x64-0.34.5.tgz 4307ms (cache miss)
3265 http fetch GET 200 https://registry.npmjs.org/eslint-visitor-keys/-/eslint-visitor-keys-4.2.1.tgz 4228ms (cache miss)
3266 http fetch GET 200 https://registry.npmjs.org/@eslint/js/-/js-9.39.5.tgz 4228ms (cache miss)
3267 http fetch GET 200 https://registry.npmjs.org/arraybuffer.prototype.slice/-/arraybuffer.prototype.slice-1.0.4.tgz 4302ms (cache miss)
3268 http fetch GET 200 https://registry.npmjs.org/cross-spawn/-/cross-spawn-7.0.6.tgz 4276ms (cache miss)
3269 http fetch GET 200 https://registry.npmjs.org/escape-string-regexp/-/escape-string-regexp-4.0.0.tgz 4284ms (cache miss)
3270 http fetch GET 200 https://registry.npmjs.org/@humanwhocodes/module-importer/-/module-importer-1.0.1.tgz 4283ms (cache miss)
3271 http fetch GET 200 https://registry.npmjs.org/eslint-config-next/-/eslint-config-next-16.0.0.tgz 4278ms (cache miss)
3272 http fetch GET 200 https://registry.npmjs.org/@types/react-dom/-/react-dom-19.2.4.tgz 4270ms (cache miss)
3273 http fetch GET 200 https://registry.npmjs.org/eslint-visitor-keys/-/eslint-visitor-keys-5.0.1.tgz 4269ms (cache miss)
3274 http fetch GET 200 https://registry.npmjs.org/doctrine/-/doctrine-2.1.0.tgz 4357ms (cache miss)
3275 http fetch GET 200 https://registry.npmjs.org/balanced-match/-/balanced-match-4.0.4.tgz 4335ms (cache miss)
3276 http fetch GET 200 https://registry.npmjs.org/brace-expansion/-/brace-expansion-5.0.9.tgz 4334ms (cache miss)
3277 http fetch GET 200 https://registry.npmjs.org/regexp.prototype.flags/-/regexp.prototype.flags-1.5.4.tgz 4409ms (cache miss)
3278 http fetch GET 200 https://registry.npmjs.org/@typescript-eslint/types/-/types-8.66.0.tgz 4488ms (cache miss)
3279 http fetch GET 200 https://registry.npmjs.org/emoji-regex/-/emoji-regex-9.2.2.tgz 4431ms (cache miss)
3280 http fetch GET 200 https://registry.npmjs.org/debug/-/debug-4.4.3.tgz 4396ms (cache miss)
3281 http fetch GET 200 https://registry.npmjs.org/ignore/-/ignore-7.0.6.tgz 4399ms (cache miss)
3282 http fetch GET 200 https://registry.npmjs.org/eslint-visitor-keys/-/eslint-visitor-keys-3.4.3.tgz 4408ms (cache miss)
3283 http fetch GET 200 https://registry.npmjs.org/object.groupby/-/object.groupby-1.0.3.tgz 4494ms (cache miss)
3284 http fetch GET 200 https://registry.npmjs.org/@eslint/core/-/core-0.17.0.tgz 4491ms (cache miss)
3285 http fetch GET 200 https://registry.npmjs.org/glob-parent/-/glob-parent-5.1.2.tgz 4483ms (cache miss)
3286 http fetch GET 200 https://registry.npmjs.org/eslint-import-resolver-typescript/-/eslint-import-resolver-typescript-3.10.1.tgz 4548ms (cache miss)
3287 http fetch GET 200 https://registry.npmjs.org/baseline-browser-mapping/-/baseline-browser-mapping-2.11.12.tgz 4710ms (cache miss)
3288 http fetch GET 200 https://registry.npmjs.org/get-tsconfig/-/get-tsconfig-4.14.1.tgz 4688ms (cache miss)
3289 http fetch GET 200 https://registry.npmjs.org/@humanfs/node/-/node-0.16.8.tgz 4722ms (cache miss)
3290 http fetch GET 200 https://registry.npmjs.org/debug/-/debug-3.2.7.tgz 4710ms (cache miss)
3291 http fetch GET 200 https://registry.npmjs.org/debug/-/debug-3.2.7.tgz 4711ms (cache miss)
3292 http fetch GET 200 https://registry.npmjs.org/fdir/-/fdir-6.5.0.tgz 4712ms (cache miss)
3293 http fetch GET 200 https://registry.npmjs.org/debug/-/debug-3.2.7.tgz 4778ms (cache miss)
3294 http fetch GET 200 https://registry.npmjs.org/globals/-/globals-16.4.0.tgz 4777ms (cache miss)
3295 http fetch GET 200 https://registry.npmjs.org/eslint-module-utils/-/eslint-module-utils-2.14.0.tgz 4995ms (cache miss)
3296 http fetch GET 200 https://registry.npmjs.org/espree/-/espree-10.4.0.tgz 4974ms (cache miss)
3297 http fetch GET 200 https://registry.npmjs.org/picomatch/-/picomatch-4.0.5.tgz 4969ms (cache miss)
3298 http fetch GET 200 https://registry.npmjs.org/ts-api-utils/-/ts-api-utils-2.5.0.tgz 5112ms (cache miss)
3299 http fetch GET 200 https://registry.npmjs.org/string.prototype.trimstart/-/string.prototype.trimstart-1.0.8.tgz 4978ms (cache miss)
3300 http fetch GET 200 https://registry.npmjs.org/@nodelib/fs.stat/-/fs.stat-2.0.5.tgz 5095ms (cache miss)
3301 http fetch GET 200 https://registry.npmjs.org/node-exports-info/-/node-exports-info-1.6.2.tgz 5126ms (cache miss)
3302 http fetch GET 200 https://registry.npmjs.org/object.assign/-/object.assign-4.1.7.tgz 5066ms (cache miss)
3303 http fetch GET 200 https://registry.npmjs.org/@emnapi/wasi-threads/-/wasi-threads-1.2.1.tgz 5181ms (cache miss)
3304 http fetch GET 200 https://registry.npmjs.org/@babel/helper-compilation-targets/-/helper-compilation-targets-7.29.7.tgz 5128ms (cache miss)
3305 http fetch GET 200 https://registry.npmjs.org/@humanfs/core/-/core-0.19.2.tgz 5086ms (cache miss)
3306 http fetch GET 200 https://registry.npmjs.org/fast-json-stable-stringify/-/fast-json-stable-stringify-2.1.0.tgz 5087ms (cache miss)
3307 http fetch GET 200 https://registry.npmjs.org/json5/-/json5-1.0.2.tgz 5061ms (cache miss)
3308 http fetch GET 200 https://registry.npmjs.org/zod-validation-error/-/zod-validation-error-4.0.2.tgz 5171ms (cache miss)
3309 http fetch GET 200 https://registry.npmjs.org/@babel/helper-module-transforms/-/helper-module-transforms-7.29.7.tgz 5174ms (cache miss)
3310 http fetch GET 200 https://registry.npmjs.org/sharp 4921ms (cache miss)
3311 silly packumentCache corgi:https://registry.npmjs.org/sharp set size:undefined disposed:false
3312 http fetch GET 200 https://registry.npmjs.org/@babel/template/-/template-7.29.7.tgz 5224ms (cache miss)
3313 http fetch GET 200 https://registry.npmjs.org/@eslint/config-helpers/-/config-helpers-0.4.2.tgz 5169ms (cache miss)
3314 http fetch GET 200 https://registry.npmjs.org/@eslint-community/regexpp/-/regexpp-4.12.2.tgz 5174ms (cache miss)
3315 http fetch GET 200 https://registry.npmjs.org/source-map-js/-/source-map-js-1.2.1.tgz 5288ms (cache miss)
3316 http fetch GET 200 https://registry.npmjs.org/@eslint/plugin-kit/-/plugin-kit-0.4.1.tgz 5185ms (cache miss)
3317 http fetch GET 200 https://registry.npmjs.org/minimist/-/minimist-1.2.8.tgz 5305ms (cache miss)
3318 http fetch GET 200 https://registry.npmjs.org/napi-postinstall/-/napi-postinstall-0.3.4.tgz 5322ms (cache miss)
3319 http fetch GET 200 https://registry.npmjs.org/@eslint-community/eslint-utils/-/eslint-utils-4.10.1.tgz 5200ms (cache miss)
3320 http fetch GET 200 https://registry.npmjs.org/postcss 5006ms (cache miss)
3321 silly packumentCache corgi:https://registry.npmjs.org/postcss set size:undefined disposed:false
3322 http fetch GET 200 https://registry.npmjs.org/hermes-estree/-/hermes-estree-0.25.1.tgz 5362ms (cache miss)
3323 http fetch GET 200 https://registry.npmjs.org/eslint-scope/-/eslint-scope-8.4.0.tgz 5314ms (cache miss)
3324 http fetch GET 200 https://registry.npmjs.org/acorn/-/acorn-8.18.0.tgz 5395ms (cache miss)
3325 http fetch GET 200 https://registry.npmjs.org/@emnapi/runtime/-/runtime-1.11.3.tgz 5455ms (cache miss)
3326 http fetch GET 200 https://registry.npmjs.org/undici-types/-/undici-types-6.21.0.tgz 5339ms (cache miss)
3327 http fetch GET 200 https://registry.npmjs.org/json5/-/json5-2.2.3.tgz 5459ms (cache miss)
3328 http fetch GET 200 https://registry.npmjs.org/@types/react/-/react-19.2.18.tgz 5391ms (cache miss)
3329 http fetch GET 200 https://registry.npmjs.org/@jridgewell/sourcemap-codec/-/sourcemap-codec-1.5.5.tgz 5506ms (cache miss)
3330 http fetch GET 200 https://registry.npmjs.org/@nodelib/fs.scandir/-/fs.scandir-2.1.5.tgz 5524ms (cache miss)
3331 http fetch GET 200 https://registry.npmjs.org/styled-jsx/-/styled-jsx-5.1.6.tgz 5598ms (cache miss)
3332 http fetch GET 200 https://registry.npmjs.org/@jridgewell/remapping/-/remapping-2.3.5.tgz 5594ms (cache miss)
3333 http fetch GET 200 https://registry.npmjs.org/object-inspect/-/object-inspect-1.13.4.tgz 5576ms (cache miss)
3334 http fetch GET 200 https://registry.npmjs.org/@emnapi/runtime/-/runtime-1.10.0.tgz 5525ms (cache miss)
3335 http fetch GET 200 https://registry.npmjs.org/react/-/react-19.2.0.tgz 5550ms (cache miss)
3336 http fetch GET 200 https://registry.npmjs.org/@jridgewell/gen-mapping/-/gen-mapping-0.3.13.tgz 5641ms (cache miss)
3337 http fetch GET 200 https://registry.npmjs.org/csstype/-/csstype-3.2.3.tgz 5603ms (cache miss)
3338 http fetch GET 200 https://registry.npmjs.org/@eslint/config-array/-/config-array-0.21.2.tgz 5639ms (cache miss)
3339 http fetch GET 200 https://registry.npmjs.org/@napi-rs/wasm-runtime/-/wasm-runtime-1.2.2.tgz 5789ms (cache miss)
3340 http fetch GET 200 https://registry.npmjs.org/sharp/-/sharp-0.34.5.tgz 5914ms (cache miss)
3341 http fetch GET 200 https://registry.npmjs.org/esquery/-/esquery-1.7.0.tgz 5826ms (cache miss)
3342 http fetch GET 200 https://registry.npmjs.org/@typescript-eslint/type-utils/-/type-utils-8.66.0.tgz 6090ms (cache miss)
3343 http fetch GET 200 https://registry.npmjs.org/@emnapi/core/-/core-1.10.0.tgz 6098ms (cache miss)
3344 http fetch GET 200 https://registry.npmjs.org/@jridgewell/trace-mapping/-/trace-mapping-0.3.31.tgz 6091ms (cache miss)
3345 http fetch GET 200 https://registry.npmjs.org/language-subtag-registry/-/language-subtag-registry-0.3.23.tgz 6111ms (cache miss)
3346 http fetch GET 200 https://registry.npmjs.org/semver/-/semver-7.8.5.tgz 6033ms (cache miss)
3347 http fetch GET 200 https://registry.npmjs.org/semver/-/semver-7.8.5.tgz 6032ms (cache miss)
3348 http fetch GET 200 https://registry.npmjs.org/postcss/-/postcss-8.4.31.tgz 6162ms (cache miss)
3349 http fetch GET 200 https://registry.npmjs.org/semver/-/semver-7.8.5.tgz 6065ms (cache miss)
3350 http fetch GET 200 https://registry.npmjs.org/@babel/parser/-/parser-7.29.8.tgz 6186ms (cache miss)
3351 http fetch GET 200 https://registry.npmjs.org/@eslint/eslintrc/-/eslintrc-3.3.6.tgz 6166ms (cache miss)
3352 http fetch GET 200 https://registry.npmjs.org/@unrs/resolver-binding-linux-x64-gnu/-/resolver-binding-linux-x64-gnu-1.12.2.tgz 6318ms (cache miss)
3353 http fetch GET 200 https://registry.npmjs.org/js-yaml/-/js-yaml-4.3.1.tgz 6278ms (cache miss)
3354 http fetch GET 200 https://registry.npmjs.org/@babel/generator/-/generator-7.29.8.tgz 6390ms (cache miss)
3355 http fetch GET 200 https://registry.npmjs.org/@tybys/wasm-util/-/wasm-util-0.10.3.tgz 6510ms (cache miss)
3356 http fetch GET 200 https://registry.npmjs.org/hermes-parser/-/hermes-parser-0.25.1.tgz 6494ms (cache miss)
3357 http fetch GET 200 https://registry.npmjs.org/@next/eslint-plugin-next/-/eslint-plugin-next-16.0.0.tgz 6451ms (cache miss)
3358 http fetch GET 200 https://registry.npmjs.org/axe-core/-/axe-core-4.12.1.tgz 6521ms (cache miss)
3359 http fetch GET 200 https://registry.npmjs.org/fast-glob/-/fast-glob-3.3.1.tgz 6527ms (cache miss)
3360 http fetch GET 200 https://registry.npmjs.org/eslint-plugin-react-hooks/-/eslint-plugin-react-hooks-7.1.1.tgz 6530ms (cache miss)
3361 http fetch GET 200 https://registry.npmjs.org/uri-js/-/uri-js-4.4.1.tgz 6604ms (cache miss)
3362 http fetch GET 200 https://registry.npmjs.org/@types/node/-/node-22.20.1.tgz 6578ms (cache miss)
3363 http fetch GET 200 https://registry.npmjs.org/minimatch/-/minimatch-10.2.6.tgz 6589ms (cache miss)
3364 http fetch GET 200 https://registry.npmjs.org/tsconfig-paths/-/tsconfig-paths-3.15.0.tgz 6700ms (cache miss)
3365 http fetch GET 200 https://registry.npmjs.org/@babel/traverse/-/traverse-7.29.8.tgz 6827ms (cache miss)
3366 http fetch GET 200 https://registry.npmjs.org/@typescript-eslint/typescript-estree/-/typescript-estree-8.66.0.tgz 6924ms (cache miss)
3367 http fetch GET 200 https://registry.npmjs.org/@typescript-eslint/utils/-/utils-8.66.0.tgz 7029ms (cache miss)
3368 http fetch GET 200 https://registry.npmjs.org/es-iterator-helpers/-/es-iterator-helpers-1.4.0.tgz 7078ms (cache miss)
3369 http fetch GET 200 https://registry.npmjs.org/ajv/-/ajv-6.15.0.tgz 7155ms (cache miss)
3370 http fetch GET 200 https://registry.npmjs.org/jsx-ast-utils/-/jsx-ast-utils-3.3.5.tgz 7274ms (cache miss)
3371 http fetch GET 200 https://registry.npmjs.org/react-dom/-/react-dom-19.2.0.tgz 7464ms (cache miss)
3372 http fetch GET 200 https://registry.npmjs.org/resolve/-/resolve-2.0.0-next.7.tgz 7498ms (cache miss)
3373 http fetch GET 200 https://registry.npmjs.org/eslint-plugin-import/-/eslint-plugin-import-2.32.0.tgz 8020ms (cache miss)
3374 http fetch GET 200 https://registry.npmjs.org/@babel/core/-/core-7.29.7.tgz 8136ms (cache miss)
3375 http fetch GET 200 https://registry.npmjs.org/axobject-query/-/axobject-query-4.1.0.tgz 8463ms (cache miss)
3376 http fetch GET 200 https://registry.npmjs.org/@babel/types/-/types-7.29.8.tgz 8988ms (cache miss)
3377 http fetch GET 200 https://registry.npmjs.org/@img/sharp-libvips-linux-x64/-/sharp-libvips-linux-x64-1.2.4.tgz 9374ms (cache miss)
3378 http fetch GET 200 https://registry.npmjs.org/@babel/helpers/-/helpers-7.29.7.tgz 9453ms (cache miss)
3379 http fetch GET 200 https://registry.npmjs.org/aria-query/-/aria-query-5.3.2.tgz 9645ms (cache miss)
3380 http fetch GET 200 https://registry.npmjs.org/@swc/helpers/-/helpers-0.5.15.tgz 9722ms (cache miss)
3381 http fetch GET 200 https://registry.npmjs.org/eslint-plugin-jsx-a11y/-/eslint-plugin-jsx-a11y-6.10.2.tgz 9666ms (cache miss)
3382 http fetch GET 200 https://registry.npmjs.org/next 9762ms (cache miss)
3383 silly packumentCache corgi:https://registry.npmjs.org/next set size:undefined disposed:false
3384 http fetch GET 200 https://registry.npmjs.org/@typescript-eslint/scope-manager/-/scope-manager-8.66.0.tgz 15562ms (cache miss)
3385 http fetch GET 200 https://registry.npmjs.org/typescript/-/typescript-5.9.3.tgz 15586ms (cache miss)
3386 http fetch GET 200 https://registry.npmjs.org/eslint-plugin-react/-/eslint-plugin-react-7.37.5.tgz 15644ms (cache miss)
3387 http fetch GET 200 https://registry.npmjs.org/eslint/-/eslint-9.39.5.tgz 15825ms (cache miss)
3388 http fetch GET 200 https://registry.npmjs.org/@typescript-eslint/eslint-plugin/-/eslint-plugin-8.66.0.tgz 16005ms (cache miss)
3389 http fetch GET 200 https://registry.npmjs.org/caniuse-lite/-/caniuse-lite-1.0.30001806.tgz 16584ms (cache miss)
3390 http fetch GET 200 https://registry.npmjs.org/zod/-/zod-4.4.3.tgz 16684ms (cache miss)
3391 http fetch GET 200 https://registry.npmjs.org/es-abstract/-/es-abstract-1.24.2.tgz 17547ms (cache miss)
3392 http fetch GET 200 https://registry.npmjs.org/@next/swc-linux-x64-gnu/-/swc-linux-x64-gnu-16.0.0.tgz 18005ms (cache miss)
3393 http fetch GET 200 https://registry.npmjs.org/next/-/next-16.0.0.tgz 22237ms (cache miss)
3394 warn deprecated next@16.0.0: This version has a security vulnerability. Please upgrade to a patched version. See https://nextjs.org/blog/CVE-2025-66478 for more details.
3395 info run sharp@0.34.5 install node_modules/sharp node install/check.js || npm run build
3396 info run sharp@0.34.5 install { code: 0, signal: null }
3397 info run unrs-resolver@1.12.2 postinstall node_modules/unrs-resolver node postinstall.js
3398 info run unrs-resolver@1.12.2 postinstall { code: 0, signal: null }
3399 silly ADD node_modules/is-weakset
3400 silly ADD node_modules/is-weakmap
3401 silly ADD node_modules/is-map
3402 silly ADD node_modules/generator-function
3403 silly ADD node_modules/async-function
3404 silly ADD node_modules/which-collection
3405 silly ADD node_modules/is-generator-function
3406 silly ADD node_modules/is-finalizationregistry
3407 silly ADD node_modules/is-async-function
3408 silly ADD node_modules/is-number-object
3409 silly ADD node_modules/is-boolean-object
3410 silly ADD node_modules/is-bigint
3411 silly ADD node_modules/isexe
3412 silly ADD node_modules/punycode
3413 silly ADD node_modules/escalade
3414 silly ADD
3415 silly ADD
3416 silly ADD
3417 silly ADD
3418 silly ADD node_modules/napi-postinstall
3419 silly ADD
3420 silly ADD
3421 silly ADD
3422 silly ADD
3423 silly ADD node_modules/@emnapi/runtime
3424 silly ADD
3425 silly ADD
3426 silly ADD node_modules/@unrs/resolver-binding-linux-x64-gnu
3427 silly ADD
3428 silly ADD
3429 silly ADD
3430 silly ADD
3431 silly ADD
3432 silly ADD
3433 silly ADD
3434 silly ADD
3435 silly ADD
3436 silly ADD
3437 silly ADD
3438 silly ADD
3439 silly ADD
3440 silly ADD
3441 silly ADD
3442 silly ADD node_modules/which-boxed-primitive
3443 silly ADD node_modules/has-bigints
3444 silly ADD node_modules/@typescript-eslint/tsconfig-utils
3445 silly ADD node_modules/@typescript-eslint/project-service
3446 silly ADD node_modules/@typescript-eslint/types
3447 silly ADD node_modules/ts-api-utils
3448 silly ADD node_modules/@typescript-eslint/visitor-keys
3449 silly ADD node_modules/@typescript-eslint/visitor-keys/node_modules/eslint-visitor-keys
3450 silly ADD node_modules/@typescript-eslint/type-utils
3451 silly ADD node_modules/@typescript-eslint/scope-manager
3452 silly ADD node_modules/@typescript-eslint/utils
3453 silly ADD node_modules/@typescript-eslint/typescript-estree
3454 silly ADD node_modules/@typescript-eslint/typescript-estree/node_modules/balanced-match
3455 silly ADD node_modules/@typescript-eslint/typescript-estree/node_modules/brace-expansion
3456 silly ADD node_modules/@typescript-eslint/typescript-estree/node_modules/semver
3457 silly ADD node_modules/@typescript-eslint/typescript-estree/node_modules/minimatch
3458 silly ADD node_modules/@typescript-eslint/parser
3459 silly ADD node_modules/@typescript-eslint/eslint-plugin
3460 silly ADD node_modules/@typescript-eslint/eslint-plugin/node_modules/ignore
3461 silly ADD node_modules/which-builtin-type
3462 silly ADD node_modules/reflect.getprototypeof
3463 silly ADD node_modules/for-each
3464 silly ADD node_modules/strip-bom
3465 silly ADD node_modules/minimist
3466 silly ADD node_modules/@types/json5
3467 silly ADD node_modules/is-number
3468 silly ADD node_modules/has-flag
3469 silly ADD node_modules/client-only
3470 silly ADD node_modules/side-channel-weakmap
3471 silly ADD node_modules/side-channel-map
3472 silly ADD node_modules/side-channel-list
3473 silly ADD node_modules/shebang-regex
3474 silly ADD node_modules/@emnapi/runtime
3475 silly ADD node_modules/detect-libc
3476 silly ADD
3477 silly ADD
3478 silly ADD
3479 silly ADD
3480 silly ADD
3481 silly ADD
3482 silly ADD node_modules/@img/sharp-linux-x64
3483 silly ADD
3484 silly ADD
3485 silly ADD
3486 silly ADD
3487 silly ADD
3488 silly ADD
3489 silly ADD
3490 silly ADD node_modules/@img/sharp-libvips-linux-x64
3491 silly ADD
3492 silly ADD
3493 silly ADD
3494 silly ADD
3495 silly ADD
3496 silly ADD
3497 silly ADD
3498 silly ADD
3499 silly ADD
3500 silly ADD node_modules/@img/colour
3501 silly ADD node_modules/isarray
3502 silly ADD node_modules/queue-microtask
3503 silly ADD node_modules/supports-preserve-symlinks-flag
3504 silly ADD node_modules/path-parse
3505 silly ADD node_modules/node-exports-info
3506 silly ADD node_modules/scheduler
3507 silly ADD node_modules/react-is
3508 silly ADD node_modules/object-assign
3509 silly ADD node_modules/loose-envify
3510 silly ADD node_modules/source-map-js
3511 silly ADD node_modules/nanoid
3512 silly ADD node_modules/callsites
3513 silly ADD node_modules/yocto-queue
3514 silly ADD node_modules/p-limit
3515 silly ADD node_modules/word-wrap
3516 silly ADD node_modules/fast-levenshtein
3517 silly ADD node_modules/deep-is
3518 silly ADD node_modules/tslib
3519 silly ADD node_modules/styled-jsx
3520 silly ADD node_modules/sharp
3521 silly ADD node_modules/sharp/node_modules/semver
3522 silly ADD node_modules/postcss
3523 silly ADD node_modules/@swc/helpers
3524 silly ADD
3525 silly ADD
3526 silly ADD
3527 silly ADD node_modules/@next/swc-linux-x64-gnu
3528 silly ADD
3529 silly ADD
3530 silly ADD
3531 silly ADD
3532 silly ADD node_modules/@next/env
3533 silly ADD node_modules/concat-map
3534 silly ADD node_modules/balanced-match
3535 silly ADD node_modules/brace-expansion
3536 silly ADD node_modules/to-regex-range
3537 silly ADD node_modules/fill-range
3538 silly ADD node_modules/picomatch
3539 silly ADD node_modules/braces
3540 silly ADD node_modules/yallist
3541 silly ADD node_modules/p-locate
3542 silly ADD node_modules/type-check
3543 silly ADD node_modules/prelude-ls
3544 silly ADD node_modules/language-subtag-registry
3545 silly ADD node_modules/json-buffer
3546 silly ADD node_modules/argparse
3547 silly ADD node_modules/set-function-name
3548 silly ADD node_modules/is-extglob
3549 silly ADD node_modules/side-channel
3550 silly ADD node_modules/resolve-from
3551 silly ADD node_modules/parent-module
3552 silly ADD node_modules/hermes-estree
3553 silly ADD node_modules/resolve-pkg-maps
3554 silly ADD node_modules/dunder-proto
3555 silly ADD node_modules/is-document.all
3556 silly ADD node_modules/functions-have-names
3557 silly ADD node_modules/keyv
3558 silly ADD node_modules/flatted
3559 silly ADD node_modules/path-exists
3560 silly ADD node_modules/locate-path
3561 silly ADD node_modules/flat-cache
3562 silly ADD node_modules/reusify
3563 silly ADD node_modules/run-parallel
3564 silly ADD node_modules/fastq
3565 silly ADD node_modules/@nodelib/fs.scandir
3566 silly ADD node_modules/micromatch
3567 silly ADD node_modules/merge2
3568 silly ADD node_modules/@nodelib/fs.walk
3569 silly ADD node_modules/@nodelib/fs.stat
3570 silly ADD node_modules/acorn-jsx
3571 silly ADD node_modules/acorn
3572 silly ADD node_modules/esrecurse
3573 silly ADD node_modules/update-browserslist-db
3574 silly ADD node_modules/node-releases
3575 silly ADD node_modules/electron-to-chromium
3576 silly ADD node_modules/caniuse-lite
3577 silly ADD node_modules/baseline-browser-mapping
3578 silly ADD node_modules/@jridgewell/resolve-uri
3579 silly ADD node_modules/@jridgewell/sourcemap-codec
3580 silly ADD node_modules/@babel/helper-string-parser
3581 silly ADD node_modules/@babel/helper-globals
3582 silly ADD node_modules/@babel/helper-module-imports
3583 silly ADD node_modules/lru-cache
3584 silly ADD node_modules/browserslist
3585 silly ADD node_modules/@babel/helper-validator-option
3586 silly ADD node_modules/@babel/compat-data
3587 silly ADD node_modules/jsesc
3588 silly ADD node_modules/@jridgewell/trace-mapping
3589 silly ADD node_modules/@jridgewell/gen-mapping
3590 silly ADD node_modules/picocolors
3591 silly ADD node_modules/js-tokens
3592 silly ADD node_modules/@babel/helper-validator-identifier
3593 silly ADD node_modules/json5
3594 silly ADD node_modules/gensync
3595 silly ADD node_modules/convert-source-map
3596 silly ADD node_modules/@jridgewell/remapping
3597 silly ADD node_modules/@babel/types
3598 silly ADD node_modules/@babel/traverse
3599 silly ADD node_modules/@babel/template
3600 silly ADD node_modules/@babel/helpers
3601 silly ADD node_modules/@babel/helper-module-transforms
3602 silly ADD node_modules/@babel/helper-compilation-targets
3603 silly ADD node_modules/@babel/generator
3604 silly ADD node_modules/@babel/code-frame
3605 silly ADD node_modules/zod-validation-error
3606 silly ADD node_modules/zod
3607 silly ADD node_modules/hermes-parser
3608 silly ADD node_modules/@babel/parser
3609 silly ADD node_modules/@babel/core
3610 silly ADD node_modules/iterator.prototype
3611 silly ADD node_modules/string.prototype.repeat
3612 silly ADD node_modules/string.prototype.matchall
3613 silly ADD node_modules/prop-types
3614 silly ADD node_modules/object.entries
3615 silly ADD node_modules/estraverse
3616 silly ADD node_modules/es-iterator-helpers
3617 silly ADD node_modules/array.prototype.tosorted
3618 silly ADD node_modules/array.prototype.findlast
3619 silly ADD node_modules/string.prototype.includes
3620 silly ADD node_modules/language-tags
3621 silly ADD node_modules/jsx-ast-utils
3622 silly ADD node_modules/emoji-regex
3623 silly ADD node_modules/damerau-levenshtein
3624 silly ADD node_modules/axobject-query
3625 silly ADD node_modules/axe-core
3626 silly ADD node_modules/ast-types-flow
3627 silly ADD node_modules/aria-query
3628 silly ADD node_modules/is-symbol
3629 silly ADD node_modules/is-date-object
3630 silly ADD node_modules/es-abstract-get
3631 silly ADD node_modules/has-tostringtag
3632 silly ADD node_modules/possible-typed-array-names
3633 silly ADD node_modules/which-typed-array
3634 silly ADD node_modules/unbox-primitive
3635 silly ADD node_modules/typed-array-length
3636 silly ADD node_modules/typed-array-byte-offset
3637 silly ADD node_modules/typed-array-byte-length
3638 silly ADD node_modules/typed-array-buffer
3639 silly ADD node_modules/string.prototype.trimstart
3640 silly ADD node_modules/string.prototype.trim
3641 silly ADD node_modules/stop-iteration-iterator
3642 silly ADD node_modules/set-proto
3643 silly ADD node_modules/safe-regex-test
3644 silly ADD node_modules/safe-push-apply
3645 silly ADD node_modules/safe-array-concat
3646 silly ADD node_modules/regexp.prototype.flags
3647 silly ADD node_modules/own-keys
3648 silly ADD node_modules/object.assign
3649 silly ADD node_modules/object-inspect
3650 silly ADD node_modules/is-weakref
3651 silly ADD node_modules/is-typed-array
3652 silly ADD node_modules/is-shared-array-buffer
3653 silly ADD node_modules/is-set
3654 silly ADD node_modules/is-regex
3655 silly ADD node_modules/is-negative-zero
3656 silly ADD node_modules/is-data-view
3657 silly ADD node_modules/is-callable
3658 silly ADD node_modules/is-array-buffer
3659 silly ADD node_modules/internal-slot
3660 silly ADD node_modules/has-symbols
3661 silly ADD node_modules/has-proto
3662 silly ADD node_modules/globalthis
3663 silly ADD node_modules/get-symbol-description
3664 silly ADD node_modules/get-proto
3665 silly ADD node_modules/function.prototype.name
3666 silly ADD node_modules/es-to-primitive
3667 silly ADD node_modules/es-set-tostringtag
3668 silly ADD node_modules/data-view-byte-offset
3669 silly ADD node_modules/data-view-byte-length
3670 silly ADD node_modules/data-view-buffer
3671 silly ADD node_modules/available-typed-arrays
3672 silly ADD node_modules/arraybuffer.prototype.slice
3673 silly ADD node_modules/array-buffer-byte-length
3674 silly ADD node_modules/gopd
3675 silly ADD node_modules/object-keys
3676 silly ADD node_modules/has-property-descriptors
3677 silly ADD node_modules/define-data-property
3678 silly ADD node_modules/function-bind
3679 silly ADD node_modules/set-function-length
3680 silly ADD node_modules/es-define-property
3681 silly ADD node_modules/call-bind-apply-helpers
3682 silly ADD node_modules/es-shim-unscopables
3683 silly ADD node_modules/es-errors
3684 silly ADD node_modules/math-intrinsics
3685 silly ADD node_modules/is-string
3686 silly ADD node_modules/get-intrinsic
3687 silly ADD node_modules/es-object-atoms
3688 silly ADD node_modules/es-abstract
3689 silly ADD node_modules/define-properties
3690 silly ADD node_modules/call-bound
3691 silly ADD node_modules/call-bind
3692 silly ADD node_modules/tsconfig-paths
3693 silly ADD node_modules/tsconfig-paths/node_modules/json5
3694 silly ADD node_modules/string.prototype.trimend
3695 silly ADD node_modules/semver
3696 silly ADD node_modules/object.values
3697 silly ADD node_modules/object.groupby
3698 silly ADD node_modules/object.fromentries
3699 silly ADD node_modules/hasown
3700 silly ADD node_modules/eslint-module-utils
3701 silly ADD node_modules/eslint-module-utils/node_modules/debug
3702 silly ADD node_modules/doctrine
3703 silly ADD node_modules/array.prototype.flatmap
3704 silly ADD node_modules/array.prototype.flat
3705 silly ADD node_modules/array.prototype.findlastindex
3706 silly ADD node_modules/array-includes
3707 silly ADD node_modules/@rtsao/scc
3708 silly ADD node_modules/unrs-resolver
3709 silly ADD node_modules/tinyglobby
3710 silly ADD node_modules/tinyglobby/node_modules/picomatch
3711 silly ADD node_modules/tinyglobby/node_modules/fdir
3712 silly ADD node_modules/stable-hash
3713 silly ADD node_modules/is-bun-module
3714 silly ADD node_modules/is-bun-module/node_modules/semver
3715 silly ADD node_modules/get-tsconfig
3716 silly ADD node_modules/@nolyfill/is-core-module
3717 silly ADD node_modules/resolve
3718 silly ADD node_modules/is-core-module
3719 silly ADD node_modules/fast-glob
3720 silly ADD node_modules/fast-glob/node_modules/glob-parent
3721 silly ADD node_modules/typescript-eslint
3722 silly ADD node_modules/eslint-plugin-react-hooks
3723 silly ADD node_modules/eslint-plugin-react
3724 silly ADD node_modules/eslint-plugin-jsx-a11y
3725 silly ADD node_modules/eslint-plugin-import
3726 silly ADD node_modules/eslint-plugin-import/node_modules/debug
3727 silly ADD node_modules/eslint-import-resolver-typescript
3728 silly ADD node_modules/eslint-import-resolver-node
3729 silly ADD node_modules/eslint-import-resolver-node/node_modules/debug
3730 silly ADD node_modules/@next/eslint-plugin-next
3731 silly ADD node_modules/ms
3732 silly ADD node_modules/which
3733 silly ADD node_modules/shebang-command
3734 silly ADD node_modules/path-key
3735 silly ADD node_modules/color-name
3736 silly ADD node_modules/color-convert
3737 silly ADD node_modules/supports-color
3738 silly ADD node_modules/ansi-styles
3739 silly ADD node_modules/uri-js
3740 silly ADD node_modules/json-schema-traverse
3741 silly ADD node_modules/fast-json-stable-stringify
3742 silly ADD node_modules/@humanfs/types
3743 silly ADD node_modules/@humanfs/core
3744 silly ADD node_modules/levn
3745 silly ADD node_modules/strip-json-comments
3746 silly ADD node_modules/js-yaml
3747 silly ADD node_modules/import-fresh
3748 silly ADD node_modules/globals
3749 silly ADD node_modules/@types/json-schema
3750 silly ADD node_modules/@eslint/object-schema
3751 silly ADD node_modules/optionator
3752 silly ADD node_modules/natural-compare
3753 silly ADD node_modules/minimatch
3754 silly ADD node_modules/lodash.merge
3755 silly ADD node_modules/json-stable-stringify-without-jsonify
3756 silly ADD node_modules/is-glob
3757 silly ADD node_modules/imurmurhash
3758 silly ADD node_modules/ignore
3759 silly ADD node_modules/glob-parent
3760 silly ADD node_modules/find-up
3761 silly ADD node_modules/file-entry-cache
3762 silly ADD node_modules/fast-deep-equal
3763 silly ADD node_modules/esutils
3764 silly ADD node_modules/esquery
3765 silly ADD node_modules/espree
3766 silly ADD node_modules/eslint-visitor-keys
3767 silly ADD node_modules/eslint-scope
3768 silly ADD node_modules/escape-string-regexp
3769 silly ADD node_modules/debug
3770 silly ADD node_modules/cross-spawn
3771 silly ADD node_modules/chalk
3772 silly ADD node_modules/ajv
3773 silly ADD node_modules/@types/estree
3774 silly ADD node_modules/@humanwhocodes/retry
3775 silly ADD node_modules/@humanwhocodes/module-importer
3776 silly ADD node_modules/@humanfs/node
3777 silly ADD node_modules/@eslint/plugin-kit
3778 silly ADD node_modules/@eslint/js
3779 silly ADD node_modules/@eslint/eslintrc
3780 silly ADD node_modules/@eslint/core
3781 silly ADD node_modules/@eslint/config-helpers
3782 silly ADD node_modules/@eslint/config-array
3783 silly ADD node_modules/@eslint-community/regexpp
3784 silly ADD node_modules/@eslint-community/eslint-utils
3785 silly ADD node_modules/@eslint-community/eslint-utils/node_modules/eslint-visitor-keys
3786 silly ADD node_modules/csstype
3787 silly ADD node_modules/undici-types
3788 silly ADD node_modules/typescript
3789 silly ADD node_modules/react-dom
3790 silly ADD node_modules/react
3791 silly ADD node_modules/next
3792 silly ADD node_modules/eslint-config-next
3793 silly ADD node_modules/eslint-config-next/node_modules/globals
3794 silly ADD node_modules/eslint
3795 silly ADD node_modules/@types/react-dom
3796 silly ADD node_modules/@types/react
3797 silly ADD node_modules/@types/node
3798 verbose cwd /home/sandbox
3799 verbose os Linux 4.14.355-284.741.amzn2.x86_64
3800 verbose node v22.23.2
3801 verbose npm  v10.9.8
3802 verbose exit 0
3803 info ok
